-20,-5,wkgEqyV6/0/tMK3syFXV4TORtb4=,wDuMLjI8xcV2mjl3wyMiH9lDc2Q=
-21,-5,wkgEqyV6/0/tMK3syFXV4TORtb4=,wDuMLjI8xcV2mjl3wyMiH9lDc2Q=
-18,-1,wkgEqyV6/0/tMK3syFXV4TORtb4=,wDuMLjI8xcV2mjl3wyMiH9lDc2Q=
-19,-6,wkgEqyV6/0/tMK3syFXV4TORtb4=,wDuMLjI8xcV2mjl3wyMiH9lDc2Q=
-21,-8,wkgEqyV6/0/tMK3syFXV4TORtb4=,wDuMLjI8xcV2mjl3wyMiH9lDc2Q=
-22,-8,wkgEqyV6/0/tMK3syFXV4TORtb4=,wDuMLjI8xcV2mjl3wyMiH9lDc2Q=
-17,-7,wkgEqyV6/0/tMK3syFXV4TORtb4=,wDuMLjI8xcV2mjl3wyMiH9lDc2Q=
-18,-8,wkgEqyV6/0/tMK3syFXV4TORtb4=,wDuMLjI8xcV2mjl3wyMiH9lDc2Q=
-17,-8,wkgEqyV6/0/tMK3syFXV4TORtb4=,wDuMLjI8xcV2mjl3wyMiH9lDc2Q=
-23,-7,wkgEqyV6/0/tMK3syFXV4TORtb4=,wDuMLjI8xcV2mjl3wyMiH9lDc2Q=
-19,-8,wkgEqyV6/0/tMK3syFXV4TORtb4=,wDuMLjI8xcV2mjl3wyMiH9lDc2Q=
-20,-8,wkgEqyV6/0/tMK3syFXV4TORtb4=,wDuMLjI8xcV2mjl3wyMiH9lDc2Q=
-23,-8,wkgEqyV6/0/tMK3syFXV4TORtb4=,wDuMLjI8xcV2mjl3wyMiH9lDc2Q=
-22,-5,wkgEqyV6/0/tMK3syFXV4TORtb4=,wDuMLjI8xcV2mjl3wyMiH9lDc2Q=
-18,-7,wkgEqyV6/0/tMK3syFXV4TORtb4=,wDuMLjI8xcV2mjl3wyMiH9lDc2Q=
-19,-1,wkgEqyV6/0/tMK3syFXV4TORtb4=,wDuMLjI8xcV2mjl3wyMiH9lDc2Q=
-17,-1,wkgEqyV6/0/tMK3syFXV4TORtb4=,wDuMLjI8xcV2mjl3wyMiH9lDc2Q=
-23,-1,wkgEqyV6/0/tMK3syFXV4TORtb4=,wDuMLjI8xcV2mjl3wyMiH9lDc2Q=
-22,-1,wkgEqyV6/0/tMK3syFXV4TORtb4=,wDuMLjI8xcV2mjl3wyMiH9lDc2Q=
-20,-1,wkgEqyV6/0/tMK3syFXV4TORtb4=,wDuMLjI8xcV2mjl3wyMiH9lDc2Q=
-21,-1,wkgEqyV6/0/tMK3syFXV4TORtb4=,wDuMLjI8xcV2mjl3wyMiH9lDc2Q=
-20,-2,wkgEqyV6/0/tMK3syFXV4TORtb4=,wDuMLjI8xcV2mjl3wyMiH9lDc2Q=
-18,-2,wkgEqyV6/0/tMK3syFXV4TORtb4=,wDuMLjI8xcV2mjl3wyMiH9lDc2Q=
-20,-6,wkgEqyV6/0/tMK3syFXV4TORtb4=,wDuMLjI8xcV2mjl3wyMiH9lDc2Q=
-19,-2,wkgEqyV6/0/tMK3syFXV4TORtb4=,wDuMLjI8xcV2mjl3wyMiH9lDc2Q=
-19,-7,wkgEqyV6/0/tMK3syFXV4TORtb4=,wDuMLjI8xcV2mjl3wyMiH9lDc2Q=
-17,-2,wkgEqyV6/0/tMK3syFXV4TORtb4=,wDuMLjI8xcV2mjl3wyMiH9lDc2Q=
-21,-2,wkgEqyV6/0/tMK3syFXV4TORtb4=,wDuMLjI8xcV2mjl3wyMiH9lDc2Q=
-22,-2,wkgEqyV6/0/tMK3syFXV4TORtb4=,wDuMLjI8xcV2mjl3wyMiH9lDc2Q=
-21,-6,wkgEqyV6/0/tMK3syFXV4TORtb4=,wDuMLjI8xcV2mjl3wyMiH9lDc2Q=
-23,-2,wkgEqyV6/0/tMK3syFXV4TORtb4=,wDuMLjI8xcV2mjl3wyMiH9lDc2Q=
-20,-3,wkgEqyV6/0/tMK3syFXV4TORtb4=,wDuMLjI8xcV2mjl3wyMiH9lDc2Q=
-23,-5,wkgEqyV6/0/tMK3syFXV4TORtb4=,wDuMLjI8xcV2mjl3wyMiH9lDc2Q=
-17,-3,wkgEqyV6/0/tMK3syFXV4TORtb4=,wDuMLjI8xcV2mjl3wyMiH9lDc2Q=
-21,-3,wkgEqyV6/0/tMK3syFXV4TORtb4=,wDuMLjI8xcV2mjl3wyMiH9lDc2Q=
-17,-6,wkgEqyV6/0/tMK3syFXV4TORtb4=,wDuMLjI8xcV2mjl3wyMiH9lDc2Q=
-22,-6,wkgEqyV6/0/tMK3syFXV4TORtb4=,wDuMLjI8xcV2mjl3wyMiH9lDc2Q=
-22,-3,wkgEqyV6/0/tMK3syFXV4TORtb4=,wDuMLjI8xcV2mjl3wyMiH9lDc2Q=
-18,-6,wkgEqyV6/0/tMK3syFXV4TORtb4=,wDuMLjI8xcV2mjl3wyMiH9lDc2Q=
-20,-7,wkgEqyV6/0/tMK3syFXV4TORtb4=,wDuMLjI8xcV2mjl3wyMiH9lDc2Q=
-23,-3,wkgEqyV6/0/tMK3syFXV4TORtb4=,wDuMLjI8xcV2mjl3wyMiH9lDc2Q=
-21,-7,wkgEqyV6/0/tMK3syFXV4TORtb4=,wDuMLjI8xcV2mjl3wyMiH9lDc2Q=
-17,-4,wkgEqyV6/0/tMK3syFXV4TORtb4=,wDuMLjI8xcV2mjl3wyMiH9lDc2Q=
-18,-4,wkgEqyV6/0/tMK3syFXV4TORtb4=,wDuMLjI8xcV2mjl3wyMiH9lDc2Q=
-19,-4,wkgEqyV6/0/tMK3syFXV4TORtb4=,wDuMLjI8xcV2mjl3wyMiH9lDc2Q=
-21,-4,wkgEqyV6/0/tMK3syFXV4TORtb4=,wDuMLjI8xcV2mjl3wyMiH9lDc2Q=
-19,-3,wkgEqyV6/0/tMK3syFXV4TORtb4=,wDuMLjI8xcV2mjl3wyMiH9lDc2Q=
-22,-4,wkgEqyV6/0/tMK3syFXV4TORtb4=,wDuMLjI8xcV2mjl3wyMiH9lDc2Q=
-20,-4,wkgEqyV6/0/tMK3syFXV4TORtb4=,wDuMLjI8xcV2mjl3wyMiH9lDc2Q=
-18,-3,wkgEqyV6/0/tMK3syFXV4TORtb4=,wDuMLjI8xcV2mjl3wyMiH9lDc2Q=
-23,-6,wkgEqyV6/0/tMK3syFXV4TORtb4=,wDuMLjI8xcV2mjl3wyMiH9lDc2Q=
-22,-7,wkgEqyV6/0/tMK3syFXV4TORtb4=,wDuMLjI8xcV2mjl3wyMiH9lDc2Q=
-23,-4,wkgEqyV6/0/tMK3syFXV4TORtb4=,wDuMLjI8xcV2mjl3wyMiH9lDc2Q=
-17,-5,wkgEqyV6/0/tMK3syFXV4TORtb4=,wDuMLjI8xcV2mjl3wyMiH9lDc2Q=
-18,-5,wkgEqyV6/0/tMK3syFXV4TORtb4=,wDuMLjI8xcV2mjl3wyMiH9lDc2Q=
-28,-5,wkgEqyV6/0/tMK3syFXV4TORtb4=,UfXhLK7rJ8uyBVm2V45qyjkIjEQ=
-24,-8,wkgEqyV6/0/tMK3syFXV4TORtb4=,wDuMLjI8xcV2mjl3wyMiH9lDc2Q=
-19,-5,wkgEqyV6/0/tMK3syFXV4TORtb4=,wDuMLjI8xcV2mjl3wyMiH9lDc2Q=
-24,-6,wkgEqyV6/0/tMK3syFXV4TORtb4=,wDuMLjI8xcV2mjl3wyMiH9lDc2Q=
-24,-4,wkgEqyV6/0/tMK3syFXV4TORtb4=,wDuMLjI8xcV2mjl3wyMiH9lDc2Q=
-27,-5,wkgEqyV6/0/tMK3syFXV4TORtb4=,UfXhLK7rJ8uyBVm2V45qyjkIjEQ=
-26,-5,wkgEqyV6/0/tMK3syFXV4TORtb4=,UfXhLK7rJ8uyBVm2V45qyjkIjEQ=
-24,-3,wkgEqyV6/0/tMK3syFXV4TORtb4=,wDuMLjI8xcV2mjl3wyMiH9lDc2Q=
-32,-4,wkgEqyV6/0/tMK3syFXV4TORtb4=,UfXhLK7rJ8uyBVm2V45qyjkIjEQ=
-31,-4,wkgEqyV6/0/tMK3syFXV4TORtb4=,UfXhLK7rJ8uyBVm2V45qyjkIjEQ=
-25,-5,wkgEqyV6/0/tMK3syFXV4TORtb4=,UfXhLK7rJ8uyBVm2V45qyjkIjEQ=
-31,-5,wkgEqyV6/0/tMK3syFXV4TORtb4=,UfXhLK7rJ8uyBVm2V45qyjkIjEQ=
-25,-1,wkgEqyV6/0/tMK3syFXV4TORtb4=,UfXhLK7rJ8uyBVm2V45qyjkIjEQ=
-32,-5,wkgEqyV6/0/tMK3syFXV4TORtb4=,UfXhLK7rJ8uyBVm2V45qyjkIjEQ=
-25,-6,wkgEqyV6/0/tMK3syFXV4TORtb4=,UfXhLK7rJ8uyBVm2V45qyjkIjEQ=
-26,-6,wkgEqyV6/0/tMK3syFXV4TORtb4=,UfXhLK7rJ8uyBVm2V45qyjkIjEQ=
-32,-1,wkgEqyV6/0/tMK3syFXV4TORtb4=,UfXhLK7rJ8uyBVm2V45qyjkIjEQ=
-27,-6,wkgEqyV6/0/tMK3syFXV4TORtb4=,UfXhLK7rJ8uyBVm2V45qyjkIjEQ=
-25,-2,wkgEqyV6/0/tMK3syFXV4TORtb4=,UfXhLK7rJ8uyBVm2V45qyjkIjEQ=
-31,-1,wkgEqyV6/0/tMK3syFXV4TORtb4=,UfXhLK7rJ8uyBVm2V45qyjkIjEQ=
-27,-2,wkgEqyV6/0/tMK3syFXV4TORtb4=,UfXhLK7rJ8uyBVm2V45qyjkIjEQ=
-26,-2,wkgEqyV6/0/tMK3syFXV4TORtb4=,UfXhLK7rJ8uyBVm2V45qyjkIjEQ=
-27,-1,wkgEqyV6/0/tMK3syFXV4TORtb4=,UfXhLK7rJ8uyBVm2V45qyjkIjEQ=
-28,-1,wkgEqyV6/0/tMK3syFXV4TORtb4=,UfXhLK7rJ8uyBVm2V45qyjkIjEQ=
-31,-2,wkgEqyV6/0/tMK3syFXV4TORtb4=,UfXhLK7rJ8uyBVm2V45qyjkIjEQ=
-25,-3,wkgEqyV6/0/tMK3syFXV4TORtb4=,UfXhLK7rJ8uyBVm2V45qyjkIjEQ=
-32,-2,wkgEqyV6/0/tMK3syFXV4TORtb4=,UfXhLK7rJ8uyBVm2V45qyjkIjEQ=
-31,-6,wkgEqyV6/0/tMK3syFXV4TORtb4=,UfXhLK7rJ8uyBVm2V45qyjkIjEQ=
-25,-7,wkgEqyV6/0/tMK3syFXV4TORtb4=,UfXhLK7rJ8uyBVm2V45qyjkIjEQ=
-32,-6,wkgEqyV6/0/tMK3syFXV4TORtb4=,UfXhLK7rJ8uyBVm2V45qyjkIjEQ=
-27,-7,wkgEqyV6/0/tMK3syFXV4TORtb4=,UfXhLK7rJ8uyBVm2V45qyjkIjEQ=
-26,-7,wkgEqyV6/0/tMK3syFXV4TORtb4=,UfXhLK7rJ8uyBVm2V45qyjkIjEQ=
-28,-2,wkgEqyV6/0/tMK3syFXV4TORtb4=,UfXhLK7rJ8uyBVm2V45qyjkIjEQ=
-26,-1,wkgEqyV6/0/tMK3syFXV4TORtb4=,UfXhLK7rJ8uyBVm2V45qyjkIjEQ=
-26,-3,wkgEqyV6/0/tMK3syFXV4TORtb4=,UfXhLK7rJ8uyBVm2V45qyjkIjEQ=
-30,-4,wkgEqyV6/0/tMK3syFXV4TORtb4=,UfXhLK7rJ8uyBVm2V45qyjkIjEQ=
-28,-7,wkgEqyV6/0/tMK3syFXV4TORtb4=,UfXhLK7rJ8uyBVm2V45qyjkIjEQ=
-29,-1,wkgEqyV6/0/tMK3syFXV4TORtb4=,UfXhLK7rJ8uyBVm2V45qyjkIjEQ=
-32,-7,wkgEqyV6/0/tMK3syFXV4TORtb4=,UfXhLK7rJ8uyBVm2V45qyjkIjEQ=
-25,-8,wkgEqyV6/0/tMK3syFXV4TORtb4=,UfXhLK7rJ8uyBVm2V45qyjkIjEQ=
-27,-8,wkgEqyV6/0/tMK3syFXV4TORtb4=,UfXhLK7rJ8uyBVm2V45qyjkIjEQ=
-26,-8,wkgEqyV6/0/tMK3syFXV4TORtb4=,UfXhLK7rJ8uyBVm2V45qyjkIjEQ=
-27,-3,wkgEqyV6/0/tMK3syFXV4TORtb4=,UfXhLK7rJ8uyBVm2V45qyjkIjEQ=
-28,-8,wkgEqyV6/0/tMK3syFXV4TORtb4=,UfXhLK7rJ8uyBVm2V45qyjkIjEQ=
-28,-6,wkgEqyV6/0/tMK3syFXV4TORtb4=,UfXhLK7rJ8uyBVm2V45qyjkIjEQ=
-31,-8,wkgEqyV6/0/tMK3syFXV4TORtb4=,UfXhLK7rJ8uyBVm2V45qyjkIjEQ=
-31,-7,wkgEqyV6/0/tMK3syFXV4TORtb4=,UfXhLK7rJ8uyBVm2V45qyjkIjEQ=
-32,-8,wkgEqyV6/0/tMK3syFXV4TORtb4=,UfXhLK7rJ8uyBVm2V45qyjkIjEQ=
-30,-1,wkgEqyV6/0/tMK3syFXV4TORtb4=,UfXhLK7rJ8uyBVm2V45qyjkIjEQ=
-24,-7,wkgEqyV6/0/tMK3syFXV4TORtb4=,wDuMLjI8xcV2mjl3wyMiH9lDc2Q=
-24,-5,wkgEqyV6/0/tMK3syFXV4TORtb4=,wDuMLjI8xcV2mjl3wyMiH9lDc2Q=
-24,-2,wkgEqyV6/0/tMK3syFXV4TORtb4=,wDuMLjI8xcV2mjl3wyMiH9lDc2Q=
-29,-8,wkgEqyV6/0/tMK3syFXV4TORtb4=,UfXhLK7rJ8uyBVm2V45qyjkIjEQ=
-31,-3,wkgEqyV6/0/tMK3syFXV4TORtb4=,UfXhLK7rJ8uyBVm2V45qyjkIjEQ=
-32,-3,wkgEqyV6/0/tMK3syFXV4TORtb4=,UfXhLK7rJ8uyBVm2V45qyjkIjEQ=
-25,-4,wkgEqyV6/0/tMK3syFXV4TORtb4=,UfXhLK7rJ8uyBVm2V45qyjkIjEQ=
-26,-4,wkgEqyV6/0/tMK3syFXV4TORtb4=,UfXhLK7rJ8uyBVm2V45qyjkIjEQ=
-27,-4,wkgEqyV6/0/tMK3syFXV4TORtb4=,UfXhLK7rJ8uyBVm2V45qyjkIjEQ=
-28,-3,wkgEqyV6/0/tMK3syFXV4TORtb4=,UfXhLK7rJ8uyBVm2V45qyjkIjEQ=
-29,-2,wkgEqyV6/0/tMK3syFXV4TORtb4=,UfXhLK7rJ8uyBVm2V45qyjkIjEQ=
-30,-8,wkgEqyV6/0/tMK3syFXV4TORtb4=,UfXhLK7rJ8uyBVm2V45qyjkIjEQ=
-28,-4,wkgEqyV6/0/tMK3syFXV4TORtb4=,UfXhLK7rJ8uyBVm2V45qyjkIjEQ=
-30,-2,wkgEqyV6/0/tMK3syFXV4TORtb4=,UfXhLK7rJ8uyBVm2V45qyjkIjEQ=
-29,-5,wkgEqyV6/0/tMK3syFXV4TORtb4=,UfXhLK7rJ8uyBVm2V45qyjkIjEQ=
-29,-4,wkgEqyV6/0/tMK3syFXV4TORtb4=,UfXhLK7rJ8uyBVm2V45qyjkIjEQ=
-29,-3,wkgEqyV6/0/tMK3syFXV4TORtb4=,UfXhLK7rJ8uyBVm2V45qyjkIjEQ=
-24,-1,wkgEqyV6/0/tMK3syFXV4TORtb4=,wDuMLjI8xcV2mjl3wyMiH9lDc2Q=
-30,-5,wkgEqyV6/0/tMK3syFXV4TORtb4=,UfXhLK7rJ8uyBVm2V45qyjkIjEQ=
-30,-3,wkgEqyV6/0/tMK3syFXV4TORtb4=,UfXhLK7rJ8uyBVm2V45qyjkIjEQ=
-29,-6,wkgEqyV6/0/tMK3syFXV4TORtb4=,UfXhLK7rJ8uyBVm2V45qyjkIjEQ=
-30,-6,wkgEqyV6/0/tMK3syFXV4TORtb4=,UfXhLK7rJ8uyBVm2V45qyjkIjEQ=
-29,-7,wkgEqyV6/0/tMK3syFXV4TORtb4=,UfXhLK7rJ8uyBVm2V45qyjkIjEQ=
-30,-7,wkgEqyV6/0/tMK3syFXV4TORtb4=,UfXhLK7rJ8uyBVm2V45qyjkIjEQ=
-4,-11,Y0anUw982tBkLFBGkO9Zoml+L98=,Ma/oXCMQbwul6dYkdlNQDpFmbrs=
-5,-11,Y0anUw982tBkLFBGkO9Zoml+L98=,Ma/oXCMQbwul6dYkdlNQDpFmbrs=
-6,-11,Y0anUw982tBkLFBGkO9Zoml+L98=,Ma/oXCMQbwul6dYkdlNQDpFmbrs=
-7,-11,Y0anUw982tBkLFBGkO9Zoml+L98=,Ma/oXCMQbwul6dYkdlNQDpFmbrs=
-8,-11,Y0anUw982tBkLFBGkO9Zoml+L98=,Ma/oXCMQbwul6dYkdlNQDpFmbrs=
-2,-12,Y0anUw982tBkLFBGkO9Zoml+L98=,Ma/oXCMQbwul6dYkdlNQDpFmbrs=
-4,-12,Y0anUw982tBkLFBGkO9Zoml+L98=,Ma/oXCMQbwul6dYkdlNQDpFmbrs=
-3,-12,Y0anUw982tBkLFBGkO9Zoml+L98=,Ma/oXCMQbwul6dYkdlNQDpFmbrs=
-5,-12,Y0anUw982tBkLFBGkO9Zoml+L98=,Ma/oXCMQbwul6dYkdlNQDpFmbrs=
-6,-12,Y0anUw982tBkLFBGkO9Zoml+L98=,Ma/oXCMQbwul6dYkdlNQDpFmbrs=
-7,-12,Y0anUw982tBkLFBGkO9Zoml+L98=,Ma/oXCMQbwul6dYkdlNQDpFmbrs=
-8,-12,Y0anUw982tBkLFBGkO9Zoml+L98=,Ma/oXCMQbwul6dYkdlNQDpFmbrs=
-1,-12,Y0anUw982tBkLFBGkO9Zoml+L98=,Ma/oXCMQbwul6dYkdlNQDpFmbrs=
-2,-13,Y0anUw982tBkLFBGkO9Zoml+L98=,Ma/oXCMQbwul6dYkdlNQDpFmbrs=
-3,-13,Y0anUw982tBkLFBGkO9Zoml+L98=,Ma/oXCMQbwul6dYkdlNQDpFmbrs=
-4,-13,Y0anUw982tBkLFBGkO9Zoml+L98=,Ma/oXCMQbwul6dYkdlNQDpFmbrs=
-5,-13,Y0anUw982tBkLFBGkO9Zoml+L98=,Ma/oXCMQbwul6dYkdlNQDpFmbrs=
-6,-13,Y0anUw982tBkLFBGkO9Zoml+L98=,Ma/oXCMQbwul6dYkdlNQDpFmbrs=
-7,-13,Y0anUw982tBkLFBGkO9Zoml+L98=,Ma/oXCMQbwul6dYkdlNQDpFmbrs=
-8,-13,Y0anUw982tBkLFBGkO9Zoml+L98=,Ma/oXCMQbwul6dYkdlNQDpFmbrs=
-1,-13,Y0anUw982tBkLFBGkO9Zoml+L98=,Ma/oXCMQbwul6dYkdlNQDpFmbrs=
-2,-14,iA/hHwP78CQVp1nTekhDDm3KnoI=,Ma/oXCMQbwul6dYkdlNQDpFmbrs=
-3,-14,iA/hHwP78CQVp1nTekhDDm3KnoI=,Ma/oXCMQbwul6dYkdlNQDpFmbrs=
-4,-14,iA/hHwP78CQVp1nTekhDDm3KnoI=,Ma/oXCMQbwul6dYkdlNQDpFmbrs=
-5,-14,iA/hHwP78CQVp1nTekhDDm3KnoI=,Ma/oXCMQbwul6dYkdlNQDpFmbrs=
-1,-14,iA/hHwP78CQVp1nTekhDDm3KnoI=,Ma/oXCMQbwul6dYkdlNQDpFmbrs=
-6,-14,iA/hHwP78CQVp1nTekhDDm3KnoI=,Ma/oXCMQbwul6dYkdlNQDpFmbrs=
-7,-14,iA/hHwP78CQVp1nTekhDDm3KnoI=,Ma/oXCMQbwul6dYkdlNQDpFmbrs=
-8,-14,iA/hHwP78CQVp1nTekhDDm3KnoI=,Ma/oXCMQbwul6dYkdlNQDpFmbrs=
-2,-15,iA/hHwP78CQVp1nTekhDDm3KnoI=,Ma/oXCMQbwul6dYkdlNQDpFmbrs=
-3,-15,iA/hHwP78CQVp1nTekhDDm3KnoI=,Ma/oXCMQbwul6dYkdlNQDpFmbrs=
-4,-15,iA/hHwP78CQVp1nTekhDDm3KnoI=,Ma/oXCMQbwul6dYkdlNQDpFmbrs=
-5,-15,iA/hHwP78CQVp1nTekhDDm3KnoI=,Ma/oXCMQbwul6dYkdlNQDpFmbrs=
-6,-15,iA/hHwP78CQVp1nTekhDDm3KnoI=,Ma/oXCMQbwul6dYkdlNQDpFmbrs=
-7,-15,iA/hHwP78CQVp1nTekhDDm3KnoI=,Ma/oXCMQbwul6dYkdlNQDpFmbrs=
-1,-15,iA/hHwP78CQVp1nTekhDDm3KnoI=,Ma/oXCMQbwul6dYkdlNQDpFmbrs=
-8,-15,iA/hHwP78CQVp1nTekhDDm3KnoI=,Ma/oXCMQbwul6dYkdlNQDpFmbrs=
-4,-10,iA/hHwP78CQVp1nTekhDDm3KnoI=,Ma/oXCMQbwul6dYkdlNQDpFmbrs=
-5,-10,iA/hHwP78CQVp1nTekhDDm3KnoI=,Ma/oXCMQbwul6dYkdlNQDpFmbrs=
-6,-10,iA/hHwP78CQVp1nTekhDDm3KnoI=,Ma/oXCMQbwul6dYkdlNQDpFmbrs=
-7,-10,iA/hHwP78CQVp1nTekhDDm3KnoI=,Ma/oXCMQbwul6dYkdlNQDpFmbrs=
-8,-10,iA/hHwP78CQVp1nTekhDDm3KnoI=,Ma/oXCMQbwul6dYkdlNQDpFmbrs=
-2,-16,iA/hHwP78CQVp1nTekhDDm3KnoI=,Ma/oXCMQbwul6dYkdlNQDpFmbrs=
-3,-16,iA/hHwP78CQVp1nTekhDDm3KnoI=,Ma/oXCMQbwul6dYkdlNQDpFmbrs=
-4,-16,iA/hHwP78CQVp1nTekhDDm3KnoI=,Ma/oXCMQbwul6dYkdlNQDpFmbrs=
-5,-16,iA/hHwP78CQVp1nTekhDDm3KnoI=,Ma/oXCMQbwul6dYkdlNQDpFmbrs=
-6,-16,iA/hHwP78CQVp1nTekhDDm3KnoI=,Ma/oXCMQbwul6dYkdlNQDpFmbrs=
-3,-11,iA/hHwP78CQVp1nTekhDDm3KnoI=,Ma/oXCMQbwul6dYkdlNQDpFmbrs=
-7,-16,iA/hHwP78CQVp1nTekhDDm3KnoI=,Ma/oXCMQbwul6dYkdlNQDpFmbrs=
-8,-16,iA/hHwP78CQVp1nTekhDDm3KnoI=,Ma/oXCMQbwul6dYkdlNQDpFmbrs=
-2,-10,iA/hHwP78CQVp1nTekhDDm3KnoI=,Ma/oXCMQbwul6dYkdlNQDpFmbrs=
-1,-10,iA/hHwP78CQVp1nTekhDDm3KnoI=,Ma/oXCMQbwul6dYkdlNQDpFmbrs=
-2,-11,iA/hHwP78CQVp1nTekhDDm3KnoI=,Ma/oXCMQbwul6dYkdlNQDpFmbrs=
-3,-10,iA/hHwP78CQVp1nTekhDDm3KnoI=,Ma/oXCMQbwul6dYkdlNQDpFmbrs=
-1,-11,iA/hHwP78CQVp1nTekhDDm3KnoI=,Ma/oXCMQbwul6dYkdlNQDpFmbrs=
-1,-16,iA/hHwP78CQVp1nTekhDDm3KnoI=,Ma/oXCMQbwul6dYkdlNQDpFmbrs=
-12,-5,iA/hHwP78CQVp1nTekhDDm3KnoI=,hn7OvN0f2uPFipgo3tSSfyW5vyA=
-11,-5,iA/hHwP78CQVp1nTekhDDm3KnoI=,hn7OvN0f2uPFipgo3tSSfyW5vyA=
-10,-5,iA/hHwP78CQVp1nTekhDDm3KnoI=,hn7OvN0f2uPFipgo3tSSfyW5vyA=
-16,-4,iA/hHwP78CQVp1nTekhDDm3KnoI=,hn7OvN0f2uPFipgo3tSSfyW5vyA=
-14,-4,iA/hHwP78CQVp1nTekhDDm3KnoI=,hn7OvN0f2uPFipgo3tSSfyW5vyA=
-15,-4,iA/hHwP78CQVp1nTekhDDm3KnoI=,hn7OvN0f2uPFipgo3tSSfyW5vyA=
-13,-4,iA/hHwP78CQVp1nTekhDDm3KnoI=,hn7OvN0f2uPFipgo3tSSfyW5vyA=
-12,-4,iA/hHwP78CQVp1nTekhDDm3KnoI=,hn7OvN0f2uPFipgo3tSSfyW5vyA=
-11,-4,iA/hHwP78CQVp1nTekhDDm3KnoI=,hn7OvN0f2uPFipgo3tSSfyW5vyA=
-10,-4,iA/hHwP78CQVp1nTekhDDm3KnoI=,hn7OvN0f2uPFipgo3tSSfyW5vyA=
-13,-5,iA/hHwP78CQVp1nTekhDDm3KnoI=,hn7OvN0f2uPFipgo3tSSfyW5vyA=
-16,-3,iA/hHwP78CQVp1nTekhDDm3KnoI=,hn7OvN0f2uPFipgo3tSSfyW5vyA=
-14,-5,iA/hHwP78CQVp1nTekhDDm3KnoI=,hn7OvN0f2uPFipgo3tSSfyW5vyA=
-12,-1,iA/hHwP78CQVp1nTekhDDm3KnoI=,hn7OvN0f2uPFipgo3tSSfyW5vyA=
-15,-5,iA/hHwP78CQVp1nTekhDDm3KnoI=,hn7OvN0f2uPFipgo3tSSfyW5vyA=
-16,-5,iA/hHwP78CQVp1nTekhDDm3KnoI=,hn7OvN0f2uPFipgo3tSSfyW5vyA=
-11,-1,iA/hHwP78CQVp1nTekhDDm3KnoI=,hn7OvN0f2uPFipgo3tSSfyW5vyA=
-15,-3,iA/hHwP78CQVp1nTekhDDm3KnoI=,hn7OvN0f2uPFipgo3tSSfyW5vyA=
-14,-3,iA/hHwP78CQVp1nTekhDDm3KnoI=,hn7OvN0f2uPFipgo3tSSfyW5vyA=
-10,-1,iA/hHwP78CQVp1nTekhDDm3KnoI=,hn7OvN0f2uPFipgo3tSSfyW5vyA=
-13,-1,iA/hHwP78CQVp1nTekhDDm3KnoI=,hn7OvN0f2uPFipgo3tSSfyW5vyA=
-11,-6,iA/hHwP78CQVp1nTekhDDm3KnoI=,hn7OvN0f2uPFipgo3tSSfyW5vyA=
-12,-6,iA/hHwP78CQVp1nTekhDDm3KnoI=,hn7OvN0f2uPFipgo3tSSfyW5vyA=
-10,-6,iA/hHwP78CQVp1nTekhDDm3KnoI=,hn7OvN0f2uPFipgo3tSSfyW5vyA=
-13,-6,iA/hHwP78CQVp1nTekhDDm3KnoI=,hn7OvN0f2uPFipgo3tSSfyW5vyA=
-13,-3,iA/hHwP78CQVp1nTekhDDm3KnoI=,hn7OvN0f2uPFipgo3tSSfyW5vyA=
-14,-6,iA/hHwP78CQVp1nTekhDDm3KnoI=,hn7OvN0f2uPFipgo3tSSfyW5vyA=
-15,-6,iA/hHwP78CQVp1nTekhDDm3KnoI=,hn7OvN0f2uPFipgo3tSSfyW5vyA=
-16,-6,iA/hHwP78CQVp1nTekhDDm3KnoI=,hn7OvN0f2uPFipgo3tSSfyW5vyA=
-10,-7,iA/hHwP78CQVp1nTekhDDm3KnoI=,hn7OvN0f2uPFipgo3tSSfyW5vyA=
-12,-7,iA/hHwP78CQVp1nTekhDDm3KnoI=,hn7OvN0f2uPFipgo3tSSfyW5vyA=
-11,-7,iA/hHwP78CQVp1nTekhDDm3KnoI=,hn7OvN0f2uPFipgo3tSSfyW5vyA=
-14,-1,iA/hHwP78CQVp1nTekhDDm3KnoI=,hn7OvN0f2uPFipgo3tSSfyW5vyA=
-13,-7,iA/hHwP78CQVp1nTekhDDm3KnoI=,hn7OvN0f2uPFipgo3tSSfyW5vyA=
-15,-7,iA/hHwP78CQVp1nTekhDDm3KnoI=,hn7OvN0f2uPFipgo3tSSfyW5vyA=
-14,-7,iA/hHwP78CQVp1nTekhDDm3KnoI=,hn7OvN0f2uPFipgo3tSSfyW5vyA=
-16,-7,iA/hHwP78CQVp1nTekhDDm3KnoI=,hn7OvN0f2uPFipgo3tSSfyW5vyA=
-11,-8,iA/hHwP78CQVp1nTekhDDm3KnoI=,hn7OvN0f2uPFipgo3tSSfyW5vyA=
-12,-8,iA/hHwP78CQVp1nTekhDDm3KnoI=,hn7OvN0f2uPFipgo3tSSfyW5vyA=
-15,-1,iA/hHwP78CQVp1nTekhDDm3KnoI=,hn7OvN0f2uPFipgo3tSSfyW5vyA=
-10,-8,iA/hHwP78CQVp1nTekhDDm3KnoI=,hn7OvN0f2uPFipgo3tSSfyW5vyA=
-13,-8,iA/hHwP78CQVp1nTekhDDm3KnoI=,hn7OvN0f2uPFipgo3tSSfyW5vyA=
-15,-8,iA/hHwP78CQVp1nTekhDDm3KnoI=,hn7OvN0f2uPFipgo3tSSfyW5vyA=
-10,-3,iA/hHwP78CQVp1nTekhDDm3KnoI=,hn7OvN0f2uPFipgo3tSSfyW5vyA=
-14,-8,iA/hHwP78CQVp1nTekhDDm3KnoI=,hn7OvN0f2uPFipgo3tSSfyW5vyA=
-11,-2,iA/hHwP78CQVp1nTekhDDm3KnoI=,hn7OvN0f2uPFipgo3tSSfyW5vyA=
-16,-8,iA/hHwP78CQVp1nTekhDDm3KnoI=,hn7OvN0f2uPFipgo3tSSfyW5vyA=
-13,-2,iA/hHwP78CQVp1nTekhDDm3KnoI=,hn7OvN0f2uPFipgo3tSSfyW5vyA=
-10,-2,iA/hHwP78CQVp1nTekhDDm3KnoI=,hn7OvN0f2uPFipgo3tSSfyW5vyA=
-12,-2,iA/hHwP78CQVp1nTekhDDm3KnoI=,hn7OvN0f2uPFipgo3tSSfyW5vyA=
-12,-3,iA/hHwP78CQVp1nTekhDDm3KnoI=,hn7OvN0f2uPFipgo3tSSfyW5vyA=
-14,-2,iA/hHwP78CQVp1nTekhDDm3KnoI=,hn7OvN0f2uPFipgo3tSSfyW5vyA=
-11,-3,iA/hHwP78CQVp1nTekhDDm3KnoI=,hn7OvN0f2uPFipgo3tSSfyW5vyA=
-16,-1,iA/hHwP78CQVp1nTekhDDm3KnoI=,hn7OvN0f2uPFipgo3tSSfyW5vyA=
-15,-2,iA/hHwP78CQVp1nTekhDDm3KnoI=,hn7OvN0f2uPFipgo3tSSfyW5vyA=
-16,-2,iA/hHwP78CQVp1nTekhDDm3KnoI=,hn7OvN0f2uPFipgo3tSSfyW5vyA=
-8,-6,iA/hHwP78CQVp1nTekhDDm3KnoI=,pwKUz9+x87aLK3MeYBtZznrk/nQ=
-9,-6,iA/hHwP78CQVp1nTekhDDm3KnoI=,hn7OvN0f2uPFipgo3tSSfyW5vyA=
-9,-7,iA/hHwP78CQVp1nTekhDDm3KnoI=,hn7OvN0f2uPFipgo3tSSfyW5vyA=
-1,-7,iA/hHwP78CQVp1nTekhDDm3KnoI=,pwKUz9+x87aLK3MeYBtZznrk/nQ=
-5,-3,iA/hHwP78CQVp1nTekhDDm3KnoI=,pwKUz9+x87aLK3MeYBtZznrk/nQ=
-9,-1,iA/hHwP78CQVp1nTekhDDm3KnoI=,hn7OvN0f2uPFipgo3tSSfyW5vyA=
-9,-8,iA/hHwP78CQVp1nTekhDDm3KnoI=,hn7OvN0f2uPFipgo3tSSfyW5vyA=
-9,-2,iA/hHwP78CQVp1nTekhDDm3KnoI=,hn7OvN0f2uPFipgo3tSSfyW5vyA=
-5,-4,iA/hHwP78CQVp1nTekhDDm3KnoI=,pwKUz9+x87aLK3MeYBtZznrk/nQ=
-6,-7,iA/hHwP78CQVp1nTekhDDm3KnoI=,pwKUz9+x87aLK3MeYBtZznrk/nQ=
-3,-4,iA/hHwP78CQVp1nTekhDDm3KnoI=,pwKUz9+x87aLK3MeYBtZznrk/nQ=
-4,-4,iA/hHwP78CQVp1nTekhDDm3KnoI=,pwKUz9+x87aLK3MeYBtZznrk/nQ=
-4,-1,iA/hHwP78CQVp1nTekhDDm3KnoI=,pwKUz9+x87aLK3MeYBtZznrk/nQ=
-6,-3,iA/hHwP78CQVp1nTekhDDm3KnoI=,pwKUz9+x87aLK3MeYBtZznrk/nQ=
-6,-1,iA/hHwP78CQVp1nTekhDDm3KnoI=,pwKUz9+x87aLK3MeYBtZznrk/nQ=
-6,-4,iA/hHwP78CQVp1nTekhDDm3KnoI=,pwKUz9+x87aLK3MeYBtZznrk/nQ=
-8,-7,iA/hHwP78CQVp1nTekhDDm3KnoI=,pwKUz9+x87aLK3MeYBtZznrk/nQ=
-2,-7,iA/hHwP78CQVp1nTekhDDm3KnoI=,pwKUz9+x87aLK3MeYBtZznrk/nQ=
-4,-3,iA/hHwP78CQVp1nTekhDDm3KnoI=,pwKUz9+x87aLK3MeYBtZznrk/nQ=
-5,-1,iA/hHwP78CQVp1nTekhDDm3KnoI=,pwKUz9+x87aLK3MeYBtZznrk/nQ=
-7,-3,iA/hHwP78CQVp1nTekhDDm3KnoI=,pwKUz9+x87aLK3MeYBtZznrk/nQ=
-4,-8,iA/hHwP78CQVp1nTekhDDm3KnoI=,pwKUz9+x87aLK3MeYBtZznrk/nQ=
-2,-4,iA/hHwP78CQVp1nTekhDDm3KnoI=,pwKUz9+x87aLK3MeYBtZznrk/nQ=
-7,-7,iA/hHwP78CQVp1nTekhDDm3KnoI=,pwKUz9+x87aLK3MeYBtZznrk/nQ=
-5,-9,iA/hHwP78CQVp1nTekhDDm3KnoI=,Ma/oXCMQbwul6dYkdlNQDpFmbrs=
-1,-9,iA/hHwP78CQVp1nTekhDDm3KnoI=,Ma/oXCMQbwul6dYkdlNQDpFmbrs=
-9,-4,iA/hHwP78CQVp1nTekhDDm3KnoI=,hn7OvN0f2uPFipgo3tSSfyW5vyA=
-7,-4,iA/hHwP78CQVp1nTekhDDm3KnoI=,pwKUz9+x87aLK3MeYBtZznrk/nQ=
-9,-3,iA/hHwP78CQVp1nTekhDDm3KnoI=,hn7OvN0f2uPFipgo3tSSfyW5vyA=
-6,-9,iA/hHwP78CQVp1nTekhDDm3KnoI=,Ma/oXCMQbwul6dYkdlNQDpFmbrs=
-8,-1,iA/hHwP78CQVp1nTekhDDm3KnoI=,pwKUz9+x87aLK3MeYBtZznrk/nQ=
-8,-5,iA/hHwP78CQVp1nTekhDDm3KnoI=,pwKUz9+x87aLK3MeYBtZznrk/nQ=
-1,-8,iA/hHwP78CQVp1nTekhDDm3KnoI=,pwKUz9+x87aLK3MeYBtZznrk/nQ=
-8,-3,iA/hHwP78CQVp1nTekhDDm3KnoI=,pwKUz9+x87aLK3MeYBtZznrk/nQ=
-7,-9,iA/hHwP78CQVp1nTekhDDm3KnoI=,Ma/oXCMQbwul6dYkdlNQDpFmbrs=
-2,-9,iA/hHwP78CQVp1nTekhDDm3KnoI=,Ma/oXCMQbwul6dYkdlNQDpFmbrs=
-7,-1,iA/hHwP78CQVp1nTekhDDm3KnoI=,pwKUz9+x87aLK3MeYBtZznrk/nQ=
-3,-1,iA/hHwP78CQVp1nTekhDDm3KnoI=,pwKUz9+x87aLK3MeYBtZznrk/nQ=
-1,-2,iA/hHwP78CQVp1nTekhDDm3KnoI=,pwKUz9+x87aLK3MeYBtZznrk/nQ=
-4,-9,iA/hHwP78CQVp1nTekhDDm3KnoI=,Ma/oXCMQbwul6dYkdlNQDpFmbrs=
-8,-9,iA/hHwP78CQVp1nTekhDDm3KnoI=,Ma/oXCMQbwul6dYkdlNQDpFmbrs=
-2,-2,iA/hHwP78CQVp1nTekhDDm3KnoI=,pwKUz9+x87aLK3MeYBtZznrk/nQ=
-6,-5,iA/hHwP78CQVp1nTekhDDm3KnoI=,pwKUz9+x87aLK3MeYBtZznrk/nQ=
-8,-4,iA/hHwP78CQVp1nTekhDDm3KnoI=,pwKUz9+x87aLK3MeYBtZznrk/nQ=
-3,-9,iA/hHwP78CQVp1nTekhDDm3KnoI=,Ma/oXCMQbwul6dYkdlNQDpFmbrs=
-5,-2,iA/hHwP78CQVp1nTekhDDm3KnoI=,pwKUz9+x87aLK3MeYBtZznrk/nQ=
-4,-2,iA/hHwP78CQVp1nTekhDDm3KnoI=,pwKUz9+x87aLK3MeYBtZznrk/nQ=
-2,-8,iA/hHwP78CQVp1nTekhDDm3KnoI=,pwKUz9+x87aLK3MeYBtZznrk/nQ=
-3,-2,iA/hHwP78CQVp1nTekhDDm3KnoI=,pwKUz9+x87aLK3MeYBtZznrk/nQ=
-2,-5,iA/hHwP78CQVp1nTekhDDm3KnoI=,pwKUz9+x87aLK3MeYBtZznrk/nQ=
-5,-8,iA/hHwP78CQVp1nTekhDDm3KnoI=,pwKUz9+x87aLK3MeYBtZznrk/nQ=
-7,-6,iA/hHwP78CQVp1nTekhDDm3KnoI=,pwKUz9+x87aLK3MeYBtZznrk/nQ=
-3,-5,iA/hHwP78CQVp1nTekhDDm3KnoI=,pwKUz9+x87aLK3MeYBtZznrk/nQ=
-1,-3,iA/hHwP78CQVp1nTekhDDm3KnoI=,pwKUz9+x87aLK3MeYBtZznrk/nQ=
-7,-5,iA/hHwP78CQVp1nTekhDDm3KnoI=,pwKUz9+x87aLK3MeYBtZznrk/nQ=
-8,-2,iA/hHwP78CQVp1nTekhDDm3KnoI=,pwKUz9+x87aLK3MeYBtZznrk/nQ=
-4,-5,iA/hHwP78CQVp1nTekhDDm3KnoI=,pwKUz9+x87aLK3MeYBtZznrk/nQ=
-6,-8,iA/hHwP78CQVp1nTekhDDm3KnoI=,pwKUz9+x87aLK3MeYBtZznrk/nQ=
-5,-5,iA/hHwP78CQVp1nTekhDDm3KnoI=,pwKUz9+x87aLK3MeYBtZznrk/nQ=
-7,-8,iA/hHwP78CQVp1nTekhDDm3KnoI=,pwKUz9+x87aLK3MeYBtZznrk/nQ=
-9,-5,iA/hHwP78CQVp1nTekhDDm3KnoI=,hn7OvN0f2uPFipgo3tSSfyW5vyA=
-6,-6,iA/hHwP78CQVp1nTekhDDm3KnoI=,pwKUz9+x87aLK3MeYBtZznrk/nQ=
-8,-8,iA/hHwP78CQVp1nTekhDDm3KnoI=,pwKUz9+x87aLK3MeYBtZznrk/nQ=
-7,-2,iA/hHwP78CQVp1nTekhDDm3KnoI=,pwKUz9+x87aLK3MeYBtZznrk/nQ=
-2,-1,iA/hHwP78CQVp1nTekhDDm3KnoI=,pwKUz9+x87aLK3MeYBtZznrk/nQ=
-1,-6,iA/hHwP78CQVp1nTekhDDm3KnoI=,pwKUz9+x87aLK3MeYBtZznrk/nQ=
-3,-6,iA/hHwP78CQVp1nTekhDDm3KnoI=,pwKUz9+x87aLK3MeYBtZznrk/nQ=
-4,-6,iA/hHwP78CQVp1nTekhDDm3KnoI=,pwKUz9+x87aLK3MeYBtZznrk/nQ=
-2,-6,iA/hHwP78CQVp1nTekhDDm3KnoI=,pwKUz9+x87aLK3MeYBtZznrk/nQ=
-1,-4,iA/hHwP78CQVp1nTekhDDm3KnoI=,pwKUz9+x87aLK3MeYBtZznrk/nQ=
-6,-2,iA/hHwP78CQVp1nTekhDDm3KnoI=,pwKUz9+x87aLK3MeYBtZznrk/nQ=
-3,-7,iA/hHwP78CQVp1nTekhDDm3KnoI=,pwKUz9+x87aLK3MeYBtZznrk/nQ=
-5,-6,iA/hHwP78CQVp1nTekhDDm3KnoI=,pwKUz9+x87aLK3MeYBtZznrk/nQ=
-5,-7,iA/hHwP78CQVp1nTekhDDm3KnoI=,pwKUz9+x87aLK3MeYBtZznrk/nQ=
-2,-3,iA/hHwP78CQVp1nTekhDDm3KnoI=,pwKUz9+x87aLK3MeYBtZznrk/nQ=
-4,-7,iA/hHwP78CQVp1nTekhDDm3KnoI=,pwKUz9+x87aLK3MeYBtZznrk/nQ=
-1,-5,iA/hHwP78CQVp1nTekhDDm3KnoI=,pwKUz9+x87aLK3MeYBtZznrk/nQ=
-3,-8,iA/hHwP78CQVp1nTekhDDm3KnoI=,pwKUz9+x87aLK3MeYBtZznrk/nQ=
-3,-3,iA/hHwP78CQVp1nTekhDDm3KnoI=,pwKUz9+x87aLK3MeYBtZznrk/nQ=
-1,-1,iA/hHwP78CQVp1nTekhDDm3KnoI=,pwKUz9+x87aLK3MeYBtZznrk/nQ=
-2,-20,iA/hHwP78CQVp1nTekhDDm3KnoI=,HoOr5zLXOJP4OQcCQ5PZ6Z5gX3M=
-2,-21,iA/hHwP78CQVp1nTekhDDm3KnoI=,HoOr5zLXOJP4OQcCQ5PZ6Z5gX3M=
-1,-21,iA/hHwP78CQVp1nTekhDDm3KnoI=,HoOr5zLXOJP4OQcCQ5PZ6Z5gX3M=
-4,-19,iA/hHwP78CQVp1nTekhDDm3KnoI=,HoOr5zLXOJP4OQcCQ5PZ6Z5gX3M=
-4,-17,iA/hHwP78CQVp1nTekhDDm3KnoI=,HoOr5zLXOJP4OQcCQ5PZ6Z5gX3M=
-8,-20,iA/hHwP78CQVp1nTekhDDm3KnoI=,HoOr5zLXOJP4OQcCQ5PZ6Z5gX3M=
-5,-19,iA/hHwP78CQVp1nTekhDDm3KnoI=,HoOr5zLXOJP4OQcCQ5PZ6Z5gX3M=
-6,-19,iA/hHwP78CQVp1nTekhDDm3KnoI=,HoOr5zLXOJP4OQcCQ5PZ6Z5gX3M=
-7,-20,iA/hHwP78CQVp1nTekhDDm3KnoI=,HoOr5zLXOJP4OQcCQ5PZ6Z5gX3M=
-7,-19,iA/hHwP78CQVp1nTekhDDm3KnoI=,HoOr5zLXOJP4OQcCQ5PZ6Z5gX3M=
-8,-19,iA/hHwP78CQVp1nTekhDDm3KnoI=,HoOr5zLXOJP4OQcCQ5PZ6Z5gX3M=
-8,-24,iA/hHwP78CQVp1nTekhDDm3KnoI=,HoOr5zLXOJP4OQcCQ5PZ6Z5gX3M=
-1,-20,iA/hHwP78CQVp1nTekhDDm3KnoI=,HoOr5zLXOJP4OQcCQ5PZ6Z5gX3M=
-3,-17,iA/hHwP78CQVp1nTekhDDm3KnoI=,HoOr5zLXOJP4OQcCQ5PZ6Z5gX3M=
-8,-22,iA/hHwP78CQVp1nTekhDDm3KnoI=,HoOr5zLXOJP4OQcCQ5PZ6Z5gX3M=
-4,-24,iA/hHwP78CQVp1nTekhDDm3KnoI=,HoOr5zLXOJP4OQcCQ5PZ6Z5gX3M=
-5,-17,iA/hHwP78CQVp1nTekhDDm3KnoI=,HoOr5zLXOJP4OQcCQ5PZ6Z5gX3M=
-2,-17,iA/hHwP78CQVp1nTekhDDm3KnoI=,HoOr5zLXOJP4OQcCQ5PZ6Z5gX3M=
-7,-24,iA/hHwP78CQVp1nTekhDDm3KnoI=,HoOr5zLXOJP4OQcCQ5PZ6Z5gX3M=
-3,-20,iA/hHwP78CQVp1nTekhDDm3KnoI=,HoOr5zLXOJP4OQcCQ5PZ6Z5gX3M=
-8,-21,iA/hHwP78CQVp1nTekhDDm3KnoI=,HoOr5zLXOJP4OQcCQ5PZ6Z5gX3M=
-3,-24,iA/hHwP78CQVp1nTekhDDm3KnoI=,HoOr5zLXOJP4OQcCQ5PZ6Z5gX3M=
-1,-23,iA/hHwP78CQVp1nTekhDDm3KnoI=,HoOr5zLXOJP4OQcCQ5PZ6Z5gX3M=
-2,-24,iA/hHwP78CQVp1nTekhDDm3KnoI=,HoOr5zLXOJP4OQcCQ5PZ6Z5gX3M=
-4,-20,iA/hHwP78CQVp1nTekhDDm3KnoI=,HoOr5zLXOJP4OQcCQ5PZ6Z5gX3M=
-2,-23,iA/hHwP78CQVp1nTekhDDm3KnoI=,HoOr5zLXOJP4OQcCQ5PZ6Z5gX3M=
-1,-24,iA/hHwP78CQVp1nTekhDDm3KnoI=,HoOr5zLXOJP4OQcCQ5PZ6Z5gX3M=
-6,-17,iA/hHwP78CQVp1nTekhDDm3KnoI=,HoOr5zLXOJP4OQcCQ5PZ6Z5gX3M=
-8,-23,iA/hHwP78CQVp1nTekhDDm3KnoI=,HoOr5zLXOJP4OQcCQ5PZ6Z5gX3M=
-8,-17,iA/hHwP78CQVp1nTekhDDm3KnoI=,HoOr5zLXOJP4OQcCQ5PZ6Z5gX3M=
-1,-18,iA/hHwP78CQVp1nTekhDDm3KnoI=,HoOr5zLXOJP4OQcCQ5PZ6Z5gX3M=
-7,-23,iA/hHwP78CQVp1nTekhDDm3KnoI=,HoOr5zLXOJP4OQcCQ5PZ6Z5gX3M=
-7,-17,iA/hHwP78CQVp1nTekhDDm3KnoI=,HoOr5zLXOJP4OQcCQ5PZ6Z5gX3M=
-2,-18,iA/hHwP78CQVp1nTekhDDm3KnoI=,HoOr5zLXOJP4OQcCQ5PZ6Z5gX3M=
-5,-20,iA/hHwP78CQVp1nTekhDDm3KnoI=,HoOr5zLXOJP4OQcCQ5PZ6Z5gX3M=
-6,-23,iA/hHwP78CQVp1nTekhDDm3KnoI=,HoOr5zLXOJP4OQcCQ5PZ6Z5gX3M=
-3,-18,iA/hHwP78CQVp1nTekhDDm3KnoI=,HoOr5zLXOJP4OQcCQ5PZ6Z5gX3M=
-4,-18,iA/hHwP78CQVp1nTekhDDm3KnoI=,HoOr5zLXOJP4OQcCQ5PZ6Z5gX3M=
-5,-24,iA/hHwP78CQVp1nTekhDDm3KnoI=,HoOr5zLXOJP4OQcCQ5PZ6Z5gX3M=
-3,-23,iA/hHwP78CQVp1nTekhDDm3KnoI=,HoOr5zLXOJP4OQcCQ5PZ6Z5gX3M=
-1,-22,iA/hHwP78CQVp1nTekhDDm3KnoI=,HoOr5zLXOJP4OQcCQ5PZ6Z5gX3M=
-5,-18,iA/hHwP78CQVp1nTekhDDm3KnoI=,HoOr5zLXOJP4OQcCQ5PZ6Z5gX3M=
-2,-22,iA/hHwP78CQVp1nTekhDDm3KnoI=,HoOr5zLXOJP4OQcCQ5PZ6Z5gX3M=
-6,-20,iA/hHwP78CQVp1nTekhDDm3KnoI=,HoOr5zLXOJP4OQcCQ5PZ6Z5gX3M=
-6,-18,iA/hHwP78CQVp1nTekhDDm3KnoI=,HoOr5zLXOJP4OQcCQ5PZ6Z5gX3M=
-3,-22,iA/hHwP78CQVp1nTekhDDm3KnoI=,HoOr5zLXOJP4OQcCQ5PZ6Z5gX3M=
-7,-18,iA/hHwP78CQVp1nTekhDDm3KnoI=,HoOr5zLXOJP4OQcCQ5PZ6Z5gX3M=
-3,-21,iA/hHwP78CQVp1nTekhDDm3KnoI=,HoOr5zLXOJP4OQcCQ5PZ6Z5gX3M=
-4,-23,iA/hHwP78CQVp1nTekhDDm3KnoI=,HoOr5zLXOJP4OQcCQ5PZ6Z5gX3M=
-5,-22,iA/hHwP78CQVp1nTekhDDm3KnoI=,HoOr5zLXOJP4OQcCQ5PZ6Z5gX3M=
-8,-18,iA/hHwP78CQVp1nTekhDDm3KnoI=,HoOr5zLXOJP4OQcCQ5PZ6Z5gX3M=
-6,-22,iA/hHwP78CQVp1nTekhDDm3KnoI=,HoOr5zLXOJP4OQcCQ5PZ6Z5gX3M=
-1,-19,iA/hHwP78CQVp1nTekhDDm3KnoI=,HoOr5zLXOJP4OQcCQ5PZ6Z5gX3M=
-4,-21,iA/hHwP78CQVp1nTekhDDm3KnoI=,HoOr5zLXOJP4OQcCQ5PZ6Z5gX3M=
-6,-24,iA/hHwP78CQVp1nTekhDDm3KnoI=,HoOr5zLXOJP4OQcCQ5PZ6Z5gX3M=
-4,-22,iA/hHwP78CQVp1nTekhDDm3KnoI=,HoOr5zLXOJP4OQcCQ5PZ6Z5gX3M=
-5,-21,iA/hHwP78CQVp1nTekhDDm3KnoI=,HoOr5zLXOJP4OQcCQ5PZ6Z5gX3M=
-2,-19,iA/hHwP78CQVp1nTekhDDm3KnoI=,HoOr5zLXOJP4OQcCQ5PZ6Z5gX3M=
-5,-23,iA/hHwP78CQVp1nTekhDDm3KnoI=,HoOr5zLXOJP4OQcCQ5PZ6Z5gX3M=
-6,-21,iA/hHwP78CQVp1nTekhDDm3KnoI=,HoOr5zLXOJP4OQcCQ5PZ6Z5gX3M=
-7,-22,iA/hHwP78CQVp1nTekhDDm3KnoI=,HoOr5zLXOJP4OQcCQ5PZ6Z5gX3M=
-1,-17,iA/hHwP78CQVp1nTekhDDm3KnoI=,HoOr5zLXOJP4OQcCQ5PZ6Z5gX3M=
-3,-19,iA/hHwP78CQVp1nTekhDDm3KnoI=,HoOr5zLXOJP4OQcCQ5PZ6Z5gX3M=
-7,-21,iA/hHwP78CQVp1nTekhDDm3KnoI=,HoOr5zLXOJP4OQcCQ5PZ6Z5gX3M=
