129,144,ieO4dKKgUcKlL8xeoV9x6FViHMI=,4l9rZTCc6MntfK1H5PvZd6Hgjdc=
129,146,ieO4dKKgUcKlL8xeoV9x6FViHMI=,4l9rZTCc6MntfK1H5PvZd6Hgjdc=
128,146,ieO4dKKgUcKlL8xeoV9x6FViHMI=,4l9rZTCc6MntfK1H5PvZd6Hgjdc=
135,146,ieO4dKKgUcKlL8xeoV9x6FViHMI=,4l9rZTCc6MntfK1H5PvZd6Hgjdc=
135,145,ieO4dKKgUcKlL8xeoV9x6FViHMI=,4l9rZTCc6MntfK1H5PvZd6Hgjdc=
134,146,ieO4dKKgUcKlL8xeoV9x6FViHMI=,4l9rZTCc6MntfK1H5PvZd6Hgjdc=
134,145,ieO4dKKgUcKlL8xeoV9x6FViHMI=,4l9rZTCc6MntfK1H5PvZd6Hgjdc=
129,148,ieO4dKKgUcKlL8xeoV9x6FViHMI=,4l9rZTCc6MntfK1H5PvZd6Hgjdc=
133,145,ieO4dKKgUcKlL8xeoV9x6FViHMI=,4l9rZTCc6MntfK1H5PvZd6Hgjdc=
132,145,ieO4dKKgUcKlL8xeoV9x6FViHMI=,4l9rZTCc6MntfK1H5PvZd6Hgjdc=
131,145,ieO4dKKgUcKlL8xeoV9x6FViHMI=,4l9rZTCc6MntfK1H5PvZd6Hgjdc=
133,146,ieO4dKKgUcKlL8xeoV9x6FViHMI=,4l9rZTCc6MntfK1H5PvZd6Hgjdc=
132,146,ieO4dKKgUcKlL8xeoV9x6FViHMI=,4l9rZTCc6MntfK1H5PvZd6Hgjdc=
130,145,ieO4dKKgUcKlL8xeoV9x6FViHMI=,4l9rZTCc6MntfK1H5PvZd6Hgjdc=
131,146,ieO4dKKgUcKlL8xeoV9x6FViHMI=,4l9rZTCc6MntfK1H5PvZd6Hgjdc=
130,146,ieO4dKKgUcKlL8xeoV9x6FViHMI=,4l9rZTCc6MntfK1H5PvZd6Hgjdc=
129,145,ieO4dKKgUcKlL8xeoV9x6FViHMI=,4l9rZTCc6MntfK1H5PvZd6Hgjdc=
128,148,ieO4dKKgUcKlL8xeoV9x6FViHMI=,4l9rZTCc6MntfK1H5PvZd6Hgjdc=
135,147,ieO4dKKgUcKlL8xeoV9x6FViHMI=,4l9rZTCc6MntfK1H5PvZd6Hgjdc=
128,144,ieO4dKKgUcKlL8xeoV9x6FViHMI=,4l9rZTCc6MntfK1H5PvZd6Hgjdc=
133,150,ieO4dKKgUcKlL8xeoV9x6FViHMI=,4l9rZTCc6MntfK1H5PvZd6Hgjdc=
135,149,ieO4dKKgUcKlL8xeoV9x6FViHMI=,4l9rZTCc6MntfK1H5PvZd6Hgjdc=
128,145,ieO4dKKgUcKlL8xeoV9x6FViHMI=,4l9rZTCc6MntfK1H5PvZd6Hgjdc=
134,147,ieO4dKKgUcKlL8xeoV9x6FViHMI=,4l9rZTCc6MntfK1H5PvZd6Hgjdc=
135,144,ieO4dKKgUcKlL8xeoV9x6FViHMI=,4l9rZTCc6MntfK1H5PvZd6Hgjdc=
133,147,ieO4dKKgUcKlL8xeoV9x6FViHMI=,4l9rZTCc6MntfK1H5PvZd6Hgjdc=
129,147,ieO4dKKgUcKlL8xeoV9x6FViHMI=,4l9rZTCc6MntfK1H5PvZd6Hgjdc=
132,159,ieO4dKKgUcKlL8xeoV9x6FViHMI=,PEfHWpiQ8tuSySjFTPrp52qNTg8=
131,159,ieO4dKKgUcKlL8xeoV9x6FViHMI=,PEfHWpiQ8tuSySjFTPrp52qNTg8=
130,159,ieO4dKKgUcKlL8xeoV9x6FViHMI=,PEfHWpiQ8tuSySjFTPrp52qNTg8=
128,149,ieO4dKKgUcKlL8xeoV9x6FViHMI=,4l9rZTCc6MntfK1H5PvZd6Hgjdc=
128,159,ieO4dKKgUcKlL8xeoV9x6FViHMI=,PEfHWpiQ8tuSySjFTPrp52qNTg8=
129,159,ieO4dKKgUcKlL8xeoV9x6FViHMI=,PEfHWpiQ8tuSySjFTPrp52qNTg8=
134,158,ieO4dKKgUcKlL8xeoV9x6FViHMI=,PEfHWpiQ8tuSySjFTPrp52qNTg8=
131,151,ieO4dKKgUcKlL8xeoV9x6FViHMI=,4l9rZTCc6MntfK1H5PvZd6Hgjdc=
132,151,ieO4dKKgUcKlL8xeoV9x6FViHMI=,4l9rZTCc6MntfK1H5PvZd6Hgjdc=
133,159,ieO4dKKgUcKlL8xeoV9x6FViHMI=,PEfHWpiQ8tuSySjFTPrp52qNTg8=
133,151,ieO4dKKgUcKlL8xeoV9x6FViHMI=,4l9rZTCc6MntfK1H5PvZd6Hgjdc=
134,151,ieO4dKKgUcKlL8xeoV9x6FViHMI=,4l9rZTCc6MntfK1H5PvZd6Hgjdc=
134,159,ieO4dKKgUcKlL8xeoV9x6FViHMI=,PEfHWpiQ8tuSySjFTPrp52qNTg8=
128,152,ieO4dKKgUcKlL8xeoV9x6FViHMI=,PEfHWpiQ8tuSySjFTPrp52qNTg8=
129,152,ieO4dKKgUcKlL8xeoV9x6FViHMI=,PEfHWpiQ8tuSySjFTPrp52qNTg8=
130,152,ieO4dKKgUcKlL8xeoV9x6FViHMI=,PEfHWpiQ8tuSySjFTPrp52qNTg8=
131,152,ieO4dKKgUcKlL8xeoV9x6FViHMI=,PEfHWpiQ8tuSySjFTPrp52qNTg8=
133,158,ieO4dKKgUcKlL8xeoV9x6FViHMI=,PEfHWpiQ8tuSySjFTPrp52qNTg8=
132,158,ieO4dKKgUcKlL8xeoV9x6FViHMI=,PEfHWpiQ8tuSySjFTPrp52qNTg8=
131,158,ieO4dKKgUcKlL8xeoV9x6FViHMI=,PEfHWpiQ8tuSySjFTPrp52qNTg8=
130,158,ieO4dKKgUcKlL8xeoV9x6FViHMI=,PEfHWpiQ8tuSySjFTPrp52qNTg8=
129,158,ieO4dKKgUcKlL8xeoV9x6FViHMI=,PEfHWpiQ8tuSySjFTPrp52qNTg8=
128,158,ieO4dKKgUcKlL8xeoV9x6FViHMI=,PEfHWpiQ8tuSySjFTPrp52qNTg8=
134,157,ieO4dKKgUcKlL8xeoV9x6FViHMI=,PEfHWpiQ8tuSySjFTPrp52qNTg8=
133,157,ieO4dKKgUcKlL8xeoV9x6FViHMI=,PEfHWpiQ8tuSySjFTPrp52qNTg8=
130,151,ieO4dKKgUcKlL8xeoV9x6FViHMI=,4l9rZTCc6MntfK1H5PvZd6Hgjdc=
132,157,ieO4dKKgUcKlL8xeoV9x6FViHMI=,PEfHWpiQ8tuSySjFTPrp52qNTg8=
131,157,ieO4dKKgUcKlL8xeoV9x6FViHMI=,PEfHWpiQ8tuSySjFTPrp52qNTg8=
130,157,ieO4dKKgUcKlL8xeoV9x6FViHMI=,PEfHWpiQ8tuSySjFTPrp52qNTg8=
135,148,ieO4dKKgUcKlL8xeoV9x6FViHMI=,4l9rZTCc6MntfK1H5PvZd6Hgjdc=
132,147,ieO4dKKgUcKlL8xeoV9x6FViHMI=,4l9rZTCc6MntfK1H5PvZd6Hgjdc=
129,151,ieO4dKKgUcKlL8xeoV9x6FViHMI=,4l9rZTCc6MntfK1H5PvZd6Hgjdc=
134,148,ieO4dKKgUcKlL8xeoV9x6FViHMI=,4l9rZTCc6MntfK1H5PvZd6Hgjdc=
129,157,ieO4dKKgUcKlL8xeoV9x6FViHMI=,PEfHWpiQ8tuSySjFTPrp52qNTg8=
134,156,ieO4dKKgUcKlL8xeoV9x6FViHMI=,PEfHWpiQ8tuSySjFTPrp52qNTg8=
128,157,ieO4dKKgUcKlL8xeoV9x6FViHMI=,PEfHWpiQ8tuSySjFTPrp52qNTg8=
133,156,ieO4dKKgUcKlL8xeoV9x6FViHMI=,PEfHWpiQ8tuSySjFTPrp52qNTg8=
132,156,ieO4dKKgUcKlL8xeoV9x6FViHMI=,PEfHWpiQ8tuSySjFTPrp52qNTg8=
131,156,ieO4dKKgUcKlL8xeoV9x6FViHMI=,PEfHWpiQ8tuSySjFTPrp52qNTg8=
130,156,ieO4dKKgUcKlL8xeoV9x6FViHMI=,PEfHWpiQ8tuSySjFTPrp52qNTg8=
129,156,ieO4dKKgUcKlL8xeoV9x6FViHMI=,PEfHWpiQ8tuSySjFTPrp52qNTg8=
128,156,ieO4dKKgUcKlL8xeoV9x6FViHMI=,PEfHWpiQ8tuSySjFTPrp52qNTg8=
134,155,ieO4dKKgUcKlL8xeoV9x6FViHMI=,PEfHWpiQ8tuSySjFTPrp52qNTg8=
128,151,ieO4dKKgUcKlL8xeoV9x6FViHMI=,4l9rZTCc6MntfK1H5PvZd6Hgjdc=
133,155,ieO4dKKgUcKlL8xeoV9x6FViHMI=,PEfHWpiQ8tuSySjFTPrp52qNTg8=
132,155,ieO4dKKgUcKlL8xeoV9x6FViHMI=,PEfHWpiQ8tuSySjFTPrp52qNTg8=
131,155,ieO4dKKgUcKlL8xeoV9x6FViHMI=,PEfHWpiQ8tuSySjFTPrp52qNTg8=
130,155,ieO4dKKgUcKlL8xeoV9x6FViHMI=,PEfHWpiQ8tuSySjFTPrp52qNTg8=
129,155,ieO4dKKgUcKlL8xeoV9x6FViHMI=,PEfHWpiQ8tuSySjFTPrp52qNTg8=
128,155,ieO4dKKgUcKlL8xeoV9x6FViHMI=,PEfHWpiQ8tuSySjFTPrp52qNTg8=
134,154,ieO4dKKgUcKlL8xeoV9x6FViHMI=,PEfHWpiQ8tuSySjFTPrp52qNTg8=
133,154,ieO4dKKgUcKlL8xeoV9x6FViHMI=,PEfHWpiQ8tuSySjFTPrp52qNTg8=
133,148,ieO4dKKgUcKlL8xeoV9x6FViHMI=,4l9rZTCc6MntfK1H5PvZd6Hgjdc=
132,148,ieO4dKKgUcKlL8xeoV9x6FViHMI=,4l9rZTCc6MntfK1H5PvZd6Hgjdc=
131,154,ieO4dKKgUcKlL8xeoV9x6FViHMI=,PEfHWpiQ8tuSySjFTPrp52qNTg8=
130,154,ieO4dKKgUcKlL8xeoV9x6FViHMI=,PEfHWpiQ8tuSySjFTPrp52qNTg8=
131,148,ieO4dKKgUcKlL8xeoV9x6FViHMI=,4l9rZTCc6MntfK1H5PvZd6Hgjdc=
129,154,ieO4dKKgUcKlL8xeoV9x6FViHMI=,PEfHWpiQ8tuSySjFTPrp52qNTg8=
128,154,ieO4dKKgUcKlL8xeoV9x6FViHMI=,PEfHWpiQ8tuSySjFTPrp52qNTg8=
134,153,ieO4dKKgUcKlL8xeoV9x6FViHMI=,PEfHWpiQ8tuSySjFTPrp52qNTg8=
133,153,ieO4dKKgUcKlL8xeoV9x6FViHMI=,PEfHWpiQ8tuSySjFTPrp52qNTg8=
132,154,ieO4dKKgUcKlL8xeoV9x6FViHMI=,PEfHWpiQ8tuSySjFTPrp52qNTg8=
134,144,ieO4dKKgUcKlL8xeoV9x6FViHMI=,4l9rZTCc6MntfK1H5PvZd6Hgjdc=
132,153,ieO4dKKgUcKlL8xeoV9x6FViHMI=,PEfHWpiQ8tuSySjFTPrp52qNTg8=
131,153,ieO4dKKgUcKlL8xeoV9x6FViHMI=,PEfHWpiQ8tuSySjFTPrp52qNTg8=
130,153,ieO4dKKgUcKlL8xeoV9x6FViHMI=,PEfHWpiQ8tuSySjFTPrp52qNTg8=
131,147,ieO4dKKgUcKlL8xeoV9x6FViHMI=,4l9rZTCc6MntfK1H5PvZd6Hgjdc=
128,153,ieO4dKKgUcKlL8xeoV9x6FViHMI=,PEfHWpiQ8tuSySjFTPrp52qNTg8=
129,153,ieO4dKKgUcKlL8xeoV9x6FViHMI=,PEfHWpiQ8tuSySjFTPrp52qNTg8=
134,152,ieO4dKKgUcKlL8xeoV9x6FViHMI=,PEfHWpiQ8tuSySjFTPrp52qNTg8=
133,144,ieO4dKKgUcKlL8xeoV9x6FViHMI=,4l9rZTCc6MntfK1H5PvZd6Hgjdc=
132,144,ieO4dKKgUcKlL8xeoV9x6FViHMI=,4l9rZTCc6MntfK1H5PvZd6Hgjdc=
131,144,ieO4dKKgUcKlL8xeoV9x6FViHMI=,4l9rZTCc6MntfK1H5PvZd6Hgjdc=
134,149,ieO4dKKgUcKlL8xeoV9x6FViHMI=,4l9rZTCc6MntfK1H5PvZd6Hgjdc=
132,152,ieO4dKKgUcKlL8xeoV9x6FViHMI=,PEfHWpiQ8tuSySjFTPrp52qNTg8=
130,148,ieO4dKKgUcKlL8xeoV9x6FViHMI=,4l9rZTCc6MntfK1H5PvZd6Hgjdc=
132,150,ieO4dKKgUcKlL8xeoV9x6FViHMI=,4l9rZTCc6MntfK1H5PvZd6Hgjdc=
129,150,ieO4dKKgUcKlL8xeoV9x6FViHMI=,4l9rZTCc6MntfK1H5PvZd6Hgjdc=
135,150,ieO4dKKgUcKlL8xeoV9x6FViHMI=,4l9rZTCc6MntfK1H5PvZd6Hgjdc=
128,150,ieO4dKKgUcKlL8xeoV9x6FViHMI=,4l9rZTCc6MntfK1H5PvZd6Hgjdc=
130,147,ieO4dKKgUcKlL8xeoV9x6FViHMI=,4l9rZTCc6MntfK1H5PvZd6Hgjdc=
133,149,ieO4dKKgUcKlL8xeoV9x6FViHMI=,4l9rZTCc6MntfK1H5PvZd6Hgjdc=
130,144,ieO4dKKgUcKlL8xeoV9x6FViHMI=,4l9rZTCc6MntfK1H5PvZd6Hgjdc=
128,147,ieO4dKKgUcKlL8xeoV9x6FViHMI=,4l9rZTCc6MntfK1H5PvZd6Hgjdc=
132,149,ieO4dKKgUcKlL8xeoV9x6FViHMI=,4l9rZTCc6MntfK1H5PvZd6Hgjdc=
134,150,ieO4dKKgUcKlL8xeoV9x6FViHMI=,4l9rZTCc6MntfK1H5PvZd6Hgjdc=
131,149,ieO4dKKgUcKlL8xeoV9x6FViHMI=,4l9rZTCc6MntfK1H5PvZd6Hgjdc=
130,149,ieO4dKKgUcKlL8xeoV9x6FViHMI=,4l9rZTCc6MntfK1H5PvZd6Hgjdc=
130,150,ieO4dKKgUcKlL8xeoV9x6FViHMI=,4l9rZTCc6MntfK1H5PvZd6Hgjdc=
129,149,ieO4dKKgUcKlL8xeoV9x6FViHMI=,4l9rZTCc6MntfK1H5PvZd6Hgjdc=
131,150,ieO4dKKgUcKlL8xeoV9x6FViHMI=,4l9rZTCc6MntfK1H5PvZd6Hgjdc=
133,152,ieO4dKKgUcKlL8xeoV9x6FViHMI=,PEfHWpiQ8tuSySjFTPrp52qNTg8=
140,157,ieO4dKKgUcKlL8xeoV9x6FViHMI=,sNkgoRJKmSJtN+xg3asIddvMjBk=
139,157,ieO4dKKgUcKlL8xeoV9x6FViHMI=,sNkgoRJKmSJtN+xg3asIddvMjBk=
141,157,ieO4dKKgUcKlL8xeoV9x6FViHMI=,sNkgoRJKmSJtN+xg3asIddvMjBk=
142,157,ieO4dKKgUcKlL8xeoV9x6FViHMI=,sNkgoRJKmSJtN+xg3asIddvMjBk=
135,151,ieO4dKKgUcKlL8xeoV9x6FViHMI=,4l9rZTCc6MntfK1H5PvZd6Hgjdc=
138,157,ieO4dKKgUcKlL8xeoV9x6FViHMI=,sNkgoRJKmSJtN+xg3asIddvMjBk=
137,157,ieO4dKKgUcKlL8xeoV9x6FViHMI=,sNkgoRJKmSJtN+xg3asIddvMjBk=
136,157,ieO4dKKgUcKlL8xeoV9x6FViHMI=,sNkgoRJKmSJtN+xg3asIddvMjBk=
143,156,ieO4dKKgUcKlL8xeoV9x6FViHMI=,sNkgoRJKmSJtN+xg3asIddvMjBk=
142,156,ieO4dKKgUcKlL8xeoV9x6FViHMI=,sNkgoRJKmSJtN+xg3asIddvMjBk=
141,156,ieO4dKKgUcKlL8xeoV9x6FViHMI=,sNkgoRJKmSJtN+xg3asIddvMjBk=
135,158,ieO4dKKgUcKlL8xeoV9x6FViHMI=,PEfHWpiQ8tuSySjFTPrp52qNTg8=
135,159,ieO4dKKgUcKlL8xeoV9x6FViHMI=,PEfHWpiQ8tuSySjFTPrp52qNTg8=
140,156,ieO4dKKgUcKlL8xeoV9x6FViHMI=,sNkgoRJKmSJtN+xg3asIddvMjBk=
135,152,ieO4dKKgUcKlL8xeoV9x6FViHMI=,PEfHWpiQ8tuSySjFTPrp52qNTg8=
138,156,ieO4dKKgUcKlL8xeoV9x6FViHMI=,sNkgoRJKmSJtN+xg3asIddvMjBk=
137,156,ieO4dKKgUcKlL8xeoV9x6FViHMI=,sNkgoRJKmSJtN+xg3asIddvMjBk=
136,156,ieO4dKKgUcKlL8xeoV9x6FViHMI=,sNkgoRJKmSJtN+xg3asIddvMjBk=
135,157,ieO4dKKgUcKlL8xeoV9x6FViHMI=,PEfHWpiQ8tuSySjFTPrp52qNTg8=
142,155,ieO4dKKgUcKlL8xeoV9x6FViHMI=,sNkgoRJKmSJtN+xg3asIddvMjBk=
143,155,ieO4dKKgUcKlL8xeoV9x6FViHMI=,sNkgoRJKmSJtN+xg3asIddvMjBk=
141,155,ieO4dKKgUcKlL8xeoV9x6FViHMI=,sNkgoRJKmSJtN+xg3asIddvMjBk=
140,155,ieO4dKKgUcKlL8xeoV9x6FViHMI=,sNkgoRJKmSJtN+xg3asIddvMjBk=
139,155,ieO4dKKgUcKlL8xeoV9x6FViHMI=,sNkgoRJKmSJtN+xg3asIddvMjBk=
139,156,ieO4dKKgUcKlL8xeoV9x6FViHMI=,sNkgoRJKmSJtN+xg3asIddvMjBk=
136,152,ieO4dKKgUcKlL8xeoV9x6FViHMI=,sNkgoRJKmSJtN+xg3asIddvMjBk=
137,152,ieO4dKKgUcKlL8xeoV9x6FViHMI=,sNkgoRJKmSJtN+xg3asIddvMjBk=
138,152,ieO4dKKgUcKlL8xeoV9x6FViHMI=,sNkgoRJKmSJtN+xg3asIddvMjBk=
139,152,ieO4dKKgUcKlL8xeoV9x6FViHMI=,sNkgoRJKmSJtN+xg3asIddvMjBk=
140,152,ieO4dKKgUcKlL8xeoV9x6FViHMI=,sNkgoRJKmSJtN+xg3asIddvMjBk=
141,152,ieO4dKKgUcKlL8xeoV9x6FViHMI=,sNkgoRJKmSJtN+xg3asIddvMjBk=
142,152,ieO4dKKgUcKlL8xeoV9x6FViHMI=,sNkgoRJKmSJtN+xg3asIddvMjBk=
136,153,ieO4dKKgUcKlL8xeoV9x6FViHMI=,sNkgoRJKmSJtN+xg3asIddvMjBk=
135,153,ieO4dKKgUcKlL8xeoV9x6FViHMI=,PEfHWpiQ8tuSySjFTPrp52qNTg8=
138,155,ieO4dKKgUcKlL8xeoV9x6FViHMI=,sNkgoRJKmSJtN+xg3asIddvMjBk=
143,159,ieO4dKKgUcKlL8xeoV9x6FViHMI=,sNkgoRJKmSJtN+xg3asIddvMjBk=
142,159,ieO4dKKgUcKlL8xeoV9x6FViHMI=,sNkgoRJKmSJtN+xg3asIddvMjBk=
136,155,ieO4dKKgUcKlL8xeoV9x6FViHMI=,sNkgoRJKmSJtN+xg3asIddvMjBk=
141,159,ieO4dKKgUcKlL8xeoV9x6FViHMI=,sNkgoRJKmSJtN+xg3asIddvMjBk=
143,154,ieO4dKKgUcKlL8xeoV9x6FViHMI=,sNkgoRJKmSJtN+xg3asIddvMjBk=
143,152,ieO4dKKgUcKlL8xeoV9x6FViHMI=,sNkgoRJKmSJtN+xg3asIddvMjBk=
140,159,ieO4dKKgUcKlL8xeoV9x6FViHMI=,sNkgoRJKmSJtN+xg3asIddvMjBk=
139,159,ieO4dKKgUcKlL8xeoV9x6FViHMI=,sNkgoRJKmSJtN+xg3asIddvMjBk=
138,159,ieO4dKKgUcKlL8xeoV9x6FViHMI=,sNkgoRJKmSJtN+xg3asIddvMjBk=
137,155,ieO4dKKgUcKlL8xeoV9x6FViHMI=,sNkgoRJKmSJtN+xg3asIddvMjBk=
142,154,ieO4dKKgUcKlL8xeoV9x6FViHMI=,sNkgoRJKmSJtN+xg3asIddvMjBk=
141,154,ieO4dKKgUcKlL8xeoV9x6FViHMI=,sNkgoRJKmSJtN+xg3asIddvMjBk=
137,159,ieO4dKKgUcKlL8xeoV9x6FViHMI=,sNkgoRJKmSJtN+xg3asIddvMjBk=
140,154,ieO4dKKgUcKlL8xeoV9x6FViHMI=,sNkgoRJKmSJtN+xg3asIddvMjBk=
143,158,ieO4dKKgUcKlL8xeoV9x6FViHMI=,sNkgoRJKmSJtN+xg3asIddvMjBk=
139,154,ieO4dKKgUcKlL8xeoV9x6FViHMI=,sNkgoRJKmSJtN+xg3asIddvMjBk=
137,154,ieO4dKKgUcKlL8xeoV9x6FViHMI=,sNkgoRJKmSJtN+xg3asIddvMjBk=
136,154,ieO4dKKgUcKlL8xeoV9x6FViHMI=,sNkgoRJKmSJtN+xg3asIddvMjBk=
135,156,ieO4dKKgUcKlL8xeoV9x6FViHMI=,PEfHWpiQ8tuSySjFTPrp52qNTg8=
137,153,ieO4dKKgUcKlL8xeoV9x6FViHMI=,sNkgoRJKmSJtN+xg3asIddvMjBk=
138,154,ieO4dKKgUcKlL8xeoV9x6FViHMI=,sNkgoRJKmSJtN+xg3asIddvMjBk=
141,158,ieO4dKKgUcKlL8xeoV9x6FViHMI=,sNkgoRJKmSJtN+xg3asIddvMjBk=
142,153,ieO4dKKgUcKlL8xeoV9x6FViHMI=,sNkgoRJKmSJtN+xg3asIddvMjBk=
135,155,ieO4dKKgUcKlL8xeoV9x6FViHMI=,PEfHWpiQ8tuSySjFTPrp52qNTg8=
143,153,ieO4dKKgUcKlL8xeoV9x6FViHMI=,sNkgoRJKmSJtN+xg3asIddvMjBk=
141,153,ieO4dKKgUcKlL8xeoV9x6FViHMI=,sNkgoRJKmSJtN+xg3asIddvMjBk=
142,158,ieO4dKKgUcKlL8xeoV9x6FViHMI=,sNkgoRJKmSJtN+xg3asIddvMjBk=
139,158,ieO4dKKgUcKlL8xeoV9x6FViHMI=,sNkgoRJKmSJtN+xg3asIddvMjBk=
138,158,ieO4dKKgUcKlL8xeoV9x6FViHMI=,sNkgoRJKmSJtN+xg3asIddvMjBk=
140,158,ieO4dKKgUcKlL8xeoV9x6FViHMI=,sNkgoRJKmSJtN+xg3asIddvMjBk=
137,158,ieO4dKKgUcKlL8xeoV9x6FViHMI=,sNkgoRJKmSJtN+xg3asIddvMjBk=
135,154,ieO4dKKgUcKlL8xeoV9x6FViHMI=,PEfHWpiQ8tuSySjFTPrp52qNTg8=
138,153,ieO4dKKgUcKlL8xeoV9x6FViHMI=,sNkgoRJKmSJtN+xg3asIddvMjBk=
139,153,ieO4dKKgUcKlL8xeoV9x6FViHMI=,sNkgoRJKmSJtN+xg3asIddvMjBk=
143,157,ieO4dKKgUcKlL8xeoV9x6FViHMI=,sNkgoRJKmSJtN+xg3asIddvMjBk=
140,153,ieO4dKKgUcKlL8xeoV9x6FViHMI=,sNkgoRJKmSJtN+xg3asIddvMjBk=
136,158,ieO4dKKgUcKlL8xeoV9x6FViHMI=,sNkgoRJKmSJtN+xg3asIddvMjBk=
136,159,ieO4dKKgUcKlL8xeoV9x6FViHMI=,sNkgoRJKmSJtN+xg3asIddvMjBk=
148,155,KRayUY8ffy6wW3jb/CSGsNU/WLE=,bQ3RouzxEBd2QepAVp7+R3W9mV8=
150,159,KRayUY8ffy6wW3jb/CSGsNU/WLE=,bQ3RouzxEBd2QepAVp7+R3W9mV8=
148,159,KRayUY8ffy6wW3jb/CSGsNU/WLE=,bQ3RouzxEBd2QepAVp7+R3W9mV8=
149,159,KRayUY8ffy6wW3jb/CSGsNU/WLE=,bQ3RouzxEBd2QepAVp7+R3W9mV8=
147,159,KRayUY8ffy6wW3jb/CSGsNU/WLE=,bQ3RouzxEBd2QepAVp7+R3W9mV8=
146,159,KRayUY8ffy6wW3jb/CSGsNU/WLE=,bQ3RouzxEBd2QepAVp7+R3W9mV8=
147,155,KRayUY8ffy6wW3jb/CSGsNU/WLE=,bQ3RouzxEBd2QepAVp7+R3W9mV8=
145,159,KRayUY8ffy6wW3jb/CSGsNU/WLE=,bQ3RouzxEBd2QepAVp7+R3W9mV8=
144,159,KRayUY8ffy6wW3jb/CSGsNU/WLE=,bQ3RouzxEBd2QepAVp7+R3W9mV8=
149,154,KRayUY8ffy6wW3jb/CSGsNU/WLE=,bQ3RouzxEBd2QepAVp7+R3W9mV8=
150,158,KRayUY8ffy6wW3jb/CSGsNU/WLE=,bQ3RouzxEBd2QepAVp7+R3W9mV8=
148,154,KRayUY8ffy6wW3jb/CSGsNU/WLE=,bQ3RouzxEBd2QepAVp7+R3W9mV8=
146,155,KRayUY8ffy6wW3jb/CSGsNU/WLE=,bQ3RouzxEBd2QepAVp7+R3W9mV8=
147,152,KRayUY8ffy6wW3jb/CSGsNU/WLE=,bQ3RouzxEBd2QepAVp7+R3W9mV8=
149,158,KRayUY8ffy6wW3jb/CSGsNU/WLE=,bQ3RouzxEBd2QepAVp7+R3W9mV8=
145,155,KRayUY8ffy6wW3jb/CSGsNU/WLE=,bQ3RouzxEBd2QepAVp7+R3W9mV8=
148,158,KRayUY8ffy6wW3jb/CSGsNU/WLE=,bQ3RouzxEBd2QepAVp7+R3W9mV8=
146,152,KRayUY8ffy6wW3jb/CSGsNU/WLE=,bQ3RouzxEBd2QepAVp7+R3W9mV8=
145,153,KRayUY8ffy6wW3jb/CSGsNU/WLE=,bQ3RouzxEBd2QepAVp7+R3W9mV8=
144,153,KRayUY8ffy6wW3jb/CSGsNU/WLE=,bQ3RouzxEBd2QepAVp7+R3W9mV8=
144,155,KRayUY8ffy6wW3jb/CSGsNU/WLE=,bQ3RouzxEBd2QepAVp7+R3W9mV8=
150,152,KRayUY8ffy6wW3jb/CSGsNU/WLE=,bQ3RouzxEBd2QepAVp7+R3W9mV8=
149,152,KRayUY8ffy6wW3jb/CSGsNU/WLE=,bQ3RouzxEBd2QepAVp7+R3W9mV8=
148,152,KRayUY8ffy6wW3jb/CSGsNU/WLE=,bQ3RouzxEBd2QepAVp7+R3W9mV8=
147,154,KRayUY8ffy6wW3jb/CSGsNU/WLE=,bQ3RouzxEBd2QepAVp7+R3W9mV8=
145,152,KRayUY8ffy6wW3jb/CSGsNU/WLE=,bQ3RouzxEBd2QepAVp7+R3W9mV8=
145,158,KRayUY8ffy6wW3jb/CSGsNU/WLE=,bQ3RouzxEBd2QepAVp7+R3W9mV8=
147,158,KRayUY8ffy6wW3jb/CSGsNU/WLE=,bQ3RouzxEBd2QepAVp7+R3W9mV8=
144,158,KRayUY8ffy6wW3jb/CSGsNU/WLE=,bQ3RouzxEBd2QepAVp7+R3W9mV8=
146,158,KRayUY8ffy6wW3jb/CSGsNU/WLE=,bQ3RouzxEBd2QepAVp7+R3W9mV8=
150,157,KRayUY8ffy6wW3jb/CSGsNU/WLE=,bQ3RouzxEBd2QepAVp7+R3W9mV8=
149,157,KRayUY8ffy6wW3jb/CSGsNU/WLE=,bQ3RouzxEBd2QepAVp7+R3W9mV8=
148,157,KRayUY8ffy6wW3jb/CSGsNU/WLE=,bQ3RouzxEBd2QepAVp7+R3W9mV8=
150,153,KRayUY8ffy6wW3jb/CSGsNU/WLE=,bQ3RouzxEBd2QepAVp7+R3W9mV8=
146,154,KRayUY8ffy6wW3jb/CSGsNU/WLE=,bQ3RouzxEBd2QepAVp7+R3W9mV8=
146,157,KRayUY8ffy6wW3jb/CSGsNU/WLE=,bQ3RouzxEBd2QepAVp7+R3W9mV8=
150,154,KRayUY8ffy6wW3jb/CSGsNU/WLE=,bQ3RouzxEBd2QepAVp7+R3W9mV8=
147,157,KRayUY8ffy6wW3jb/CSGsNU/WLE=,bQ3RouzxEBd2QepAVp7+R3W9mV8=
144,157,KRayUY8ffy6wW3jb/CSGsNU/WLE=,bQ3RouzxEBd2QepAVp7+R3W9mV8=
150,156,KRayUY8ffy6wW3jb/CSGsNU/WLE=,bQ3RouzxEBd2QepAVp7+R3W9mV8=
145,157,KRayUY8ffy6wW3jb/CSGsNU/WLE=,bQ3RouzxEBd2QepAVp7+R3W9mV8=
148,156,KRayUY8ffy6wW3jb/CSGsNU/WLE=,bQ3RouzxEBd2QepAVp7+R3W9mV8=
147,156,KRayUY8ffy6wW3jb/CSGsNU/WLE=,bQ3RouzxEBd2QepAVp7+R3W9mV8=
146,156,KRayUY8ffy6wW3jb/CSGsNU/WLE=,bQ3RouzxEBd2QepAVp7+R3W9mV8=
145,156,KRayUY8ffy6wW3jb/CSGsNU/WLE=,bQ3RouzxEBd2QepAVp7+R3W9mV8=
144,156,KRayUY8ffy6wW3jb/CSGsNU/WLE=,bQ3RouzxEBd2QepAVp7+R3W9mV8=
144,152,KRayUY8ffy6wW3jb/CSGsNU/WLE=,bQ3RouzxEBd2QepAVp7+R3W9mV8=
149,153,KRayUY8ffy6wW3jb/CSGsNU/WLE=,bQ3RouzxEBd2QepAVp7+R3W9mV8=
148,153,KRayUY8ffy6wW3jb/CSGsNU/WLE=,bQ3RouzxEBd2QepAVp7+R3W9mV8=
147,153,KRayUY8ffy6wW3jb/CSGsNU/WLE=,bQ3RouzxEBd2QepAVp7+R3W9mV8=
150,155,KRayUY8ffy6wW3jb/CSGsNU/WLE=,bQ3RouzxEBd2QepAVp7+R3W9mV8=
149,155,KRayUY8ffy6wW3jb/CSGsNU/WLE=,bQ3RouzxEBd2QepAVp7+R3W9mV8=
146,153,KRayUY8ffy6wW3jb/CSGsNU/WLE=,bQ3RouzxEBd2QepAVp7+R3W9mV8=
144,154,KRayUY8ffy6wW3jb/CSGsNU/WLE=,bQ3RouzxEBd2QepAVp7+R3W9mV8=
149,156,KRayUY8ffy6wW3jb/CSGsNU/WLE=,bQ3RouzxEBd2QepAVp7+R3W9mV8=
151,155,KRayUY8ffy6wW3jb/CSGsNU/WLE=,bQ3RouzxEBd2QepAVp7+R3W9mV8=
145,154,KRayUY8ffy6wW3jb/CSGsNU/WLE=,bQ3RouzxEBd2QepAVp7+R3W9mV8=
156,155,KRayUY8ffy6wW3jb/CSGsNU/WLE=,kjI6oqvIes3JW1Q11v8GDnD5mqM=
157,155,KRayUY8ffy6wW3jb/CSGsNU/WLE=,kjI6oqvIes3JW1Q11v8GDnD5mqM=
158,155,KRayUY8ffy6wW3jb/CSGsNU/WLE=,kjI6oqvIes3JW1Q11v8GDnD5mqM=
159,155,KRayUY8ffy6wW3jb/CSGsNU/WLE=,kjI6oqvIes3JW1Q11v8GDnD5mqM=
152,156,KRayUY8ffy6wW3jb/CSGsNU/WLE=,kjI6oqvIes3JW1Q11v8GDnD5mqM=
153,156,KRayUY8ffy6wW3jb/CSGsNU/WLE=,kjI6oqvIes3JW1Q11v8GDnD5mqM=
154,156,KRayUY8ffy6wW3jb/CSGsNU/WLE=,kjI6oqvIes3JW1Q11v8GDnD5mqM=
155,156,KRayUY8ffy6wW3jb/CSGsNU/WLE=,kjI6oqvIes3JW1Q11v8GDnD5mqM=
156,156,KRayUY8ffy6wW3jb/CSGsNU/WLE=,kjI6oqvIes3JW1Q11v8GDnD5mqM=
157,156,KRayUY8ffy6wW3jb/CSGsNU/WLE=,kjI6oqvIes3JW1Q11v8GDnD5mqM=
159,159,KRayUY8ffy6wW3jb/CSGsNU/WLE=,kjI6oqvIes3JW1Q11v8GDnD5mqM=
158,159,KRayUY8ffy6wW3jb/CSGsNU/WLE=,kjI6oqvIes3JW1Q11v8GDnD5mqM=
155,155,KRayUY8ffy6wW3jb/CSGsNU/WLE=,kjI6oqvIes3JW1Q11v8GDnD5mqM=
151,159,KRayUY8ffy6wW3jb/CSGsNU/WLE=,bQ3RouzxEBd2QepAVp7+R3W9mV8=
154,155,KRayUY8ffy6wW3jb/CSGsNU/WLE=,kjI6oqvIes3JW1Q11v8GDnD5mqM=
155,159,KRayUY8ffy6wW3jb/CSGsNU/WLE=,kjI6oqvIes3JW1Q11v8GDnD5mqM=
154,159,KRayUY8ffy6wW3jb/CSGsNU/WLE=,kjI6oqvIes3JW1Q11v8GDnD5mqM=
156,159,KRayUY8ffy6wW3jb/CSGsNU/WLE=,kjI6oqvIes3JW1Q11v8GDnD5mqM=
153,155,KRayUY8ffy6wW3jb/CSGsNU/WLE=,kjI6oqvIes3JW1Q11v8GDnD5mqM=
153,159,KRayUY8ffy6wW3jb/CSGsNU/WLE=,kjI6oqvIes3JW1Q11v8GDnD5mqM=
157,159,KRayUY8ffy6wW3jb/CSGsNU/WLE=,kjI6oqvIes3JW1Q11v8GDnD5mqM=
152,155,KRayUY8ffy6wW3jb/CSGsNU/WLE=,kjI6oqvIes3JW1Q11v8GDnD5mqM=
152,159,KRayUY8ffy6wW3jb/CSGsNU/WLE=,kjI6oqvIes3JW1Q11v8GDnD5mqM=
159,158,KRayUY8ffy6wW3jb/CSGsNU/WLE=,kjI6oqvIes3JW1Q11v8GDnD5mqM=
159,154,KRayUY8ffy6wW3jb/CSGsNU/WLE=,kjI6oqvIes3JW1Q11v8GDnD5mqM=
158,156,KRayUY8ffy6wW3jb/CSGsNU/WLE=,kjI6oqvIes3JW1Q11v8GDnD5mqM=
156,154,KRayUY8ffy6wW3jb/CSGsNU/WLE=,kjI6oqvIes3JW1Q11v8GDnD5mqM=
158,158,KRayUY8ffy6wW3jb/CSGsNU/WLE=,kjI6oqvIes3JW1Q11v8GDnD5mqM=
157,154,KRayUY8ffy6wW3jb/CSGsNU/WLE=,kjI6oqvIes3JW1Q11v8GDnD5mqM=
154,154,KRayUY8ffy6wW3jb/CSGsNU/WLE=,kjI6oqvIes3JW1Q11v8GDnD5mqM=
155,154,KRayUY8ffy6wW3jb/CSGsNU/WLE=,kjI6oqvIes3JW1Q11v8GDnD5mqM=
151,153,KRayUY8ffy6wW3jb/CSGsNU/WLE=,bQ3RouzxEBd2QepAVp7+R3W9mV8=
153,154,KRayUY8ffy6wW3jb/CSGsNU/WLE=,kjI6oqvIes3JW1Q11v8GDnD5mqM=
152,154,KRayUY8ffy6wW3jb/CSGsNU/WLE=,kjI6oqvIes3JW1Q11v8GDnD5mqM=
159,153,KRayUY8ffy6wW3jb/CSGsNU/WLE=,kjI6oqvIes3JW1Q11v8GDnD5mqM=
157,158,KRayUY8ffy6wW3jb/CSGsNU/WLE=,kjI6oqvIes3JW1Q11v8GDnD5mqM=
157,153,KRayUY8ffy6wW3jb/CSGsNU/WLE=,kjI6oqvIes3JW1Q11v8GDnD5mqM=
158,153,KRayUY8ffy6wW3jb/CSGsNU/WLE=,kjI6oqvIes3JW1Q11v8GDnD5mqM=
156,153,KRayUY8ffy6wW3jb/CSGsNU/WLE=,kjI6oqvIes3JW1Q11v8GDnD5mqM=
155,153,KRayUY8ffy6wW3jb/CSGsNU/WLE=,kjI6oqvIes3JW1Q11v8GDnD5mqM=
151,158,KRayUY8ffy6wW3jb/CSGsNU/WLE=,bQ3RouzxEBd2QepAVp7+R3W9mV8=
153,153,KRayUY8ffy6wW3jb/CSGsNU/WLE=,kjI6oqvIes3JW1Q11v8GDnD5mqM=
152,153,KRayUY8ffy6wW3jb/CSGsNU/WLE=,kjI6oqvIes3JW1Q11v8GDnD5mqM=
154,153,KRayUY8ffy6wW3jb/CSGsNU/WLE=,kjI6oqvIes3JW1Q11v8GDnD5mqM=
159,152,KRayUY8ffy6wW3jb/CSGsNU/WLE=,kjI6oqvIes3JW1Q11v8GDnD5mqM=
157,152,KRayUY8ffy6wW3jb/CSGsNU/WLE=,kjI6oqvIes3JW1Q11v8GDnD5mqM=
158,152,KRayUY8ffy6wW3jb/CSGsNU/WLE=,kjI6oqvIes3JW1Q11v8GDnD5mqM=
155,152,KRayUY8ffy6wW3jb/CSGsNU/WLE=,kjI6oqvIes3JW1Q11v8GDnD5mqM=
156,152,KRayUY8ffy6wW3jb/CSGsNU/WLE=,kjI6oqvIes3JW1Q11v8GDnD5mqM=
156,158,KRayUY8ffy6wW3jb/CSGsNU/WLE=,kjI6oqvIes3JW1Q11v8GDnD5mqM=
154,158,KRayUY8ffy6wW3jb/CSGsNU/WLE=,kjI6oqvIes3JW1Q11v8GDnD5mqM=
155,158,KRayUY8ffy6wW3jb/CSGsNU/WLE=,kjI6oqvIes3JW1Q11v8GDnD5mqM=
154,152,KRayUY8ffy6wW3jb/CSGsNU/WLE=,kjI6oqvIes3JW1Q11v8GDnD5mqM=
153,158,KRayUY8ffy6wW3jb/CSGsNU/WLE=,kjI6oqvIes3JW1Q11v8GDnD5mqM=
152,152,KRayUY8ffy6wW3jb/CSGsNU/WLE=,kjI6oqvIes3JW1Q11v8GDnD5mqM=
152,158,KRayUY8ffy6wW3jb/CSGsNU/WLE=,kjI6oqvIes3JW1Q11v8GDnD5mqM=
153,152,KRayUY8ffy6wW3jb/CSGsNU/WLE=,kjI6oqvIes3JW1Q11v8GDnD5mqM=
151,152,KRayUY8ffy6wW3jb/CSGsNU/WLE=,bQ3RouzxEBd2QepAVp7+R3W9mV8=
158,157,KRayUY8ffy6wW3jb/CSGsNU/WLE=,kjI6oqvIes3JW1Q11v8GDnD5mqM=
159,157,KRayUY8ffy6wW3jb/CSGsNU/WLE=,kjI6oqvIes3JW1Q11v8GDnD5mqM=
152,157,KRayUY8ffy6wW3jb/CSGsNU/WLE=,kjI6oqvIes3JW1Q11v8GDnD5mqM=
159,156,KRayUY8ffy6wW3jb/CSGsNU/WLE=,kjI6oqvIes3JW1Q11v8GDnD5mqM=
157,157,KRayUY8ffy6wW3jb/CSGsNU/WLE=,kjI6oqvIes3JW1Q11v8GDnD5mqM=
156,157,KRayUY8ffy6wW3jb/CSGsNU/WLE=,kjI6oqvIes3JW1Q11v8GDnD5mqM=
153,157,KRayUY8ffy6wW3jb/CSGsNU/WLE=,kjI6oqvIes3JW1Q11v8GDnD5mqM=
151,154,KRayUY8ffy6wW3jb/CSGsNU/WLE=,bQ3RouzxEBd2QepAVp7+R3W9mV8=
155,157,KRayUY8ffy6wW3jb/CSGsNU/WLE=,kjI6oqvIes3JW1Q11v8GDnD5mqM=
151,157,KRayUY8ffy6wW3jb/CSGsNU/WLE=,bQ3RouzxEBd2QepAVp7+R3W9mV8=
154,157,KRayUY8ffy6wW3jb/CSGsNU/WLE=,kjI6oqvIes3JW1Q11v8GDnD5mqM=
151,156,KRayUY8ffy6wW3jb/CSGsNU/WLE=,bQ3RouzxEBd2QepAVp7+R3W9mV8=
158,154,KRayUY8ffy6wW3jb/CSGsNU/WLE=,kjI6oqvIes3JW1Q11v8GDnD5mqM=
