12,9,ohH+eBJkdjzvP5KIb4H9n21R00Q=,nEKg3dP2XUzsdRrHGMBdzks1tMU=
11,13,ohH+eBJkdjzvP5KIb4H9n21R00Q=,nEKg3dP2XUzsdRrHGMBdzks1tMU=
11,9,ohH+eBJkdjzvP5KIb4H9n21R00Q=,nEKg3dP2XUzsdRrHGMBdzks1tMU=
14,11,ohH+eBJkdjzvP5KIb4H9n21R00Q=,nEKg3dP2XUzsdRrHGMBdzks1tMU=
10,13,ohH+eBJkdjzvP5KIb4H9n21R00Q=,nEKg3dP2XUzsdRrHGMBdzks1tMU=
10,9,ohH+eBJkdjzvP5KIb4H9n21R00Q=,nEKg3dP2XUzsdRrHGMBdzks1tMU=
14,14,ohH+eBJkdjzvP5KIb4H9n21R00Q=,nEKg3dP2XUzsdRrHGMBdzks1tMU=
9,9,ohH+eBJkdjzvP5KIb4H9n21R00Q=,nEKg3dP2XUzsdRrHGMBdzks1tMU=
9,13,ohH+eBJkdjzvP5KIb4H9n21R00Q=,nEKg3dP2XUzsdRrHGMBdzks1tMU=
13,14,ohH+eBJkdjzvP5KIb4H9n21R00Q=,nEKg3dP2XUzsdRrHGMBdzks1tMU=
13,11,ohH+eBJkdjzvP5KIb4H9n21R00Q=,nEKg3dP2XUzsdRrHGMBdzks1tMU=
12,11,ohH+eBJkdjzvP5KIb4H9n21R00Q=,nEKg3dP2XUzsdRrHGMBdzks1tMU=
12,14,ohH+eBJkdjzvP5KIb4H9n21R00Q=,nEKg3dP2XUzsdRrHGMBdzks1tMU=
14,12,ohH+eBJkdjzvP5KIb4H9n21R00Q=,nEKg3dP2XUzsdRrHGMBdzks1tMU=
11,14,ohH+eBJkdjzvP5KIb4H9n21R00Q=,nEKg3dP2XUzsdRrHGMBdzks1tMU=
11,11,ohH+eBJkdjzvP5KIb4H9n21R00Q=,nEKg3dP2XUzsdRrHGMBdzks1tMU=
10,11,ohH+eBJkdjzvP5KIb4H9n21R00Q=,nEKg3dP2XUzsdRrHGMBdzks1tMU=
9,11,ohH+eBJkdjzvP5KIb4H9n21R00Q=,nEKg3dP2XUzsdRrHGMBdzks1tMU=
13,12,ohH+eBJkdjzvP5KIb4H9n21R00Q=,nEKg3dP2XUzsdRrHGMBdzks1tMU=
14,10,ohH+eBJkdjzvP5KIb4H9n21R00Q=,nEKg3dP2XUzsdRrHGMBdzks1tMU=
13,10,ohH+eBJkdjzvP5KIb4H9n21R00Q=,nEKg3dP2XUzsdRrHGMBdzks1tMU=
12,10,ohH+eBJkdjzvP5KIb4H9n21R00Q=,nEKg3dP2XUzsdRrHGMBdzks1tMU=
11,10,ohH+eBJkdjzvP5KIb4H9n21R00Q=,nEKg3dP2XUzsdRrHGMBdzks1tMU=
10,10,ohH+eBJkdjzvP5KIb4H9n21R00Q=,nEKg3dP2XUzsdRrHGMBdzks1tMU=
9,10,ohH+eBJkdjzvP5KIb4H9n21R00Q=,nEKg3dP2XUzsdRrHGMBdzks1tMU=
12,12,ohH+eBJkdjzvP5KIb4H9n21R00Q=,nEKg3dP2XUzsdRrHGMBdzks1tMU=
11,12,ohH+eBJkdjzvP5KIb4H9n21R00Q=,nEKg3dP2XUzsdRrHGMBdzks1tMU=
10,12,ohH+eBJkdjzvP5KIb4H9n21R00Q=,nEKg3dP2XUzsdRrHGMBdzks1tMU=
14,9,ohH+eBJkdjzvP5KIb4H9n21R00Q=,nEKg3dP2XUzsdRrHGMBdzks1tMU=
14,13,ohH+eBJkdjzvP5KIb4H9n21R00Q=,nEKg3dP2XUzsdRrHGMBdzks1tMU=
13,9,ohH+eBJkdjzvP5KIb4H9n21R00Q=,nEKg3dP2XUzsdRrHGMBdzks1tMU=
13,13,ohH+eBJkdjzvP5KIb4H9n21R00Q=,nEKg3dP2XUzsdRrHGMBdzks1tMU=
9,12,ohH+eBJkdjzvP5KIb4H9n21R00Q=,nEKg3dP2XUzsdRrHGMBdzks1tMU=
12,13,ohH+eBJkdjzvP5KIb4H9n21R00Q=,nEKg3dP2XUzsdRrHGMBdzks1tMU=
15,9,ohH+eBJkdjzvP5KIb4H9n21R00Q=,nEKg3dP2XUzsdRrHGMBdzks1tMU=
15,13,ohH+eBJkdjzvP5KIb4H9n21R00Q=,nEKg3dP2XUzsdRrHGMBdzks1tMU=
15,10,ohH+eBJkdjzvP5KIb4H9n21R00Q=,nEKg3dP2XUzsdRrHGMBdzks1tMU=
15,12,ohH+eBJkdjzvP5KIb4H9n21R00Q=,nEKg3dP2XUzsdRrHGMBdzks1tMU=
15,14,ohH+eBJkdjzvP5KIb4H9n21R00Q=,nEKg3dP2XUzsdRrHGMBdzks1tMU=
15,11,ohH+eBJkdjzvP5KIb4H9n21R00Q=,nEKg3dP2XUzsdRrHGMBdzks1tMU=
5,9,zuuECGi4L0biapvhKCqLBfsAjlM=,d023xwrNwGWjRThLp+fnjkYZyUc=
1,13,zuuECGi4L0biapvhKCqLBfsAjlM=,d023xwrNwGWjRThLp+fnjkYZyUc=
1,12,zuuECGi4L0biapvhKCqLBfsAjlM=,d023xwrNwGWjRThLp+fnjkYZyUc=
7,10,zuuECGi4L0biapvhKCqLBfsAjlM=,d023xwrNwGWjRThLp+fnjkYZyUc=
8,13,ohH+eBJkdjzvP5KIb4H9n21R00Q=,nEKg3dP2XUzsdRrHGMBdzks1tMU=
6,12,zuuECGi4L0biapvhKCqLBfsAjlM=,d023xwrNwGWjRThLp+fnjkYZyUc=
4,15,zuuECGi4L0biapvhKCqLBfsAjlM=,d023xwrNwGWjRThLp+fnjkYZyUc=
8,9,ohH+eBJkdjzvP5KIb4H9n21R00Q=,nEKg3dP2XUzsdRrHGMBdzks1tMU=
3,15,zuuECGi4L0biapvhKCqLBfsAjlM=,d023xwrNwGWjRThLp+fnjkYZyUc=
2,15,zuuECGi4L0biapvhKCqLBfsAjlM=,d023xwrNwGWjRThLp+fnjkYZyUc=
1,15,zuuECGi4L0biapvhKCqLBfsAjlM=,d023xwrNwGWjRThLp+fnjkYZyUc=
4,9,zuuECGi4L0biapvhKCqLBfsAjlM=,d023xwrNwGWjRThLp+fnjkYZyUc=
8,11,ohH+eBJkdjzvP5KIb4H9n21R00Q=,nEKg3dP2XUzsdRrHGMBdzks1tMU=
7,9,zuuECGi4L0biapvhKCqLBfsAjlM=,d023xwrNwGWjRThLp+fnjkYZyUc=
2,14,zuuECGi4L0biapvhKCqLBfsAjlM=,d023xwrNwGWjRThLp+fnjkYZyUc=
1,14,zuuECGi4L0biapvhKCqLBfsAjlM=,d023xwrNwGWjRThLp+fnjkYZyUc=
8,10,ohH+eBJkdjzvP5KIb4H9n21R00Q=,nEKg3dP2XUzsdRrHGMBdzks1tMU=
7,13,zuuECGi4L0biapvhKCqLBfsAjlM=,d023xwrNwGWjRThLp+fnjkYZyUc=
7,11,zuuECGi4L0biapvhKCqLBfsAjlM=,d023xwrNwGWjRThLp+fnjkYZyUc=
6,9,zuuECGi4L0biapvhKCqLBfsAjlM=,d023xwrNwGWjRThLp+fnjkYZyUc=
7,12,zuuECGi4L0biapvhKCqLBfsAjlM=,d023xwrNwGWjRThLp+fnjkYZyUc=
6,10,zuuECGi4L0biapvhKCqLBfsAjlM=,d023xwrNwGWjRThLp+fnjkYZyUc=
6,11,zuuECGi4L0biapvhKCqLBfsAjlM=,d023xwrNwGWjRThLp+fnjkYZyUc=
5,10,zuuECGi4L0biapvhKCqLBfsAjlM=,d023xwrNwGWjRThLp+fnjkYZyUc=
8,12,ohH+eBJkdjzvP5KIb4H9n21R00Q=,nEKg3dP2XUzsdRrHGMBdzks1tMU=
4,10,zuuECGi4L0biapvhKCqLBfsAjlM=,d023xwrNwGWjRThLp+fnjkYZyUc=
5,11,zuuECGi4L0biapvhKCqLBfsAjlM=,d023xwrNwGWjRThLp+fnjkYZyUc=
15,7,zuuECGi4L0biapvhKCqLBfsAjlM=,lJaEMhDHOeW4Zw2nXhoI4ovWtpo=
14,7,zuuECGi4L0biapvhKCqLBfsAjlM=,lJaEMhDHOeW4Zw2nXhoI4ovWtpo=
13,7,zuuECGi4L0biapvhKCqLBfsAjlM=,lJaEMhDHOeW4Zw2nXhoI4ovWtpo=
15,2,zuuECGi4L0biapvhKCqLBfsAjlM=,lJaEMhDHOeW4Zw2nXhoI4ovWtpo=
14,2,zuuECGi4L0biapvhKCqLBfsAjlM=,lJaEMhDHOeW4Zw2nXhoI4ovWtpo=
15,8,ohH+eBJkdjzvP5KIb4H9n21R00Q=,nEKg3dP2XUzsdRrHGMBdzks1tMU=
14,8,ohH+eBJkdjzvP5KIb4H9n21R00Q=,nEKg3dP2XUzsdRrHGMBdzks1tMU=
13,2,zuuECGi4L0biapvhKCqLBfsAjlM=,lJaEMhDHOeW4Zw2nXhoI4ovWtpo=
12,2,zuuECGi4L0biapvhKCqLBfsAjlM=,lJaEMhDHOeW4Zw2nXhoI4ovWtpo=
13,8,ohH+eBJkdjzvP5KIb4H9n21R00Q=,nEKg3dP2XUzsdRrHGMBdzks1tMU=
12,8,ohH+eBJkdjzvP5KIb4H9n21R00Q=,nEKg3dP2XUzsdRrHGMBdzks1tMU=
11,8,ohH+eBJkdjzvP5KIb4H9n21R00Q=,nEKg3dP2XUzsdRrHGMBdzks1tMU=
10,8,ohH+eBJkdjzvP5KIb4H9n21R00Q=,nEKg3dP2XUzsdRrHGMBdzks1tMU=
9,8,ohH+eBJkdjzvP5KIb4H9n21R00Q=,nEKg3dP2XUzsdRrHGMBdzks1tMU=
12,3,zuuECGi4L0biapvhKCqLBfsAjlM=,lJaEMhDHOeW4Zw2nXhoI4ovWtpo=
13,3,zuuECGi4L0biapvhKCqLBfsAjlM=,lJaEMhDHOeW4Zw2nXhoI4ovWtpo=
14,3,zuuECGi4L0biapvhKCqLBfsAjlM=,lJaEMhDHOeW4Zw2nXhoI4ovWtpo=
15,3,zuuECGi4L0biapvhKCqLBfsAjlM=,lJaEMhDHOeW4Zw2nXhoI4ovWtpo=
14,4,zuuECGi4L0biapvhKCqLBfsAjlM=,lJaEMhDHOeW4Zw2nXhoI4ovWtpo=
15,4,zuuECGi4L0biapvhKCqLBfsAjlM=,lJaEMhDHOeW4Zw2nXhoI4ovWtpo=
12,7,zuuECGi4L0biapvhKCqLBfsAjlM=,lJaEMhDHOeW4Zw2nXhoI4ovWtpo=
13,4,zuuECGi4L0biapvhKCqLBfsAjlM=,lJaEMhDHOeW4Zw2nXhoI4ovWtpo=
9,6,zuuECGi4L0biapvhKCqLBfsAjlM=,lJaEMhDHOeW4Zw2nXhoI4ovWtpo=
15,5,zuuECGi4L0biapvhKCqLBfsAjlM=,lJaEMhDHOeW4Zw2nXhoI4ovWtpo=
14,5,zuuECGi4L0biapvhKCqLBfsAjlM=,lJaEMhDHOeW4Zw2nXhoI4ovWtpo=
10,7,zuuECGi4L0biapvhKCqLBfsAjlM=,lJaEMhDHOeW4Zw2nXhoI4ovWtpo=
9,7,zuuECGi4L0biapvhKCqLBfsAjlM=,lJaEMhDHOeW4Zw2nXhoI4ovWtpo=
15,6,zuuECGi4L0biapvhKCqLBfsAjlM=,lJaEMhDHOeW4Zw2nXhoI4ovWtpo=
12,4,zuuECGi4L0biapvhKCqLBfsAjlM=,lJaEMhDHOeW4Zw2nXhoI4ovWtpo=
12,5,zuuECGi4L0biapvhKCqLBfsAjlM=,lJaEMhDHOeW4Zw2nXhoI4ovWtpo=
14,6,zuuECGi4L0biapvhKCqLBfsAjlM=,lJaEMhDHOeW4Zw2nXhoI4ovWtpo=
13,6,zuuECGi4L0biapvhKCqLBfsAjlM=,lJaEMhDHOeW4Zw2nXhoI4ovWtpo=
12,6,zuuECGi4L0biapvhKCqLBfsAjlM=,lJaEMhDHOeW4Zw2nXhoI4ovWtpo=
13,5,zuuECGi4L0biapvhKCqLBfsAjlM=,lJaEMhDHOeW4Zw2nXhoI4ovWtpo=
0,15,zuuECGi4L0biapvhKCqLBfsAjlM=,d023xwrNwGWjRThLp+fnjkYZyUc=
0,14,zuuECGi4L0biapvhKCqLBfsAjlM=,d023xwrNwGWjRThLp+fnjkYZyUc=
3,13,zuuECGi4L0biapvhKCqLBfsAjlM=,d023xwrNwGWjRThLp+fnjkYZyUc=
3,14,zuuECGi4L0biapvhKCqLBfsAjlM=,d023xwrNwGWjRThLp+fnjkYZyUc=
2,13,zuuECGi4L0biapvhKCqLBfsAjlM=,d023xwrNwGWjRThLp+fnjkYZyUc=
0,12,zuuECGi4L0biapvhKCqLBfsAjlM=,d023xwrNwGWjRThLp+fnjkYZyUc=
0,13,zuuECGi4L0biapvhKCqLBfsAjlM=,d023xwrNwGWjRThLp+fnjkYZyUc=
3,12,zuuECGi4L0biapvhKCqLBfsAjlM=,d023xwrNwGWjRThLp+fnjkYZyUc=
15,15,ohH+eBJkdjzvP5KIb4H9n21R00Q=,nEKg3dP2XUzsdRrHGMBdzks1tMU=
14,15,ohH+eBJkdjzvP5KIb4H9n21R00Q=,nEKg3dP2XUzsdRrHGMBdzks1tMU=
13,15,ohH+eBJkdjzvP5KIb4H9n21R00Q=,nEKg3dP2XUzsdRrHGMBdzks1tMU=
12,15,ohH+eBJkdjzvP5KIb4H9n21R00Q=,nEKg3dP2XUzsdRrHGMBdzks1tMU=
11,15,ohH+eBJkdjzvP5KIb4H9n21R00Q=,nEKg3dP2XUzsdRrHGMBdzks1tMU=
10,6,zuuECGi4L0biapvhKCqLBfsAjlM=,lJaEMhDHOeW4Zw2nXhoI4ovWtpo=
10,14,ohH+eBJkdjzvP5KIb4H9n21R00Q=,nEKg3dP2XUzsdRrHGMBdzks1tMU=
6,8,zuuECGi4L0biapvhKCqLBfsAjlM=,d023xwrNwGWjRThLp+fnjkYZyUc=
2,12,zuuECGi4L0biapvhKCqLBfsAjlM=,d023xwrNwGWjRThLp+fnjkYZyUc=
9,14,ohH+eBJkdjzvP5KIb4H9n21R00Q=,nEKg3dP2XUzsdRrHGMBdzks1tMU=
5,12,zuuECGi4L0biapvhKCqLBfsAjlM=,d023xwrNwGWjRThLp+fnjkYZyUc=
5,15,zuuECGi4L0biapvhKCqLBfsAjlM=,d023xwrNwGWjRThLp+fnjkYZyUc=
10,15,ohH+eBJkdjzvP5KIb4H9n21R00Q=,nEKg3dP2XUzsdRrHGMBdzks1tMU=
11,6,zuuECGi4L0biapvhKCqLBfsAjlM=,lJaEMhDHOeW4Zw2nXhoI4ovWtpo=
11,7,zuuECGi4L0biapvhKCqLBfsAjlM=,lJaEMhDHOeW4Zw2nXhoI4ovWtpo=
8,15,ohH+eBJkdjzvP5KIb4H9n21R00Q=,nEKg3dP2XUzsdRrHGMBdzks1tMU=
7,14,zuuECGi4L0biapvhKCqLBfsAjlM=,d023xwrNwGWjRThLp+fnjkYZyUc=
4,8,zuuECGi4L0biapvhKCqLBfsAjlM=,d023xwrNwGWjRThLp+fnjkYZyUc=
8,0,zuuECGi4L0biapvhKCqLBfsAjlM=,lJaEMhDHOeW4Zw2nXhoI4ovWtpo=
4,14,zuuECGi4L0biapvhKCqLBfsAjlM=,d023xwrNwGWjRThLp+fnjkYZyUc=
6,15,zuuECGi4L0biapvhKCqLBfsAjlM=,d023xwrNwGWjRThLp+fnjkYZyUc=
9,15,ohH+eBJkdjzvP5KIb4H9n21R00Q=,nEKg3dP2XUzsdRrHGMBdzks1tMU=
5,8,zuuECGi4L0biapvhKCqLBfsAjlM=,d023xwrNwGWjRThLp+fnjkYZyUc=
6,7,zuuECGi4L0biapvhKCqLBfsAjlM=,Vnb7MB/n80gjvynDwm3QIpl9d5w=
4,13,zuuECGi4L0biapvhKCqLBfsAjlM=,d023xwrNwGWjRThLp+fnjkYZyUc=
7,6,zuuECGi4L0biapvhKCqLBfsAjlM=,Vnb7MB/n80gjvynDwm3QIpl9d5w=
8,8,ohH+eBJkdjzvP5KIb4H9n21R00Q=,nEKg3dP2XUzsdRrHGMBdzks1tMU=
5,7,zuuECGi4L0biapvhKCqLBfsAjlM=,Vnb7MB/n80gjvynDwm3QIpl9d5w=
6,13,zuuECGi4L0biapvhKCqLBfsAjlM=,d023xwrNwGWjRThLp+fnjkYZyUc=
7,8,zuuECGi4L0biapvhKCqLBfsAjlM=,d023xwrNwGWjRThLp+fnjkYZyUc=
8,1,zuuECGi4L0biapvhKCqLBfsAjlM=,lJaEMhDHOeW4Zw2nXhoI4ovWtpo=
7,7,zuuECGi4L0biapvhKCqLBfsAjlM=,Vnb7MB/n80gjvynDwm3QIpl9d5w=
8,7,zuuECGi4L0biapvhKCqLBfsAjlM=,lJaEMhDHOeW4Zw2nXhoI4ovWtpo=
7,15,zuuECGi4L0biapvhKCqLBfsAjlM=,d023xwrNwGWjRThLp+fnjkYZyUc=
8,6,zuuECGi4L0biapvhKCqLBfsAjlM=,lJaEMhDHOeW4Zw2nXhoI4ovWtpo=
11,5,zuuECGi4L0biapvhKCqLBfsAjlM=,lJaEMhDHOeW4Zw2nXhoI4ovWtpo=
10,5,zuuECGi4L0biapvhKCqLBfsAjlM=,lJaEMhDHOeW4Zw2nXhoI4ovWtpo=
8,5,zuuECGi4L0biapvhKCqLBfsAjlM=,lJaEMhDHOeW4Zw2nXhoI4ovWtpo=
9,5,zuuECGi4L0biapvhKCqLBfsAjlM=,lJaEMhDHOeW4Zw2nXhoI4ovWtpo=
4,11,zuuECGi4L0biapvhKCqLBfsAjlM=,d023xwrNwGWjRThLp+fnjkYZyUc=
4,12,zuuECGi4L0biapvhKCqLBfsAjlM=,d023xwrNwGWjRThLp+fnjkYZyUc=
10,0,zuuECGi4L0biapvhKCqLBfsAjlM=,lJaEMhDHOeW4Zw2nXhoI4ovWtpo=
6,14,zuuECGi4L0biapvhKCqLBfsAjlM=,d023xwrNwGWjRThLp+fnjkYZyUc=
9,0,zuuECGi4L0biapvhKCqLBfsAjlM=,lJaEMhDHOeW4Zw2nXhoI4ovWtpo=
11,1,zuuECGi4L0biapvhKCqLBfsAjlM=,lJaEMhDHOeW4Zw2nXhoI4ovWtpo=
10,1,zuuECGi4L0biapvhKCqLBfsAjlM=,lJaEMhDHOeW4Zw2nXhoI4ovWtpo=
0,4,zuuECGi4L0biapvhKCqLBfsAjlM=,Vnb7MB/n80gjvynDwm3QIpl9d5w=
15,1,zuuECGi4L0biapvhKCqLBfsAjlM=,lJaEMhDHOeW4Zw2nXhoI4ovWtpo=
8,14,ohH+eBJkdjzvP5KIb4H9n21R00Q=,nEKg3dP2XUzsdRrHGMBdzks1tMU=
0,3,zuuECGi4L0biapvhKCqLBfsAjlM=,Vnb7MB/n80gjvynDwm3QIpl9d5w=
11,3,zuuECGi4L0biapvhKCqLBfsAjlM=,lJaEMhDHOeW4Zw2nXhoI4ovWtpo=
5,14,zuuECGi4L0biapvhKCqLBfsAjlM=,d023xwrNwGWjRThLp+fnjkYZyUc=
3,9,zuuECGi4L0biapvhKCqLBfsAjlM=,d023xwrNwGWjRThLp+fnjkYZyUc=
9,1,zuuECGi4L0biapvhKCqLBfsAjlM=,lJaEMhDHOeW4Zw2nXhoI4ovWtpo=
8,3,zuuECGi4L0biapvhKCqLBfsAjlM=,lJaEMhDHOeW4Zw2nXhoI4ovWtpo=
9,3,zuuECGi4L0biapvhKCqLBfsAjlM=,lJaEMhDHOeW4Zw2nXhoI4ovWtpo=
0,6,zuuECGi4L0biapvhKCqLBfsAjlM=,Vnb7MB/n80gjvynDwm3QIpl9d5w=
8,2,zuuECGi4L0biapvhKCqLBfsAjlM=,lJaEMhDHOeW4Zw2nXhoI4ovWtpo=
11,2,zuuECGi4L0biapvhKCqLBfsAjlM=,lJaEMhDHOeW4Zw2nXhoI4ovWtpo=
10,2,zuuECGi4L0biapvhKCqLBfsAjlM=,lJaEMhDHOeW4Zw2nXhoI4ovWtpo=
10,3,zuuECGi4L0biapvhKCqLBfsAjlM=,lJaEMhDHOeW4Zw2nXhoI4ovWtpo=
5,13,zuuECGi4L0biapvhKCqLBfsAjlM=,d023xwrNwGWjRThLp+fnjkYZyUc=
8,4,zuuECGi4L0biapvhKCqLBfsAjlM=,lJaEMhDHOeW4Zw2nXhoI4ovWtpo=
9,2,zuuECGi4L0biapvhKCqLBfsAjlM=,lJaEMhDHOeW4Zw2nXhoI4ovWtpo=
1,10,zuuECGi4L0biapvhKCqLBfsAjlM=,d023xwrNwGWjRThLp+fnjkYZyUc=
1,9,zuuECGi4L0biapvhKCqLBfsAjlM=,d023xwrNwGWjRThLp+fnjkYZyUc=
11,4,zuuECGi4L0biapvhKCqLBfsAjlM=,lJaEMhDHOeW4Zw2nXhoI4ovWtpo=
9,4,zuuECGi4L0biapvhKCqLBfsAjlM=,lJaEMhDHOeW4Zw2nXhoI4ovWtpo=
0,7,zuuECGi4L0biapvhKCqLBfsAjlM=,Vnb7MB/n80gjvynDwm3QIpl9d5w=
0,8,zuuECGi4L0biapvhKCqLBfsAjlM=,d023xwrNwGWjRThLp+fnjkYZyUc=
3,8,zuuECGi4L0biapvhKCqLBfsAjlM=,d023xwrNwGWjRThLp+fnjkYZyUc=
10,4,zuuECGi4L0biapvhKCqLBfsAjlM=,lJaEMhDHOeW4Zw2nXhoI4ovWtpo=
3,11,zuuECGi4L0biapvhKCqLBfsAjlM=,d023xwrNwGWjRThLp+fnjkYZyUc=
3,10,zuuECGi4L0biapvhKCqLBfsAjlM=,d023xwrNwGWjRThLp+fnjkYZyUc=
0,1,zuuECGi4L0biapvhKCqLBfsAjlM=,Vnb7MB/n80gjvynDwm3QIpl9d5w=
0,0,zuuECGi4L0biapvhKCqLBfsAjlM=,Vnb7MB/n80gjvynDwm3QIpl9d5w=
1,11,zuuECGi4L0biapvhKCqLBfsAjlM=,d023xwrNwGWjRThLp+fnjkYZyUc=
2,10,zuuECGi4L0biapvhKCqLBfsAjlM=,d023xwrNwGWjRThLp+fnjkYZyUc=
12,1,zuuECGi4L0biapvhKCqLBfsAjlM=,lJaEMhDHOeW4Zw2nXhoI4ovWtpo=
11,0,zuuECGi4L0biapvhKCqLBfsAjlM=,lJaEMhDHOeW4Zw2nXhoI4ovWtpo=
0,9,zuuECGi4L0biapvhKCqLBfsAjlM=,d023xwrNwGWjRThLp+fnjkYZyUc=
2,11,zuuECGi4L0biapvhKCqLBfsAjlM=,d023xwrNwGWjRThLp+fnjkYZyUc=
2,9,zuuECGi4L0biapvhKCqLBfsAjlM=,d023xwrNwGWjRThLp+fnjkYZyUc=
14,1,zuuECGi4L0biapvhKCqLBfsAjlM=,lJaEMhDHOeW4Zw2nXhoI4ovWtpo=
3,3,zuuECGi4L0biapvhKCqLBfsAjlM=,Vnb7MB/n80gjvynDwm3QIpl9d5w=
13,1,zuuECGi4L0biapvhKCqLBfsAjlM=,lJaEMhDHOeW4Zw2nXhoI4ovWtpo=
3,0,zuuECGi4L0biapvhKCqLBfsAjlM=,Vnb7MB/n80gjvynDwm3QIpl9d5w=
0,2,zuuECGi4L0biapvhKCqLBfsAjlM=,Vnb7MB/n80gjvynDwm3QIpl9d5w=
4,2,zuuECGi4L0biapvhKCqLBfsAjlM=,Vnb7MB/n80gjvynDwm3QIpl9d5w=
0,11,zuuECGi4L0biapvhKCqLBfsAjlM=,d023xwrNwGWjRThLp+fnjkYZyUc=
12,0,zuuECGi4L0biapvhKCqLBfsAjlM=,lJaEMhDHOeW4Zw2nXhoI4ovWtpo=
3,6,zuuECGi4L0biapvhKCqLBfsAjlM=,Vnb7MB/n80gjvynDwm3QIpl9d5w=
5,2,zuuECGi4L0biapvhKCqLBfsAjlM=,Vnb7MB/n80gjvynDwm3QIpl9d5w=
3,2,zuuECGi4L0biapvhKCqLBfsAjlM=,Vnb7MB/n80gjvynDwm3QIpl9d5w=
14,0,zuuECGi4L0biapvhKCqLBfsAjlM=,lJaEMhDHOeW4Zw2nXhoI4ovWtpo=
4,6,zuuECGi4L0biapvhKCqLBfsAjlM=,Vnb7MB/n80gjvynDwm3QIpl9d5w=
7,3,zuuECGi4L0biapvhKCqLBfsAjlM=,Vnb7MB/n80gjvynDwm3QIpl9d5w=
15,0,zuuECGi4L0biapvhKCqLBfsAjlM=,lJaEMhDHOeW4Zw2nXhoI4ovWtpo=
2,3,zuuECGi4L0biapvhKCqLBfsAjlM=,Vnb7MB/n80gjvynDwm3QIpl9d5w=
7,5,zuuECGi4L0biapvhKCqLBfsAjlM=,Vnb7MB/n80gjvynDwm3QIpl9d5w=
6,5,zuuECGi4L0biapvhKCqLBfsAjlM=,Vnb7MB/n80gjvynDwm3QIpl9d5w=
13,0,zuuECGi4L0biapvhKCqLBfsAjlM=,lJaEMhDHOeW4Zw2nXhoI4ovWtpo=
1,3,zuuECGi4L0biapvhKCqLBfsAjlM=,Vnb7MB/n80gjvynDwm3QIpl9d5w=
7,1,zuuECGi4L0biapvhKCqLBfsAjlM=,Vnb7MB/n80gjvynDwm3QIpl9d5w=
5,5,zuuECGi4L0biapvhKCqLBfsAjlM=,Vnb7MB/n80gjvynDwm3QIpl9d5w=
6,3,zuuECGi4L0biapvhKCqLBfsAjlM=,Vnb7MB/n80gjvynDwm3QIpl9d5w=
2,2,zuuECGi4L0biapvhKCqLBfsAjlM=,Vnb7MB/n80gjvynDwm3QIpl9d5w=
2,6,zuuECGi4L0biapvhKCqLBfsAjlM=,Vnb7MB/n80gjvynDwm3QIpl9d5w=
0,10,zuuECGi4L0biapvhKCqLBfsAjlM=,d023xwrNwGWjRThLp+fnjkYZyUc=
0,5,zuuECGi4L0biapvhKCqLBfsAjlM=,Vnb7MB/n80gjvynDwm3QIpl9d5w=
2,1,zuuECGi4L0biapvhKCqLBfsAjlM=,Vnb7MB/n80gjvynDwm3QIpl9d5w=
5,3,zuuECGi4L0biapvhKCqLBfsAjlM=,Vnb7MB/n80gjvynDwm3QIpl9d5w=
2,0,zuuECGi4L0biapvhKCqLBfsAjlM=,Vnb7MB/n80gjvynDwm3QIpl9d5w=
4,3,zuuECGi4L0biapvhKCqLBfsAjlM=,Vnb7MB/n80gjvynDwm3QIpl9d5w=
1,1,zuuECGi4L0biapvhKCqLBfsAjlM=,Vnb7MB/n80gjvynDwm3QIpl9d5w=
6,0,zuuECGi4L0biapvhKCqLBfsAjlM=,Vnb7MB/n80gjvynDwm3QIpl9d5w=
6,1,zuuECGi4L0biapvhKCqLBfsAjlM=,Vnb7MB/n80gjvynDwm3QIpl9d5w=
7,2,zuuECGi4L0biapvhKCqLBfsAjlM=,Vnb7MB/n80gjvynDwm3QIpl9d5w=
1,4,zuuECGi4L0biapvhKCqLBfsAjlM=,Vnb7MB/n80gjvynDwm3QIpl9d5w=
1,8,zuuECGi4L0biapvhKCqLBfsAjlM=,d023xwrNwGWjRThLp+fnjkYZyUc=
2,8,zuuECGi4L0biapvhKCqLBfsAjlM=,d023xwrNwGWjRThLp+fnjkYZyUc=
4,5,zuuECGi4L0biapvhKCqLBfsAjlM=,Vnb7MB/n80gjvynDwm3QIpl9d5w=
2,5,zuuECGi4L0biapvhKCqLBfsAjlM=,Vnb7MB/n80gjvynDwm3QIpl9d5w=
1,6,zuuECGi4L0biapvhKCqLBfsAjlM=,Vnb7MB/n80gjvynDwm3QIpl9d5w=
4,7,zuuECGi4L0biapvhKCqLBfsAjlM=,Vnb7MB/n80gjvynDwm3QIpl9d5w=
7,0,zuuECGi4L0biapvhKCqLBfsAjlM=,Vnb7MB/n80gjvynDwm3QIpl9d5w=
4,1,zuuECGi4L0biapvhKCqLBfsAjlM=,Vnb7MB/n80gjvynDwm3QIpl9d5w=
4,0,zuuECGi4L0biapvhKCqLBfsAjlM=,Vnb7MB/n80gjvynDwm3QIpl9d5w=
3,5,zuuECGi4L0biapvhKCqLBfsAjlM=,Vnb7MB/n80gjvynDwm3QIpl9d5w=
6,6,zuuECGi4L0biapvhKCqLBfsAjlM=,Vnb7MB/n80gjvynDwm3QIpl9d5w=
1,5,zuuECGi4L0biapvhKCqLBfsAjlM=,Vnb7MB/n80gjvynDwm3QIpl9d5w=
6,4,zuuECGi4L0biapvhKCqLBfsAjlM=,Vnb7MB/n80gjvynDwm3QIpl9d5w=
2,7,zuuECGi4L0biapvhKCqLBfsAjlM=,Vnb7MB/n80gjvynDwm3QIpl9d5w=
5,4,zuuECGi4L0biapvhKCqLBfsAjlM=,Vnb7MB/n80gjvynDwm3QIpl9d5w=
7,4,zuuECGi4L0biapvhKCqLBfsAjlM=,Vnb7MB/n80gjvynDwm3QIpl9d5w=
3,4,zuuECGi4L0biapvhKCqLBfsAjlM=,Vnb7MB/n80gjvynDwm3QIpl9d5w=
3,1,zuuECGi4L0biapvhKCqLBfsAjlM=,Vnb7MB/n80gjvynDwm3QIpl9d5w=
3,7,zuuECGi4L0biapvhKCqLBfsAjlM=,Vnb7MB/n80gjvynDwm3QIpl9d5w=
1,0,zuuECGi4L0biapvhKCqLBfsAjlM=,Vnb7MB/n80gjvynDwm3QIpl9d5w=
4,4,zuuECGi4L0biapvhKCqLBfsAjlM=,Vnb7MB/n80gjvynDwm3QIpl9d5w=
5,1,zuuECGi4L0biapvhKCqLBfsAjlM=,Vnb7MB/n80gjvynDwm3QIpl9d5w=
1,7,zuuECGi4L0biapvhKCqLBfsAjlM=,Vnb7MB/n80gjvynDwm3QIpl9d5w=
2,4,zuuECGi4L0biapvhKCqLBfsAjlM=,Vnb7MB/n80gjvynDwm3QIpl9d5w=
5,0,zuuECGi4L0biapvhKCqLBfsAjlM=,Vnb7MB/n80gjvynDwm3QIpl9d5w=
6,2,zuuECGi4L0biapvhKCqLBfsAjlM=,Vnb7MB/n80gjvynDwm3QIpl9d5w=
1,2,zuuECGi4L0biapvhKCqLBfsAjlM=,Vnb7MB/n80gjvynDwm3QIpl9d5w=
5,6,zuuECGi4L0biapvhKCqLBfsAjlM=,Vnb7MB/n80gjvynDwm3QIpl9d5w=
9,17,bHc7swg4TrdaobskvpPGpwpv9tI=,lkoj5lusTVMPDmkdyw2aec0KoMs=
4,19,bHc7swg4TrdaobskvpPGpwpv9tI=,V7Zjyw3SNyJ2I/u9c3RtX8KXrdY=
6,21,bHc7swg4TrdaobskvpPGpwpv9tI=,V7Zjyw3SNyJ2I/u9c3RtX8KXrdY=
5,19,bHc7swg4TrdaobskvpPGpwpv9tI=,V7Zjyw3SNyJ2I/u9c3RtX8KXrdY=
8,17,bHc7swg4TrdaobskvpPGpwpv9tI=,lkoj5lusTVMPDmkdyw2aec0KoMs=
8,18,bHc7swg4TrdaobskvpPGpwpv9tI=,lkoj5lusTVMPDmkdyw2aec0KoMs=
2,18,bHc7swg4TrdaobskvpPGpwpv9tI=,V7Zjyw3SNyJ2I/u9c3RtX8KXrdY=
7,21,bHc7swg4TrdaobskvpPGpwpv9tI=,V7Zjyw3SNyJ2I/u9c3RtX8KXrdY=
3,18,bHc7swg4TrdaobskvpPGpwpv9tI=,V7Zjyw3SNyJ2I/u9c3RtX8KXrdY=
6,20,bHc7swg4TrdaobskvpPGpwpv9tI=,V7Zjyw3SNyJ2I/u9c3RtX8KXrdY=
7,20,bHc7swg4TrdaobskvpPGpwpv9tI=,V7Zjyw3SNyJ2I/u9c3RtX8KXrdY=
6,17,bHc7swg4TrdaobskvpPGpwpv9tI=,V7Zjyw3SNyJ2I/u9c3RtX8KXrdY=
6,19,bHc7swg4TrdaobskvpPGpwpv9tI=,V7Zjyw3SNyJ2I/u9c3RtX8KXrdY=
7,19,bHc7swg4TrdaobskvpPGpwpv9tI=,V7Zjyw3SNyJ2I/u9c3RtX8KXrdY=
1,20,bHc7swg4TrdaobskvpPGpwpv9tI=,V7Zjyw3SNyJ2I/u9c3RtX8KXrdY=
2,20,bHc7swg4TrdaobskvpPGpwpv9tI=,V7Zjyw3SNyJ2I/u9c3RtX8KXrdY=
8,19,bHc7swg4TrdaobskvpPGpwpv9tI=,lkoj5lusTVMPDmkdyw2aec0KoMs=
7,17,bHc7swg4TrdaobskvpPGpwpv9tI=,V7Zjyw3SNyJ2I/u9c3RtX8KXrdY=
3,20,bHc7swg4TrdaobskvpPGpwpv9tI=,V7Zjyw3SNyJ2I/u9c3RtX8KXrdY=
4,18,bHc7swg4TrdaobskvpPGpwpv9tI=,V7Zjyw3SNyJ2I/u9c3RtX8KXrdY=
1,21,bHc7swg4TrdaobskvpPGpwpv9tI=,V7Zjyw3SNyJ2I/u9c3RtX8KXrdY=
8,20,bHc7swg4TrdaobskvpPGpwpv9tI=,lkoj5lusTVMPDmkdyw2aec0KoMs=
5,18,bHc7swg4TrdaobskvpPGpwpv9tI=,V7Zjyw3SNyJ2I/u9c3RtX8KXrdY=
8,21,bHc7swg4TrdaobskvpPGpwpv9tI=,lkoj5lusTVMPDmkdyw2aec0KoMs=
6,18,bHc7swg4TrdaobskvpPGpwpv9tI=,V7Zjyw3SNyJ2I/u9c3RtX8KXrdY=
7,18,bHc7swg4TrdaobskvpPGpwpv9tI=,V7Zjyw3SNyJ2I/u9c3RtX8KXrdY=
2,21,bHc7swg4TrdaobskvpPGpwpv9tI=,V7Zjyw3SNyJ2I/u9c3RtX8KXrdY=
8,22,bHc7swg4TrdaobskvpPGpwpv9tI=,lkoj5lusTVMPDmkdyw2aec0KoMs=
1,19,bHc7swg4TrdaobskvpPGpwpv9tI=,V7Zjyw3SNyJ2I/u9c3RtX8KXrdY=
1,22,bHc7swg4TrdaobskvpPGpwpv9tI=,V7Zjyw3SNyJ2I/u9c3RtX8KXrdY=
2,19,bHc7swg4TrdaobskvpPGpwpv9tI=,V7Zjyw3SNyJ2I/u9c3RtX8KXrdY=
2,22,bHc7swg4TrdaobskvpPGpwpv9tI=,V7Zjyw3SNyJ2I/u9c3RtX8KXrdY=
3,22,bHc7swg4TrdaobskvpPGpwpv9tI=,V7Zjyw3SNyJ2I/u9c3RtX8KXrdY=
4,22,bHc7swg4TrdaobskvpPGpwpv9tI=,V7Zjyw3SNyJ2I/u9c3RtX8KXrdY=
1,18,bHc7swg4TrdaobskvpPGpwpv9tI=,V7Zjyw3SNyJ2I/u9c3RtX8KXrdY=
3,21,bHc7swg4TrdaobskvpPGpwpv9tI=,V7Zjyw3SNyJ2I/u9c3RtX8KXrdY=
4,21,bHc7swg4TrdaobskvpPGpwpv9tI=,V7Zjyw3SNyJ2I/u9c3RtX8KXrdY=
1,17,bHc7swg4TrdaobskvpPGpwpv9tI=,V7Zjyw3SNyJ2I/u9c3RtX8KXrdY=
4,20,bHc7swg4TrdaobskvpPGpwpv9tI=,V7Zjyw3SNyJ2I/u9c3RtX8KXrdY=
2,17,bHc7swg4TrdaobskvpPGpwpv9tI=,V7Zjyw3SNyJ2I/u9c3RtX8KXrdY=
5,20,bHc7swg4TrdaobskvpPGpwpv9tI=,V7Zjyw3SNyJ2I/u9c3RtX8KXrdY=
3,19,bHc7swg4TrdaobskvpPGpwpv9tI=,V7Zjyw3SNyJ2I/u9c3RtX8KXrdY=
5,22,bHc7swg4TrdaobskvpPGpwpv9tI=,V7Zjyw3SNyJ2I/u9c3RtX8KXrdY=
5,21,bHc7swg4TrdaobskvpPGpwpv9tI=,V7Zjyw3SNyJ2I/u9c3RtX8KXrdY=
6,22,bHc7swg4TrdaobskvpPGpwpv9tI=,V7Zjyw3SNyJ2I/u9c3RtX8KXrdY=
7,22,bHc7swg4TrdaobskvpPGpwpv9tI=,V7Zjyw3SNyJ2I/u9c3RtX8KXrdY=
3,17,bHc7swg4TrdaobskvpPGpwpv9tI=,V7Zjyw3SNyJ2I/u9c3RtX8KXrdY=
4,17,bHc7swg4TrdaobskvpPGpwpv9tI=,V7Zjyw3SNyJ2I/u9c3RtX8KXrdY=
5,17,bHc7swg4TrdaobskvpPGpwpv9tI=,V7Zjyw3SNyJ2I/u9c3RtX8KXrdY=
1,23,bHc7swg4TrdaobskvpPGpwpv9tI=,V7Zjyw3SNyJ2I/u9c3RtX8KXrdY=
2,23,bHc7swg4TrdaobskvpPGpwpv9tI=,V7Zjyw3SNyJ2I/u9c3RtX8KXrdY=
3,23,bHc7swg4TrdaobskvpPGpwpv9tI=,V7Zjyw3SNyJ2I/u9c3RtX8KXrdY=
4,23,bHc7swg4TrdaobskvpPGpwpv9tI=,V7Zjyw3SNyJ2I/u9c3RtX8KXrdY=
5,23,bHc7swg4TrdaobskvpPGpwpv9tI=,V7Zjyw3SNyJ2I/u9c3RtX8KXrdY=
6,23,bHc7swg4TrdaobskvpPGpwpv9tI=,V7Zjyw3SNyJ2I/u9c3RtX8KXrdY=
14,17,bHc7swg4TrdaobskvpPGpwpv9tI=,lkoj5lusTVMPDmkdyw2aec0KoMs=
15,18,bHc7swg4TrdaobskvpPGpwpv9tI=,lkoj5lusTVMPDmkdyw2aec0KoMs=
15,19,bHc7swg4TrdaobskvpPGpwpv9tI=,lkoj5lusTVMPDmkdyw2aec0KoMs=
15,20,bHc7swg4TrdaobskvpPGpwpv9tI=,lkoj5lusTVMPDmkdyw2aec0KoMs=
15,21,bHc7swg4TrdaobskvpPGpwpv9tI=,lkoj5lusTVMPDmkdyw2aec0KoMs=
15,22,bHc7swg4TrdaobskvpPGpwpv9tI=,lkoj5lusTVMPDmkdyw2aec0KoMs=
15,17,bHc7swg4TrdaobskvpPGpwpv9tI=,lkoj5lusTVMPDmkdyw2aec0KoMs=
13,17,bHc7swg4TrdaobskvpPGpwpv9tI=,lkoj5lusTVMPDmkdyw2aec0KoMs=
12,17,bHc7swg4TrdaobskvpPGpwpv9tI=,lkoj5lusTVMPDmkdyw2aec0KoMs=
14,22,bHc7swg4TrdaobskvpPGpwpv9tI=,lkoj5lusTVMPDmkdyw2aec0KoMs=
13,22,bHc7swg4TrdaobskvpPGpwpv9tI=,lkoj5lusTVMPDmkdyw2aec0KoMs=
12,22,bHc7swg4TrdaobskvpPGpwpv9tI=,lkoj5lusTVMPDmkdyw2aec0KoMs=
11,22,bHc7swg4TrdaobskvpPGpwpv9tI=,lkoj5lusTVMPDmkdyw2aec0KoMs=
10,22,bHc7swg4TrdaobskvpPGpwpv9tI=,lkoj5lusTVMPDmkdyw2aec0KoMs=
14,21,bHc7swg4TrdaobskvpPGpwpv9tI=,lkoj5lusTVMPDmkdyw2aec0KoMs=
9,22,bHc7swg4TrdaobskvpPGpwpv9tI=,lkoj5lusTVMPDmkdyw2aec0KoMs=
13,21,bHc7swg4TrdaobskvpPGpwpv9tI=,lkoj5lusTVMPDmkdyw2aec0KoMs=
12,21,bHc7swg4TrdaobskvpPGpwpv9tI=,lkoj5lusTVMPDmkdyw2aec0KoMs=
11,17,bHc7swg4TrdaobskvpPGpwpv9tI=,lkoj5lusTVMPDmkdyw2aec0KoMs=
11,21,bHc7swg4TrdaobskvpPGpwpv9tI=,lkoj5lusTVMPDmkdyw2aec0KoMs=
10,17,bHc7swg4TrdaobskvpPGpwpv9tI=,lkoj5lusTVMPDmkdyw2aec0KoMs=
10,21,bHc7swg4TrdaobskvpPGpwpv9tI=,lkoj5lusTVMPDmkdyw2aec0KoMs=
9,21,bHc7swg4TrdaobskvpPGpwpv9tI=,lkoj5lusTVMPDmkdyw2aec0KoMs=
14,20,bHc7swg4TrdaobskvpPGpwpv9tI=,lkoj5lusTVMPDmkdyw2aec0KoMs=
13,20,bHc7swg4TrdaobskvpPGpwpv9tI=,lkoj5lusTVMPDmkdyw2aec0KoMs=
12,20,bHc7swg4TrdaobskvpPGpwpv9tI=,lkoj5lusTVMPDmkdyw2aec0KoMs=
11,20,bHc7swg4TrdaobskvpPGpwpv9tI=,lkoj5lusTVMPDmkdyw2aec0KoMs=
10,20,bHc7swg4TrdaobskvpPGpwpv9tI=,lkoj5lusTVMPDmkdyw2aec0KoMs=
9,20,bHc7swg4TrdaobskvpPGpwpv9tI=,lkoj5lusTVMPDmkdyw2aec0KoMs=
14,19,bHc7swg4TrdaobskvpPGpwpv9tI=,lkoj5lusTVMPDmkdyw2aec0KoMs=
12,19,bHc7swg4TrdaobskvpPGpwpv9tI=,lkoj5lusTVMPDmkdyw2aec0KoMs=
13,19,bHc7swg4TrdaobskvpPGpwpv9tI=,lkoj5lusTVMPDmkdyw2aec0KoMs=
11,19,bHc7swg4TrdaobskvpPGpwpv9tI=,lkoj5lusTVMPDmkdyw2aec0KoMs=
10,19,bHc7swg4TrdaobskvpPGpwpv9tI=,lkoj5lusTVMPDmkdyw2aec0KoMs=
9,19,bHc7swg4TrdaobskvpPGpwpv9tI=,lkoj5lusTVMPDmkdyw2aec0KoMs=
14,18,bHc7swg4TrdaobskvpPGpwpv9tI=,lkoj5lusTVMPDmkdyw2aec0KoMs=
13,18,bHc7swg4TrdaobskvpPGpwpv9tI=,lkoj5lusTVMPDmkdyw2aec0KoMs=
12,18,bHc7swg4TrdaobskvpPGpwpv9tI=,lkoj5lusTVMPDmkdyw2aec0KoMs=
11,18,bHc7swg4TrdaobskvpPGpwpv9tI=,lkoj5lusTVMPDmkdyw2aec0KoMs=
10,18,bHc7swg4TrdaobskvpPGpwpv9tI=,lkoj5lusTVMPDmkdyw2aec0KoMs=
9,18,bHc7swg4TrdaobskvpPGpwpv9tI=,lkoj5lusTVMPDmkdyw2aec0KoMs=
0,23,bHc7swg4TrdaobskvpPGpwpv9tI=,V7Zjyw3SNyJ2I/u9c3RtX8KXrdY=
0,18,bHc7swg4TrdaobskvpPGpwpv9tI=,V7Zjyw3SNyJ2I/u9c3RtX8KXrdY=
0,20,bHc7swg4TrdaobskvpPGpwpv9tI=,V7Zjyw3SNyJ2I/u9c3RtX8KXrdY=
0,21,bHc7swg4TrdaobskvpPGpwpv9tI=,V7Zjyw3SNyJ2I/u9c3RtX8KXrdY=
0,19,bHc7swg4TrdaobskvpPGpwpv9tI=,V7Zjyw3SNyJ2I/u9c3RtX8KXrdY=
0,22,bHc7swg4TrdaobskvpPGpwpv9tI=,V7Zjyw3SNyJ2I/u9c3RtX8KXrdY=
0,17,bHc7swg4TrdaobskvpPGpwpv9tI=,V7Zjyw3SNyJ2I/u9c3RtX8KXrdY=
8,23,bHc7swg4TrdaobskvpPGpwpv9tI=,lkoj5lusTVMPDmkdyw2aec0KoMs=
9,23,bHc7swg4TrdaobskvpPGpwpv9tI=,lkoj5lusTVMPDmkdyw2aec0KoMs=
10,23,bHc7swg4TrdaobskvpPGpwpv9tI=,lkoj5lusTVMPDmkdyw2aec0KoMs=
11,23,bHc7swg4TrdaobskvpPGpwpv9tI=,lkoj5lusTVMPDmkdyw2aec0KoMs=
12,23,bHc7swg4TrdaobskvpPGpwpv9tI=,lkoj5lusTVMPDmkdyw2aec0KoMs=
13,23,bHc7swg4TrdaobskvpPGpwpv9tI=,lkoj5lusTVMPDmkdyw2aec0KoMs=
14,23,bHc7swg4TrdaobskvpPGpwpv9tI=,lkoj5lusTVMPDmkdyw2aec0KoMs=
7,23,bHc7swg4TrdaobskvpPGpwpv9tI=,V7Zjyw3SNyJ2I/u9c3RtX8KXrdY=
15,23,bHc7swg4TrdaobskvpPGpwpv9tI=,lkoj5lusTVMPDmkdyw2aec0KoMs=
11,16,bHc7swg4TrdaobskvpPGpwpv9tI=,lkoj5lusTVMPDmkdyw2aec0KoMs=
12,16,bHc7swg4TrdaobskvpPGpwpv9tI=,lkoj5lusTVMPDmkdyw2aec0KoMs=
13,16,bHc7swg4TrdaobskvpPGpwpv9tI=,lkoj5lusTVMPDmkdyw2aec0KoMs=
14,16,bHc7swg4TrdaobskvpPGpwpv9tI=,lkoj5lusTVMPDmkdyw2aec0KoMs=
15,16,bHc7swg4TrdaobskvpPGpwpv9tI=,lkoj5lusTVMPDmkdyw2aec0KoMs=
0,16,bHc7swg4TrdaobskvpPGpwpv9tI=,V7Zjyw3SNyJ2I/u9c3RtX8KXrdY=
3,16,bHc7swg4TrdaobskvpPGpwpv9tI=,V7Zjyw3SNyJ2I/u9c3RtX8KXrdY=
2,16,bHc7swg4TrdaobskvpPGpwpv9tI=,V7Zjyw3SNyJ2I/u9c3RtX8KXrdY=
4,16,bHc7swg4TrdaobskvpPGpwpv9tI=,V7Zjyw3SNyJ2I/u9c3RtX8KXrdY=
5,16,bHc7swg4TrdaobskvpPGpwpv9tI=,V7Zjyw3SNyJ2I/u9c3RtX8KXrdY=
1,16,bHc7swg4TrdaobskvpPGpwpv9tI=,V7Zjyw3SNyJ2I/u9c3RtX8KXrdY=
10,16,bHc7swg4TrdaobskvpPGpwpv9tI=,lkoj5lusTVMPDmkdyw2aec0KoMs=
8,16,bHc7swg4TrdaobskvpPGpwpv9tI=,lkoj5lusTVMPDmkdyw2aec0KoMs=
6,16,bHc7swg4TrdaobskvpPGpwpv9tI=,V7Zjyw3SNyJ2I/u9c3RtX8KXrdY=
7,16,bHc7swg4TrdaobskvpPGpwpv9tI=,V7Zjyw3SNyJ2I/u9c3RtX8KXrdY=
9,16,bHc7swg4TrdaobskvpPGpwpv9tI=,lkoj5lusTVMPDmkdyw2aec0KoMs=
21,6,zzA6vdUSHuktOMEiRlYRVkqyfFM=,4ugz9KkFY4lSexBiYOkkmvBsLWw=
22,7,zzA6vdUSHuktOMEiRlYRVkqyfFM=,4ugz9KkFY4lSexBiYOkkmvBsLWw=
23,7,zzA6vdUSHuktOMEiRlYRVkqyfFM=,4ugz9KkFY4lSexBiYOkkmvBsLWw=
20,5,zzA6vdUSHuktOMEiRlYRVkqyfFM=,4ugz9KkFY4lSexBiYOkkmvBsLWw=
20,1,zzA6vdUSHuktOMEiRlYRVkqyfFM=,4ugz9KkFY4lSexBiYOkkmvBsLWw=
18,2,zzA6vdUSHuktOMEiRlYRVkqyfFM=,4ugz9KkFY4lSexBiYOkkmvBsLWw=
22,6,zzA6vdUSHuktOMEiRlYRVkqyfFM=,4ugz9KkFY4lSexBiYOkkmvBsLWw=
19,2,zzA6vdUSHuktOMEiRlYRVkqyfFM=,4ugz9KkFY4lSexBiYOkkmvBsLWw=
20,2,zzA6vdUSHuktOMEiRlYRVkqyfFM=,4ugz9KkFY4lSexBiYOkkmvBsLWw=
21,2,zzA6vdUSHuktOMEiRlYRVkqyfFM=,4ugz9KkFY4lSexBiYOkkmvBsLWw=
22,2,zzA6vdUSHuktOMEiRlYRVkqyfFM=,4ugz9KkFY4lSexBiYOkkmvBsLWw=
23,6,zzA6vdUSHuktOMEiRlYRVkqyfFM=,4ugz9KkFY4lSexBiYOkkmvBsLWw=
23,2,zzA6vdUSHuktOMEiRlYRVkqyfFM=,4ugz9KkFY4lSexBiYOkkmvBsLWw=
22,1,zzA6vdUSHuktOMEiRlYRVkqyfFM=,4ugz9KkFY4lSexBiYOkkmvBsLWw=
21,7,zzA6vdUSHuktOMEiRlYRVkqyfFM=,4ugz9KkFY4lSexBiYOkkmvBsLWw=
18,3,zzA6vdUSHuktOMEiRlYRVkqyfFM=,4ugz9KkFY4lSexBiYOkkmvBsLWw=
20,6,zzA6vdUSHuktOMEiRlYRVkqyfFM=,4ugz9KkFY4lSexBiYOkkmvBsLWw=
20,0,zzA6vdUSHuktOMEiRlYRVkqyfFM=,4ugz9KkFY4lSexBiYOkkmvBsLWw=
21,5,zzA6vdUSHuktOMEiRlYRVkqyfFM=,4ugz9KkFY4lSexBiYOkkmvBsLWw=
20,7,zzA6vdUSHuktOMEiRlYRVkqyfFM=,4ugz9KkFY4lSexBiYOkkmvBsLWw=
19,0,zzA6vdUSHuktOMEiRlYRVkqyfFM=,4ugz9KkFY4lSexBiYOkkmvBsLWw=
20,3,zzA6vdUSHuktOMEiRlYRVkqyfFM=,4ugz9KkFY4lSexBiYOkkmvBsLWw=
22,5,zzA6vdUSHuktOMEiRlYRVkqyfFM=,4ugz9KkFY4lSexBiYOkkmvBsLWw=
19,3,zzA6vdUSHuktOMEiRlYRVkqyfFM=,4ugz9KkFY4lSexBiYOkkmvBsLWw=
19,1,zzA6vdUSHuktOMEiRlYRVkqyfFM=,4ugz9KkFY4lSexBiYOkkmvBsLWw=
19,6,zzA6vdUSHuktOMEiRlYRVkqyfFM=,4ugz9KkFY4lSexBiYOkkmvBsLWw=
21,3,zzA6vdUSHuktOMEiRlYRVkqyfFM=,4ugz9KkFY4lSexBiYOkkmvBsLWw=
20,4,zzA6vdUSHuktOMEiRlYRVkqyfFM=,4ugz9KkFY4lSexBiYOkkmvBsLWw=
19,7,zzA6vdUSHuktOMEiRlYRVkqyfFM=,4ugz9KkFY4lSexBiYOkkmvBsLWw=
21,4,zzA6vdUSHuktOMEiRlYRVkqyfFM=,4ugz9KkFY4lSexBiYOkkmvBsLWw=
18,7,zzA6vdUSHuktOMEiRlYRVkqyfFM=,4ugz9KkFY4lSexBiYOkkmvBsLWw=
22,4,zzA6vdUSHuktOMEiRlYRVkqyfFM=,4ugz9KkFY4lSexBiYOkkmvBsLWw=
19,5,zzA6vdUSHuktOMEiRlYRVkqyfFM=,4ugz9KkFY4lSexBiYOkkmvBsLWw=
18,1,zzA6vdUSHuktOMEiRlYRVkqyfFM=,4ugz9KkFY4lSexBiYOkkmvBsLWw=
23,5,zzA6vdUSHuktOMEiRlYRVkqyfFM=,4ugz9KkFY4lSexBiYOkkmvBsLWw=
17,2,zzA6vdUSHuktOMEiRlYRVkqyfFM=,4ugz9KkFY4lSexBiYOkkmvBsLWw=
23,4,zzA6vdUSHuktOMEiRlYRVkqyfFM=,4ugz9KkFY4lSexBiYOkkmvBsLWw=
23,0,zzA6vdUSHuktOMEiRlYRVkqyfFM=,4ugz9KkFY4lSexBiYOkkmvBsLWw=
18,6,zzA6vdUSHuktOMEiRlYRVkqyfFM=,4ugz9KkFY4lSexBiYOkkmvBsLWw=
17,5,zzA6vdUSHuktOMEiRlYRVkqyfFM=,4ugz9KkFY4lSexBiYOkkmvBsLWw=
19,4,zzA6vdUSHuktOMEiRlYRVkqyfFM=,4ugz9KkFY4lSexBiYOkkmvBsLWw=
18,4,zzA6vdUSHuktOMEiRlYRVkqyfFM=,4ugz9KkFY4lSexBiYOkkmvBsLWw=
21,0,zzA6vdUSHuktOMEiRlYRVkqyfFM=,4ugz9KkFY4lSexBiYOkkmvBsLWw=
17,4,zzA6vdUSHuktOMEiRlYRVkqyfFM=,4ugz9KkFY4lSexBiYOkkmvBsLWw=
22,3,zzA6vdUSHuktOMEiRlYRVkqyfFM=,4ugz9KkFY4lSexBiYOkkmvBsLWw=
17,7,zzA6vdUSHuktOMEiRlYRVkqyfFM=,4ugz9KkFY4lSexBiYOkkmvBsLWw=
21,1,zzA6vdUSHuktOMEiRlYRVkqyfFM=,4ugz9KkFY4lSexBiYOkkmvBsLWw=
23,3,zzA6vdUSHuktOMEiRlYRVkqyfFM=,4ugz9KkFY4lSexBiYOkkmvBsLWw=
18,5,zzA6vdUSHuktOMEiRlYRVkqyfFM=,4ugz9KkFY4lSexBiYOkkmvBsLWw=
17,3,zzA6vdUSHuktOMEiRlYRVkqyfFM=,4ugz9KkFY4lSexBiYOkkmvBsLWw=
22,0,zzA6vdUSHuktOMEiRlYRVkqyfFM=,4ugz9KkFY4lSexBiYOkkmvBsLWw=
17,6,zzA6vdUSHuktOMEiRlYRVkqyfFM=,4ugz9KkFY4lSexBiYOkkmvBsLWw=
23,1,zzA6vdUSHuktOMEiRlYRVkqyfFM=,4ugz9KkFY4lSexBiYOkkmvBsLWw=
16,2,zzA6vdUSHuktOMEiRlYRVkqyfFM=,4ugz9KkFY4lSexBiYOkkmvBsLWw=
16,3,zzA6vdUSHuktOMEiRlYRVkqyfFM=,4ugz9KkFY4lSexBiYOkkmvBsLWw=
16,4,zzA6vdUSHuktOMEiRlYRVkqyfFM=,4ugz9KkFY4lSexBiYOkkmvBsLWw=
16,5,zzA6vdUSHuktOMEiRlYRVkqyfFM=,4ugz9KkFY4lSexBiYOkkmvBsLWw=
16,7,zzA6vdUSHuktOMEiRlYRVkqyfFM=,4ugz9KkFY4lSexBiYOkkmvBsLWw=
16,6,zzA6vdUSHuktOMEiRlYRVkqyfFM=,4ugz9KkFY4lSexBiYOkkmvBsLWw=
17,1,zzA6vdUSHuktOMEiRlYRVkqyfFM=,4ugz9KkFY4lSexBiYOkkmvBsLWw=
16,1,zzA6vdUSHuktOMEiRlYRVkqyfFM=,4ugz9KkFY4lSexBiYOkkmvBsLWw=
18,0,zzA6vdUSHuktOMEiRlYRVkqyfFM=,4ugz9KkFY4lSexBiYOkkmvBsLWw=
17,0,zzA6vdUSHuktOMEiRlYRVkqyfFM=,4ugz9KkFY4lSexBiYOkkmvBsLWw=
16,0,zzA6vdUSHuktOMEiRlYRVkqyfFM=,4ugz9KkFY4lSexBiYOkkmvBsLWw=
