-123,0,1tczL2NW/LlHGk7zb3YBbldrZVI=,z9pIwnsVlNZ+kel5wQJ6QR96elQ=
-121,3,1tczL2NW/LlHGk7zb3YBbldrZVI=,z9pIwnsVlNZ+kel5wQJ6QR96elQ=
-120,3,1tczL2NW/LlHGk7zb3YBbldrZVI=,z9pIwnsVlNZ+kel5wQJ6QR96elQ=
-119,3,1tczL2NW/LlHGk7zb3YBbldrZVI=,z9pIwnsVlNZ+kel5wQJ6QR96elQ=
-118,3,1tczL2NW/LlHGk7zb3YBbldrZVI=,z9pIwnsVlNZ+kel5wQJ6QR96elQ=
-117,3,1tczL2NW/LlHGk7zb3YBbldrZVI=,z9pIwnsVlNZ+kel5wQJ6QR96elQ=
-116,3,1tczL2NW/LlHGk7zb3YBbldrZVI=,z9pIwnsVlNZ+kel5wQJ6QR96elQ=
-115,3,1tczL2NW/LlHGk7zb3YBbldrZVI=,z9pIwnsVlNZ+kel5wQJ6QR96elQ=
-114,3,1tczL2NW/LlHGk7zb3YBbldrZVI=,z9pIwnsVlNZ+kel5wQJ6QR96elQ=
-122,1,1tczL2NW/LlHGk7zb3YBbldrZVI=,z9pIwnsVlNZ+kel5wQJ6QR96elQ=
-113,3,1tczL2NW/LlHGk7zb3YBbldrZVI=,z9pIwnsVlNZ+kel5wQJ6QR96elQ=
-121,2,1tczL2NW/LlHGk7zb3YBbldrZVI=,z9pIwnsVlNZ+kel5wQJ6QR96elQ=
-122,0,1tczL2NW/LlHGk7zb3YBbldrZVI=,z9pIwnsVlNZ+kel5wQJ6QR96elQ=
-127,4,1tczL2NW/LlHGk7zb3YBbldrZVI=,z9pIwnsVlNZ+kel5wQJ6QR96elQ=
-126,4,1tczL2NW/LlHGk7zb3YBbldrZVI=,z9pIwnsVlNZ+kel5wQJ6QR96elQ=
-128,4,1tczL2NW/LlHGk7zb3YBbldrZVI=,z9pIwnsVlNZ+kel5wQJ6QR96elQ=
-125,4,1tczL2NW/LlHGk7zb3YBbldrZVI=,z9pIwnsVlNZ+kel5wQJ6QR96elQ=
-124,4,1tczL2NW/LlHGk7zb3YBbldrZVI=,z9pIwnsVlNZ+kel5wQJ6QR96elQ=
-122,4,1tczL2NW/LlHGk7zb3YBbldrZVI=,z9pIwnsVlNZ+kel5wQJ6QR96elQ=
-123,4,1tczL2NW/LlHGk7zb3YBbldrZVI=,z9pIwnsVlNZ+kel5wQJ6QR96elQ=
-121,4,1tczL2NW/LlHGk7zb3YBbldrZVI=,z9pIwnsVlNZ+kel5wQJ6QR96elQ=
-120,4,1tczL2NW/LlHGk7zb3YBbldrZVI=,z9pIwnsVlNZ+kel5wQJ6QR96elQ=
-119,4,1tczL2NW/LlHGk7zb3YBbldrZVI=,z9pIwnsVlNZ+kel5wQJ6QR96elQ=
-118,4,1tczL2NW/LlHGk7zb3YBbldrZVI=,z9pIwnsVlNZ+kel5wQJ6QR96elQ=
-117,4,1tczL2NW/LlHGk7zb3YBbldrZVI=,z9pIwnsVlNZ+kel5wQJ6QR96elQ=
-116,4,1tczL2NW/LlHGk7zb3YBbldrZVI=,z9pIwnsVlNZ+kel5wQJ6QR96elQ=
-114,4,1tczL2NW/LlHGk7zb3YBbldrZVI=,z9pIwnsVlNZ+kel5wQJ6QR96elQ=
-115,4,1tczL2NW/LlHGk7zb3YBbldrZVI=,z9pIwnsVlNZ+kel5wQJ6QR96elQ=
-121,1,1tczL2NW/LlHGk7zb3YBbldrZVI=,z9pIwnsVlNZ+kel5wQJ6QR96elQ=
-113,4,1tczL2NW/LlHGk7zb3YBbldrZVI=,z9pIwnsVlNZ+kel5wQJ6QR96elQ=
-120,2,1tczL2NW/LlHGk7zb3YBbldrZVI=,z9pIwnsVlNZ+kel5wQJ6QR96elQ=
-121,0,1tczL2NW/LlHGk7zb3YBbldrZVI=,z9pIwnsVlNZ+kel5wQJ6QR96elQ=
-128,5,1tczL2NW/LlHGk7zb3YBbldrZVI=,z9pIwnsVlNZ+kel5wQJ6QR96elQ=
-127,5,1tczL2NW/LlHGk7zb3YBbldrZVI=,z9pIwnsVlNZ+kel5wQJ6QR96elQ=
-125,5,1tczL2NW/LlHGk7zb3YBbldrZVI=,z9pIwnsVlNZ+kel5wQJ6QR96elQ=
-126,5,1tczL2NW/LlHGk7zb3YBbldrZVI=,z9pIwnsVlNZ+kel5wQJ6QR96elQ=
-124,5,1tczL2NW/LlHGk7zb3YBbldrZVI=,z9pIwnsVlNZ+kel5wQJ6QR96elQ=
-123,5,1tczL2NW/LlHGk7zb3YBbldrZVI=,z9pIwnsVlNZ+kel5wQJ6QR96elQ=
-122,5,1tczL2NW/LlHGk7zb3YBbldrZVI=,z9pIwnsVlNZ+kel5wQJ6QR96elQ=
-121,5,1tczL2NW/LlHGk7zb3YBbldrZVI=,z9pIwnsVlNZ+kel5wQJ6QR96elQ=
-119,5,1tczL2NW/LlHGk7zb3YBbldrZVI=,z9pIwnsVlNZ+kel5wQJ6QR96elQ=
-120,5,1tczL2NW/LlHGk7zb3YBbldrZVI=,z9pIwnsVlNZ+kel5wQJ6QR96elQ=
-118,5,1tczL2NW/LlHGk7zb3YBbldrZVI=,z9pIwnsVlNZ+kel5wQJ6QR96elQ=
-117,5,1tczL2NW/LlHGk7zb3YBbldrZVI=,z9pIwnsVlNZ+kel5wQJ6QR96elQ=
-116,5,1tczL2NW/LlHGk7zb3YBbldrZVI=,z9pIwnsVlNZ+kel5wQJ6QR96elQ=
-114,5,1tczL2NW/LlHGk7zb3YBbldrZVI=,z9pIwnsVlNZ+kel5wQJ6QR96elQ=
-120,1,1tczL2NW/LlHGk7zb3YBbldrZVI=,z9pIwnsVlNZ+kel5wQJ6QR96elQ=
-115,5,1tczL2NW/LlHGk7zb3YBbldrZVI=,z9pIwnsVlNZ+kel5wQJ6QR96elQ=
-113,5,1tczL2NW/LlHGk7zb3YBbldrZVI=,z9pIwnsVlNZ+kel5wQJ6QR96elQ=
-119,2,1tczL2NW/LlHGk7zb3YBbldrZVI=,z9pIwnsVlNZ+kel5wQJ6QR96elQ=
-120,0,1tczL2NW/LlHGk7zb3YBbldrZVI=,z9pIwnsVlNZ+kel5wQJ6QR96elQ=
-128,6,1tczL2NW/LlHGk7zb3YBbldrZVI=,z9pIwnsVlNZ+kel5wQJ6QR96elQ=
-127,6,1tczL2NW/LlHGk7zb3YBbldrZVI=,z9pIwnsVlNZ+kel5wQJ6QR96elQ=
-126,6,1tczL2NW/LlHGk7zb3YBbldrZVI=,z9pIwnsVlNZ+kel5wQJ6QR96elQ=
-125,6,1tczL2NW/LlHGk7zb3YBbldrZVI=,z9pIwnsVlNZ+kel5wQJ6QR96elQ=
-123,6,1tczL2NW/LlHGk7zb3YBbldrZVI=,z9pIwnsVlNZ+kel5wQJ6QR96elQ=
-124,6,1tczL2NW/LlHGk7zb3YBbldrZVI=,z9pIwnsVlNZ+kel5wQJ6QR96elQ=
-122,6,1tczL2NW/LlHGk7zb3YBbldrZVI=,z9pIwnsVlNZ+kel5wQJ6QR96elQ=
-122,3,1tczL2NW/LlHGk7zb3YBbldrZVI=,z9pIwnsVlNZ+kel5wQJ6QR96elQ=
-121,6,1tczL2NW/LlHGk7zb3YBbldrZVI=,z9pIwnsVlNZ+kel5wQJ6QR96elQ=
-120,6,1tczL2NW/LlHGk7zb3YBbldrZVI=,z9pIwnsVlNZ+kel5wQJ6QR96elQ=
-118,6,1tczL2NW/LlHGk7zb3YBbldrZVI=,z9pIwnsVlNZ+kel5wQJ6QR96elQ=
-119,6,1tczL2NW/LlHGk7zb3YBbldrZVI=,z9pIwnsVlNZ+kel5wQJ6QR96elQ=
-117,6,1tczL2NW/LlHGk7zb3YBbldrZVI=,z9pIwnsVlNZ+kel5wQJ6QR96elQ=
-116,6,1tczL2NW/LlHGk7zb3YBbldrZVI=,z9pIwnsVlNZ+kel5wQJ6QR96elQ=
-115,6,1tczL2NW/LlHGk7zb3YBbldrZVI=,z9pIwnsVlNZ+kel5wQJ6QR96elQ=
-114,6,1tczL2NW/LlHGk7zb3YBbldrZVI=,z9pIwnsVlNZ+kel5wQJ6QR96elQ=
-119,1,1tczL2NW/LlHGk7zb3YBbldrZVI=,z9pIwnsVlNZ+kel5wQJ6QR96elQ=
-113,6,1tczL2NW/LlHGk7zb3YBbldrZVI=,z9pIwnsVlNZ+kel5wQJ6QR96elQ=
-118,2,1tczL2NW/LlHGk7zb3YBbldrZVI=,z9pIwnsVlNZ+kel5wQJ6QR96elQ=
-119,0,1tczL2NW/LlHGk7zb3YBbldrZVI=,z9pIwnsVlNZ+kel5wQJ6QR96elQ=
-128,7,1tczL2NW/LlHGk7zb3YBbldrZVI=,z9pIwnsVlNZ+kel5wQJ6QR96elQ=
-127,7,1tczL2NW/LlHGk7zb3YBbldrZVI=,z9pIwnsVlNZ+kel5wQJ6QR96elQ=
-126,7,1tczL2NW/LlHGk7zb3YBbldrZVI=,z9pIwnsVlNZ+kel5wQJ6QR96elQ=
-125,7,1tczL2NW/LlHGk7zb3YBbldrZVI=,z9pIwnsVlNZ+kel5wQJ6QR96elQ=
-124,7,1tczL2NW/LlHGk7zb3YBbldrZVI=,z9pIwnsVlNZ+kel5wQJ6QR96elQ=
-123,7,1tczL2NW/LlHGk7zb3YBbldrZVI=,z9pIwnsVlNZ+kel5wQJ6QR96elQ=
-122,7,1tczL2NW/LlHGk7zb3YBbldrZVI=,z9pIwnsVlNZ+kel5wQJ6QR96elQ=
-121,7,1tczL2NW/LlHGk7zb3YBbldrZVI=,z9pIwnsVlNZ+kel5wQJ6QR96elQ=
-120,7,1tczL2NW/LlHGk7zb3YBbldrZVI=,z9pIwnsVlNZ+kel5wQJ6QR96elQ=
-119,7,1tczL2NW/LlHGk7zb3YBbldrZVI=,z9pIwnsVlNZ+kel5wQJ6QR96elQ=
-118,7,1tczL2NW/LlHGk7zb3YBbldrZVI=,z9pIwnsVlNZ+kel5wQJ6QR96elQ=
-117,7,1tczL2NW/LlHGk7zb3YBbldrZVI=,z9pIwnsVlNZ+kel5wQJ6QR96elQ=
-116,7,1tczL2NW/LlHGk7zb3YBbldrZVI=,z9pIwnsVlNZ+kel5wQJ6QR96elQ=
-115,7,1tczL2NW/LlHGk7zb3YBbldrZVI=,z9pIwnsVlNZ+kel5wQJ6QR96elQ=
-114,7,1tczL2NW/LlHGk7zb3YBbldrZVI=,z9pIwnsVlNZ+kel5wQJ6QR96elQ=
-113,7,1tczL2NW/LlHGk7zb3YBbldrZVI=,z9pIwnsVlNZ+kel5wQJ6QR96elQ=
-118,1,1tczL2NW/LlHGk7zb3YBbldrZVI=,z9pIwnsVlNZ+kel5wQJ6QR96elQ=
-117,2,1tczL2NW/LlHGk7zb3YBbldrZVI=,z9pIwnsVlNZ+kel5wQJ6QR96elQ=
-118,0,1tczL2NW/LlHGk7zb3YBbldrZVI=,z9pIwnsVlNZ+kel5wQJ6QR96elQ=
-128,8,1tczL2NW/LlHGk7zb3YBbldrZVI=,z9pIwnsVlNZ+kel5wQJ6QR96elQ=
-127,8,1tczL2NW/LlHGk7zb3YBbldrZVI=,z9pIwnsVlNZ+kel5wQJ6QR96elQ=
-126,8,1tczL2NW/LlHGk7zb3YBbldrZVI=,z9pIwnsVlNZ+kel5wQJ6QR96elQ=
-125,8,1tczL2NW/LlHGk7zb3YBbldrZVI=,z9pIwnsVlNZ+kel5wQJ6QR96elQ=
-124,8,1tczL2NW/LlHGk7zb3YBbldrZVI=,z9pIwnsVlNZ+kel5wQJ6QR96elQ=
-123,8,1tczL2NW/LlHGk7zb3YBbldrZVI=,z9pIwnsVlNZ+kel5wQJ6QR96elQ=
-122,8,1tczL2NW/LlHGk7zb3YBbldrZVI=,z9pIwnsVlNZ+kel5wQJ6QR96elQ=
-120,8,1tczL2NW/LlHGk7zb3YBbldrZVI=,z9pIwnsVlNZ+kel5wQJ6QR96elQ=
-119,8,1tczL2NW/LlHGk7zb3YBbldrZVI=,z9pIwnsVlNZ+kel5wQJ6QR96elQ=
-118,8,1tczL2NW/LlHGk7zb3YBbldrZVI=,z9pIwnsVlNZ+kel5wQJ6QR96elQ=
-117,8,1tczL2NW/LlHGk7zb3YBbldrZVI=,z9pIwnsVlNZ+kel5wQJ6QR96elQ=
-121,8,1tczL2NW/LlHGk7zb3YBbldrZVI=,z9pIwnsVlNZ+kel5wQJ6QR96elQ=
-115,8,1tczL2NW/LlHGk7zb3YBbldrZVI=,z9pIwnsVlNZ+kel5wQJ6QR96elQ=
-114,8,1tczL2NW/LlHGk7zb3YBbldrZVI=,z9pIwnsVlNZ+kel5wQJ6QR96elQ=
-117,1,1tczL2NW/LlHGk7zb3YBbldrZVI=,z9pIwnsVlNZ+kel5wQJ6QR96elQ=
-116,8,1tczL2NW/LlHGk7zb3YBbldrZVI=,z9pIwnsVlNZ+kel5wQJ6QR96elQ=
-116,2,1tczL2NW/LlHGk7zb3YBbldrZVI=,z9pIwnsVlNZ+kel5wQJ6QR96elQ=
-117,0,1tczL2NW/LlHGk7zb3YBbldrZVI=,z9pIwnsVlNZ+kel5wQJ6QR96elQ=
-128,9,1tczL2NW/LlHGk7zb3YBbldrZVI=,z9pIwnsVlNZ+kel5wQJ6QR96elQ=
-113,8,1tczL2NW/LlHGk7zb3YBbldrZVI=,z9pIwnsVlNZ+kel5wQJ6QR96elQ=
-122,2,1tczL2NW/LlHGk7zb3YBbldrZVI=,z9pIwnsVlNZ+kel5wQJ6QR96elQ=
-127,9,1tczL2NW/LlHGk7zb3YBbldrZVI=,z9pIwnsVlNZ+kel5wQJ6QR96elQ=
-126,9,1tczL2NW/LlHGk7zb3YBbldrZVI=,z9pIwnsVlNZ+kel5wQJ6QR96elQ=
-125,9,1tczL2NW/LlHGk7zb3YBbldrZVI=,z9pIwnsVlNZ+kel5wQJ6QR96elQ=
-123,2,1tczL2NW/LlHGk7zb3YBbldrZVI=,z9pIwnsVlNZ+kel5wQJ6QR96elQ=
-123,9,1tczL2NW/LlHGk7zb3YBbldrZVI=,z9pIwnsVlNZ+kel5wQJ6QR96elQ=
-125,0,1tczL2NW/LlHGk7zb3YBbldrZVI=,z9pIwnsVlNZ+kel5wQJ6QR96elQ=
-124,9,1tczL2NW/LlHGk7zb3YBbldrZVI=,z9pIwnsVlNZ+kel5wQJ6QR96elQ=
-123,3,1tczL2NW/LlHGk7zb3YBbldrZVI=,z9pIwnsVlNZ+kel5wQJ6QR96elQ=
-121,9,1tczL2NW/LlHGk7zb3YBbldrZVI=,z9pIwnsVlNZ+kel5wQJ6QR96elQ=
-119,9,1tczL2NW/LlHGk7zb3YBbldrZVI=,z9pIwnsVlNZ+kel5wQJ6QR96elQ=
-120,9,1tczL2NW/LlHGk7zb3YBbldrZVI=,z9pIwnsVlNZ+kel5wQJ6QR96elQ=
-118,9,1tczL2NW/LlHGk7zb3YBbldrZVI=,z9pIwnsVlNZ+kel5wQJ6QR96elQ=
-122,9,1tczL2NW/LlHGk7zb3YBbldrZVI=,z9pIwnsVlNZ+kel5wQJ6QR96elQ=
-117,9,1tczL2NW/LlHGk7zb3YBbldrZVI=,z9pIwnsVlNZ+kel5wQJ6QR96elQ=
-116,9,1tczL2NW/LlHGk7zb3YBbldrZVI=,z9pIwnsVlNZ+kel5wQJ6QR96elQ=
-115,9,1tczL2NW/LlHGk7zb3YBbldrZVI=,z9pIwnsVlNZ+kel5wQJ6QR96elQ=
-114,9,1tczL2NW/LlHGk7zb3YBbldrZVI=,z9pIwnsVlNZ+kel5wQJ6QR96elQ=
-116,1,1tczL2NW/LlHGk7zb3YBbldrZVI=,z9pIwnsVlNZ+kel5wQJ6QR96elQ=
-124,3,1tczL2NW/LlHGk7zb3YBbldrZVI=,z9pIwnsVlNZ+kel5wQJ6QR96elQ=
-113,9,1tczL2NW/LlHGk7zb3YBbldrZVI=,z9pIwnsVlNZ+kel5wQJ6QR96elQ=
-115,2,1tczL2NW/LlHGk7zb3YBbldrZVI=,z9pIwnsVlNZ+kel5wQJ6QR96elQ=
-128,10,1tczL2NW/LlHGk7zb3YBbldrZVI=,z9pIwnsVlNZ+kel5wQJ6QR96elQ=
-116,0,1tczL2NW/LlHGk7zb3YBbldrZVI=,z9pIwnsVlNZ+kel5wQJ6QR96elQ=
-127,10,1tczL2NW/LlHGk7zb3YBbldrZVI=,z9pIwnsVlNZ+kel5wQJ6QR96elQ=
-126,10,1tczL2NW/LlHGk7zb3YBbldrZVI=,z9pIwnsVlNZ+kel5wQJ6QR96elQ=
-125,10,1tczL2NW/LlHGk7zb3YBbldrZVI=,z9pIwnsVlNZ+kel5wQJ6QR96elQ=
-123,10,1tczL2NW/LlHGk7zb3YBbldrZVI=,z9pIwnsVlNZ+kel5wQJ6QR96elQ=
-124,10,1tczL2NW/LlHGk7zb3YBbldrZVI=,z9pIwnsVlNZ+kel5wQJ6QR96elQ=
-122,10,1tczL2NW/LlHGk7zb3YBbldrZVI=,z9pIwnsVlNZ+kel5wQJ6QR96elQ=
-120,10,1tczL2NW/LlHGk7zb3YBbldrZVI=,z9pIwnsVlNZ+kel5wQJ6QR96elQ=
-121,10,1tczL2NW/LlHGk7zb3YBbldrZVI=,z9pIwnsVlNZ+kel5wQJ6QR96elQ=
-119,10,1tczL2NW/LlHGk7zb3YBbldrZVI=,z9pIwnsVlNZ+kel5wQJ6QR96elQ=
-118,10,1tczL2NW/LlHGk7zb3YBbldrZVI=,z9pIwnsVlNZ+kel5wQJ6QR96elQ=
-116,10,1tczL2NW/LlHGk7zb3YBbldrZVI=,z9pIwnsVlNZ+kel5wQJ6QR96elQ=
-117,10,1tczL2NW/LlHGk7zb3YBbldrZVI=,z9pIwnsVlNZ+kel5wQJ6QR96elQ=
-115,10,1tczL2NW/LlHGk7zb3YBbldrZVI=,z9pIwnsVlNZ+kel5wQJ6QR96elQ=
-115,1,1tczL2NW/LlHGk7zb3YBbldrZVI=,z9pIwnsVlNZ+kel5wQJ6QR96elQ=
-114,10,1tczL2NW/LlHGk7zb3YBbldrZVI=,z9pIwnsVlNZ+kel5wQJ6QR96elQ=
-113,10,1tczL2NW/LlHGk7zb3YBbldrZVI=,z9pIwnsVlNZ+kel5wQJ6QR96elQ=
-114,2,1tczL2NW/LlHGk7zb3YBbldrZVI=,z9pIwnsVlNZ+kel5wQJ6QR96elQ=
-115,0,1tczL2NW/LlHGk7zb3YBbldrZVI=,z9pIwnsVlNZ+kel5wQJ6QR96elQ=
-128,11,1tczL2NW/LlHGk7zb3YBbldrZVI=,z9pIwnsVlNZ+kel5wQJ6QR96elQ=
-127,11,1tczL2NW/LlHGk7zb3YBbldrZVI=,z9pIwnsVlNZ+kel5wQJ6QR96elQ=
-125,11,1tczL2NW/LlHGk7zb3YBbldrZVI=,z9pIwnsVlNZ+kel5wQJ6QR96elQ=
-126,11,1tczL2NW/LlHGk7zb3YBbldrZVI=,z9pIwnsVlNZ+kel5wQJ6QR96elQ=
-124,11,1tczL2NW/LlHGk7zb3YBbldrZVI=,z9pIwnsVlNZ+kel5wQJ6QR96elQ=
-123,11,1tczL2NW/LlHGk7zb3YBbldrZVI=,z9pIwnsVlNZ+kel5wQJ6QR96elQ=
-122,11,1tczL2NW/LlHGk7zb3YBbldrZVI=,z9pIwnsVlNZ+kel5wQJ6QR96elQ=
-121,11,1tczL2NW/LlHGk7zb3YBbldrZVI=,z9pIwnsVlNZ+kel5wQJ6QR96elQ=
-119,11,1tczL2NW/LlHGk7zb3YBbldrZVI=,z9pIwnsVlNZ+kel5wQJ6QR96elQ=
-120,11,1tczL2NW/LlHGk7zb3YBbldrZVI=,z9pIwnsVlNZ+kel5wQJ6QR96elQ=
-118,11,1tczL2NW/LlHGk7zb3YBbldrZVI=,z9pIwnsVlNZ+kel5wQJ6QR96elQ=
-116,11,1tczL2NW/LlHGk7zb3YBbldrZVI=,z9pIwnsVlNZ+kel5wQJ6QR96elQ=
-117,11,1tczL2NW/LlHGk7zb3YBbldrZVI=,z9pIwnsVlNZ+kel5wQJ6QR96elQ=
-115,11,1tczL2NW/LlHGk7zb3YBbldrZVI=,z9pIwnsVlNZ+kel5wQJ6QR96elQ=
-114,1,1tczL2NW/LlHGk7zb3YBbldrZVI=,z9pIwnsVlNZ+kel5wQJ6QR96elQ=
-113,2,1tczL2NW/LlHGk7zb3YBbldrZVI=,z9pIwnsVlNZ+kel5wQJ6QR96elQ=
-113,1,1tczL2NW/LlHGk7zb3YBbldrZVI=,z9pIwnsVlNZ+kel5wQJ6QR96elQ=
-128,2,1tczL2NW/LlHGk7zb3YBbldrZVI=,z9pIwnsVlNZ+kel5wQJ6QR96elQ=
-114,0,1tczL2NW/LlHGk7zb3YBbldrZVI=,z9pIwnsVlNZ+kel5wQJ6QR96elQ=
-128,3,1tczL2NW/LlHGk7zb3YBbldrZVI=,z9pIwnsVlNZ+kel5wQJ6QR96elQ=
-126,0,1tczL2NW/LlHGk7zb3YBbldrZVI=,z9pIwnsVlNZ+kel5wQJ6QR96elQ=
-128,1,1tczL2NW/LlHGk7zb3YBbldrZVI=,z9pIwnsVlNZ+kel5wQJ6QR96elQ=
-127,1,1tczL2NW/LlHGk7zb3YBbldrZVI=,z9pIwnsVlNZ+kel5wQJ6QR96elQ=
-113,0,1tczL2NW/LlHGk7zb3YBbldrZVI=,z9pIwnsVlNZ+kel5wQJ6QR96elQ=
-128,12,1tczL2NW/LlHGk7zb3YBbldrZVI=,z9pIwnsVlNZ+kel5wQJ6QR96elQ=
-127,12,1tczL2NW/LlHGk7zb3YBbldrZVI=,z9pIwnsVlNZ+kel5wQJ6QR96elQ=
-125,12,1tczL2NW/LlHGk7zb3YBbldrZVI=,z9pIwnsVlNZ+kel5wQJ6QR96elQ=
-126,12,1tczL2NW/LlHGk7zb3YBbldrZVI=,z9pIwnsVlNZ+kel5wQJ6QR96elQ=
-124,12,1tczL2NW/LlHGk7zb3YBbldrZVI=,z9pIwnsVlNZ+kel5wQJ6QR96elQ=
-122,12,1tczL2NW/LlHGk7zb3YBbldrZVI=,z9pIwnsVlNZ+kel5wQJ6QR96elQ=
-121,12,1tczL2NW/LlHGk7zb3YBbldrZVI=,z9pIwnsVlNZ+kel5wQJ6QR96elQ=
-123,12,1tczL2NW/LlHGk7zb3YBbldrZVI=,z9pIwnsVlNZ+kel5wQJ6QR96elQ=
-120,12,1tczL2NW/LlHGk7zb3YBbldrZVI=,z9pIwnsVlNZ+kel5wQJ6QR96elQ=
-118,12,1tczL2NW/LlHGk7zb3YBbldrZVI=,z9pIwnsVlNZ+kel5wQJ6QR96elQ=
-117,12,1tczL2NW/LlHGk7zb3YBbldrZVI=,z9pIwnsVlNZ+kel5wQJ6QR96elQ=
-119,12,1tczL2NW/LlHGk7zb3YBbldrZVI=,z9pIwnsVlNZ+kel5wQJ6QR96elQ=
-116,12,1tczL2NW/LlHGk7zb3YBbldrZVI=,z9pIwnsVlNZ+kel5wQJ6QR96elQ=
-126,1,1tczL2NW/LlHGk7zb3YBbldrZVI=,z9pIwnsVlNZ+kel5wQJ6QR96elQ=
-127,2,1tczL2NW/LlHGk7zb3YBbldrZVI=,z9pIwnsVlNZ+kel5wQJ6QR96elQ=
-128,13,1tczL2NW/LlHGk7zb3YBbldrZVI=,z9pIwnsVlNZ+kel5wQJ6QR96elQ=
-127,13,1tczL2NW/LlHGk7zb3YBbldrZVI=,z9pIwnsVlNZ+kel5wQJ6QR96elQ=
-126,13,1tczL2NW/LlHGk7zb3YBbldrZVI=,z9pIwnsVlNZ+kel5wQJ6QR96elQ=
-124,13,1tczL2NW/LlHGk7zb3YBbldrZVI=,z9pIwnsVlNZ+kel5wQJ6QR96elQ=
-125,13,1tczL2NW/LlHGk7zb3YBbldrZVI=,z9pIwnsVlNZ+kel5wQJ6QR96elQ=
-123,13,1tczL2NW/LlHGk7zb3YBbldrZVI=,z9pIwnsVlNZ+kel5wQJ6QR96elQ=
-122,13,1tczL2NW/LlHGk7zb3YBbldrZVI=,z9pIwnsVlNZ+kel5wQJ6QR96elQ=
-121,13,1tczL2NW/LlHGk7zb3YBbldrZVI=,z9pIwnsVlNZ+kel5wQJ6QR96elQ=
-119,13,1tczL2NW/LlHGk7zb3YBbldrZVI=,z9pIwnsVlNZ+kel5wQJ6QR96elQ=
-120,13,1tczL2NW/LlHGk7zb3YBbldrZVI=,z9pIwnsVlNZ+kel5wQJ6QR96elQ=
-117,13,1tczL2NW/LlHGk7zb3YBbldrZVI=,z9pIwnsVlNZ+kel5wQJ6QR96elQ=
-126,2,1tczL2NW/LlHGk7zb3YBbldrZVI=,z9pIwnsVlNZ+kel5wQJ6QR96elQ=
-118,13,1tczL2NW/LlHGk7zb3YBbldrZVI=,z9pIwnsVlNZ+kel5wQJ6QR96elQ=
-125,1,1tczL2NW/LlHGk7zb3YBbldrZVI=,z9pIwnsVlNZ+kel5wQJ6QR96elQ=
-124,14,1tczL2NW/LlHGk7zb3YBbldrZVI=,z9pIwnsVlNZ+kel5wQJ6QR96elQ=
-126,14,1tczL2NW/LlHGk7zb3YBbldrZVI=,z9pIwnsVlNZ+kel5wQJ6QR96elQ=
-125,3,1tczL2NW/LlHGk7zb3YBbldrZVI=,z9pIwnsVlNZ+kel5wQJ6QR96elQ=
-123,1,1tczL2NW/LlHGk7zb3YBbldrZVI=,z9pIwnsVlNZ+kel5wQJ6QR96elQ=
-123,14,1tczL2NW/LlHGk7zb3YBbldrZVI=,z9pIwnsVlNZ+kel5wQJ6QR96elQ=
-122,14,1tczL2NW/LlHGk7zb3YBbldrZVI=,z9pIwnsVlNZ+kel5wQJ6QR96elQ=
-121,14,1tczL2NW/LlHGk7zb3YBbldrZVI=,z9pIwnsVlNZ+kel5wQJ6QR96elQ=
-124,1,1tczL2NW/LlHGk7zb3YBbldrZVI=,z9pIwnsVlNZ+kel5wQJ6QR96elQ=
-120,14,1tczL2NW/LlHGk7zb3YBbldrZVI=,z9pIwnsVlNZ+kel5wQJ6QR96elQ=
-126,3,1tczL2NW/LlHGk7zb3YBbldrZVI=,z9pIwnsVlNZ+kel5wQJ6QR96elQ=
-118,14,1tczL2NW/LlHGk7zb3YBbldrZVI=,z9pIwnsVlNZ+kel5wQJ6QR96elQ=
-119,14,1tczL2NW/LlHGk7zb3YBbldrZVI=,z9pIwnsVlNZ+kel5wQJ6QR96elQ=
-124,2,1tczL2NW/LlHGk7zb3YBbldrZVI=,z9pIwnsVlNZ+kel5wQJ6QR96elQ=
-127,0,1tczL2NW/LlHGk7zb3YBbldrZVI=,z9pIwnsVlNZ+kel5wQJ6QR96elQ=
-125,2,1tczL2NW/LlHGk7zb3YBbldrZVI=,z9pIwnsVlNZ+kel5wQJ6QR96elQ=
-124,0,1tczL2NW/LlHGk7zb3YBbldrZVI=,z9pIwnsVlNZ+kel5wQJ6QR96elQ=
-128,0,1tczL2NW/LlHGk7zb3YBbldrZVI=,z9pIwnsVlNZ+kel5wQJ6QR96elQ=
-113,14,1tczL2NW/LlHGk7zb3YBbldrZVI=,z9pIwnsVlNZ+kel5wQJ6QR96elQ=
-127,3,1tczL2NW/LlHGk7zb3YBbldrZVI=,z9pIwnsVlNZ+kel5wQJ6QR96elQ=
-116,13,1tczL2NW/LlHGk7zb3YBbldrZVI=,z9pIwnsVlNZ+kel5wQJ6QR96elQ=
-115,12,1tczL2NW/LlHGk7zb3YBbldrZVI=,z9pIwnsVlNZ+kel5wQJ6QR96elQ=
-113,15,1tczL2NW/LlHGk7zb3YBbldrZVI=,z9pIwnsVlNZ+kel5wQJ6QR96elQ=
-115,13,1tczL2NW/LlHGk7zb3YBbldrZVI=,z9pIwnsVlNZ+kel5wQJ6QR96elQ=
-119,15,1tczL2NW/LlHGk7zb3YBbldrZVI=,z9pIwnsVlNZ+kel5wQJ6QR96elQ=
-113,12,1tczL2NW/LlHGk7zb3YBbldrZVI=,z9pIwnsVlNZ+kel5wQJ6QR96elQ=
-118,15,1tczL2NW/LlHGk7zb3YBbldrZVI=,z9pIwnsVlNZ+kel5wQJ6QR96elQ=
-120,15,1tczL2NW/LlHGk7zb3YBbldrZVI=,z9pIwnsVlNZ+kel5wQJ6QR96elQ=
-121,15,1tczL2NW/LlHGk7zb3YBbldrZVI=,z9pIwnsVlNZ+kel5wQJ6QR96elQ=
-114,13,1tczL2NW/LlHGk7zb3YBbldrZVI=,z9pIwnsVlNZ+kel5wQJ6QR96elQ=
-125,14,1tczL2NW/LlHGk7zb3YBbldrZVI=,z9pIwnsVlNZ+kel5wQJ6QR96elQ=
-128,14,1tczL2NW/LlHGk7zb3YBbldrZVI=,z9pIwnsVlNZ+kel5wQJ6QR96elQ=
-122,15,1tczL2NW/LlHGk7zb3YBbldrZVI=,z9pIwnsVlNZ+kel5wQJ6QR96elQ=
-117,14,1tczL2NW/LlHGk7zb3YBbldrZVI=,z9pIwnsVlNZ+kel5wQJ6QR96elQ=
-128,15,1tczL2NW/LlHGk7zb3YBbldrZVI=,z9pIwnsVlNZ+kel5wQJ6QR96elQ=
-123,15,1tczL2NW/LlHGk7zb3YBbldrZVI=,z9pIwnsVlNZ+kel5wQJ6QR96elQ=
-127,14,1tczL2NW/LlHGk7zb3YBbldrZVI=,z9pIwnsVlNZ+kel5wQJ6QR96elQ=
-127,15,1tczL2NW/LlHGk7zb3YBbldrZVI=,z9pIwnsVlNZ+kel5wQJ6QR96elQ=
-116,14,1tczL2NW/LlHGk7zb3YBbldrZVI=,z9pIwnsVlNZ+kel5wQJ6QR96elQ=
-124,15,1tczL2NW/LlHGk7zb3YBbldrZVI=,z9pIwnsVlNZ+kel5wQJ6QR96elQ=
-126,15,1tczL2NW/LlHGk7zb3YBbldrZVI=,z9pIwnsVlNZ+kel5wQJ6QR96elQ=
-125,15,1tczL2NW/LlHGk7zb3YBbldrZVI=,z9pIwnsVlNZ+kel5wQJ6QR96elQ=
-114,12,1tczL2NW/LlHGk7zb3YBbldrZVI=,z9pIwnsVlNZ+kel5wQJ6QR96elQ=
-113,11,1tczL2NW/LlHGk7zb3YBbldrZVI=,z9pIwnsVlNZ+kel5wQJ6QR96elQ=
-114,11,1tczL2NW/LlHGk7zb3YBbldrZVI=,z9pIwnsVlNZ+kel5wQJ6QR96elQ=
-113,13,1tczL2NW/LlHGk7zb3YBbldrZVI=,z9pIwnsVlNZ+kel5wQJ6QR96elQ=
-115,14,1tczL2NW/LlHGk7zb3YBbldrZVI=,z9pIwnsVlNZ+kel5wQJ6QR96elQ=
-114,15,1tczL2NW/LlHGk7zb3YBbldrZVI=,z9pIwnsVlNZ+kel5wQJ6QR96elQ=
-117,15,1tczL2NW/LlHGk7zb3YBbldrZVI=,z9pIwnsVlNZ+kel5wQJ6QR96elQ=
-116,15,1tczL2NW/LlHGk7zb3YBbldrZVI=,z9pIwnsVlNZ+kel5wQJ6QR96elQ=
-114,14,1tczL2NW/LlHGk7zb3YBbldrZVI=,z9pIwnsVlNZ+kel5wQJ6QR96elQ=
-115,15,1tczL2NW/LlHGk7zb3YBbldrZVI=,z9pIwnsVlNZ+kel5wQJ6QR96elQ=
-123,16,XSx18E+9CgBvaIW8pIGChTyPAE4=,huFNlk2JJZrvufMuXgrphTH0qj8=
-125,19,XSx18E+9CgBvaIW8pIGChTyPAE4=,huFNlk2JJZrvufMuXgrphTH0qj8=
-113,31,XSx18E+9CgBvaIW8pIGChTyPAE4=,huFNlk2JJZrvufMuXgrphTH0qj8=
-114,31,XSx18E+9CgBvaIW8pIGChTyPAE4=,huFNlk2JJZrvufMuXgrphTH0qj8=
-115,31,XSx18E+9CgBvaIW8pIGChTyPAE4=,huFNlk2JJZrvufMuXgrphTH0qj8=
-117,31,XSx18E+9CgBvaIW8pIGChTyPAE4=,huFNlk2JJZrvufMuXgrphTH0qj8=
-118,31,XSx18E+9CgBvaIW8pIGChTyPAE4=,huFNlk2JJZrvufMuXgrphTH0qj8=
-116,31,XSx18E+9CgBvaIW8pIGChTyPAE4=,huFNlk2JJZrvufMuXgrphTH0qj8=
-127,16,XSx18E+9CgBvaIW8pIGChTyPAE4=,huFNlk2JJZrvufMuXgrphTH0qj8=
-124,31,XSx18E+9CgBvaIW8pIGChTyPAE4=,huFNlk2JJZrvufMuXgrphTH0qj8=
-125,31,XSx18E+9CgBvaIW8pIGChTyPAE4=,huFNlk2JJZrvufMuXgrphTH0qj8=
-126,31,XSx18E+9CgBvaIW8pIGChTyPAE4=,huFNlk2JJZrvufMuXgrphTH0qj8=
-127,31,XSx18E+9CgBvaIW8pIGChTyPAE4=,huFNlk2JJZrvufMuXgrphTH0qj8=
-119,31,XSx18E+9CgBvaIW8pIGChTyPAE4=,huFNlk2JJZrvufMuXgrphTH0qj8=
-123,17,XSx18E+9CgBvaIW8pIGChTyPAE4=,huFNlk2JJZrvufMuXgrphTH0qj8=
-120,31,XSx18E+9CgBvaIW8pIGChTyPAE4=,huFNlk2JJZrvufMuXgrphTH0qj8=
-122,31,XSx18E+9CgBvaIW8pIGChTyPAE4=,huFNlk2JJZrvufMuXgrphTH0qj8=
-128,31,XSx18E+9CgBvaIW8pIGChTyPAE4=,huFNlk2JJZrvufMuXgrphTH0qj8=
-125,18,XSx18E+9CgBvaIW8pIGChTyPAE4=,huFNlk2JJZrvufMuXgrphTH0qj8=
-121,31,XSx18E+9CgBvaIW8pIGChTyPAE4=,huFNlk2JJZrvufMuXgrphTH0qj8=
-113,30,XSx18E+9CgBvaIW8pIGChTyPAE4=,huFNlk2JJZrvufMuXgrphTH0qj8=
-121,19,XSx18E+9CgBvaIW8pIGChTyPAE4=,huFNlk2JJZrvufMuXgrphTH0qj8=
-123,31,XSx18E+9CgBvaIW8pIGChTyPAE4=,huFNlk2JJZrvufMuXgrphTH0qj8=
-114,30,XSx18E+9CgBvaIW8pIGChTyPAE4=,huFNlk2JJZrvufMuXgrphTH0qj8=
-125,16,XSx18E+9CgBvaIW8pIGChTyPAE4=,huFNlk2JJZrvufMuXgrphTH0qj8=
-117,30,XSx18E+9CgBvaIW8pIGChTyPAE4=,huFNlk2JJZrvufMuXgrphTH0qj8=
-118,30,XSx18E+9CgBvaIW8pIGChTyPAE4=,huFNlk2JJZrvufMuXgrphTH0qj8=
-119,30,XSx18E+9CgBvaIW8pIGChTyPAE4=,huFNlk2JJZrvufMuXgrphTH0qj8=
-120,19,XSx18E+9CgBvaIW8pIGChTyPAE4=,huFNlk2JJZrvufMuXgrphTH0qj8=
-115,30,XSx18E+9CgBvaIW8pIGChTyPAE4=,huFNlk2JJZrvufMuXgrphTH0qj8=
-116,30,XSx18E+9CgBvaIW8pIGChTyPAE4=,huFNlk2JJZrvufMuXgrphTH0qj8=
-120,30,XSx18E+9CgBvaIW8pIGChTyPAE4=,huFNlk2JJZrvufMuXgrphTH0qj8=
-121,30,XSx18E+9CgBvaIW8pIGChTyPAE4=,huFNlk2JJZrvufMuXgrphTH0qj8=
-124,30,XSx18E+9CgBvaIW8pIGChTyPAE4=,huFNlk2JJZrvufMuXgrphTH0qj8=
-125,30,XSx18E+9CgBvaIW8pIGChTyPAE4=,huFNlk2JJZrvufMuXgrphTH0qj8=
-126,30,XSx18E+9CgBvaIW8pIGChTyPAE4=,huFNlk2JJZrvufMuXgrphTH0qj8=
-122,19,XSx18E+9CgBvaIW8pIGChTyPAE4=,huFNlk2JJZrvufMuXgrphTH0qj8=
-127,30,XSx18E+9CgBvaIW8pIGChTyPAE4=,huFNlk2JJZrvufMuXgrphTH0qj8=
-123,30,XSx18E+9CgBvaIW8pIGChTyPAE4=,huFNlk2JJZrvufMuXgrphTH0qj8=
-128,30,XSx18E+9CgBvaIW8pIGChTyPAE4=,huFNlk2JJZrvufMuXgrphTH0qj8=
-113,29,XSx18E+9CgBvaIW8pIGChTyPAE4=,huFNlk2JJZrvufMuXgrphTH0qj8=
-119,19,XSx18E+9CgBvaIW8pIGChTyPAE4=,huFNlk2JJZrvufMuXgrphTH0qj8=
-118,19,XSx18E+9CgBvaIW8pIGChTyPAE4=,huFNlk2JJZrvufMuXgrphTH0qj8=
-114,29,XSx18E+9CgBvaIW8pIGChTyPAE4=,huFNlk2JJZrvufMuXgrphTH0qj8=
-117,19,XSx18E+9CgBvaIW8pIGChTyPAE4=,huFNlk2JJZrvufMuXgrphTH0qj8=
-116,19,XSx18E+9CgBvaIW8pIGChTyPAE4=,huFNlk2JJZrvufMuXgrphTH0qj8=
-115,19,XSx18E+9CgBvaIW8pIGChTyPAE4=,huFNlk2JJZrvufMuXgrphTH0qj8=
-114,19,XSx18E+9CgBvaIW8pIGChTyPAE4=,huFNlk2JJZrvufMuXgrphTH0qj8=
-113,19,XSx18E+9CgBvaIW8pIGChTyPAE4=,huFNlk2JJZrvufMuXgrphTH0qj8=
-115,29,XSx18E+9CgBvaIW8pIGChTyPAE4=,huFNlk2JJZrvufMuXgrphTH0qj8=
-127,19,XSx18E+9CgBvaIW8pIGChTyPAE4=,huFNlk2JJZrvufMuXgrphTH0qj8=
-116,29,XSx18E+9CgBvaIW8pIGChTyPAE4=,huFNlk2JJZrvufMuXgrphTH0qj8=
-118,29,XSx18E+9CgBvaIW8pIGChTyPAE4=,huFNlk2JJZrvufMuXgrphTH0qj8=
-119,29,XSx18E+9CgBvaIW8pIGChTyPAE4=,huFNlk2JJZrvufMuXgrphTH0qj8=
-122,30,XSx18E+9CgBvaIW8pIGChTyPAE4=,huFNlk2JJZrvufMuXgrphTH0qj8=
-117,29,XSx18E+9CgBvaIW8pIGChTyPAE4=,huFNlk2JJZrvufMuXgrphTH0qj8=
-122,29,XSx18E+9CgBvaIW8pIGChTyPAE4=,huFNlk2JJZrvufMuXgrphTH0qj8=
-121,29,XSx18E+9CgBvaIW8pIGChTyPAE4=,huFNlk2JJZrvufMuXgrphTH0qj8=
-120,29,XSx18E+9CgBvaIW8pIGChTyPAE4=,huFNlk2JJZrvufMuXgrphTH0qj8=
-125,29,XSx18E+9CgBvaIW8pIGChTyPAE4=,huFNlk2JJZrvufMuXgrphTH0qj8=
-126,29,XSx18E+9CgBvaIW8pIGChTyPAE4=,huFNlk2JJZrvufMuXgrphTH0qj8=
-127,29,XSx18E+9CgBvaIW8pIGChTyPAE4=,huFNlk2JJZrvufMuXgrphTH0qj8=
-123,29,XSx18E+9CgBvaIW8pIGChTyPAE4=,huFNlk2JJZrvufMuXgrphTH0qj8=
-128,29,XSx18E+9CgBvaIW8pIGChTyPAE4=,huFNlk2JJZrvufMuXgrphTH0qj8=
-124,16,XSx18E+9CgBvaIW8pIGChTyPAE4=,huFNlk2JJZrvufMuXgrphTH0qj8=
-124,29,XSx18E+9CgBvaIW8pIGChTyPAE4=,huFNlk2JJZrvufMuXgrphTH0qj8=
-124,17,XSx18E+9CgBvaIW8pIGChTyPAE4=,huFNlk2JJZrvufMuXgrphTH0qj8=
-113,28,XSx18E+9CgBvaIW8pIGChTyPAE4=,huFNlk2JJZrvufMuXgrphTH0qj8=
-114,28,XSx18E+9CgBvaIW8pIGChTyPAE4=,huFNlk2JJZrvufMuXgrphTH0qj8=
-115,28,XSx18E+9CgBvaIW8pIGChTyPAE4=,huFNlk2JJZrvufMuXgrphTH0qj8=
-125,17,XSx18E+9CgBvaIW8pIGChTyPAE4=,huFNlk2JJZrvufMuXgrphTH0qj8=
-118,28,XSx18E+9CgBvaIW8pIGChTyPAE4=,huFNlk2JJZrvufMuXgrphTH0qj8=
-116,28,XSx18E+9CgBvaIW8pIGChTyPAE4=,huFNlk2JJZrvufMuXgrphTH0qj8=
-120,28,XSx18E+9CgBvaIW8pIGChTyPAE4=,huFNlk2JJZrvufMuXgrphTH0qj8=
-119,28,XSx18E+9CgBvaIW8pIGChTyPAE4=,huFNlk2JJZrvufMuXgrphTH0qj8=
-121,28,XSx18E+9CgBvaIW8pIGChTyPAE4=,huFNlk2JJZrvufMuXgrphTH0qj8=
-124,28,XSx18E+9CgBvaIW8pIGChTyPAE4=,huFNlk2JJZrvufMuXgrphTH0qj8=
-117,28,XSx18E+9CgBvaIW8pIGChTyPAE4=,huFNlk2JJZrvufMuXgrphTH0qj8=
-126,28,XSx18E+9CgBvaIW8pIGChTyPAE4=,huFNlk2JJZrvufMuXgrphTH0qj8=
-127,28,XSx18E+9CgBvaIW8pIGChTyPAE4=,huFNlk2JJZrvufMuXgrphTH0qj8=
-123,28,XSx18E+9CgBvaIW8pIGChTyPAE4=,huFNlk2JJZrvufMuXgrphTH0qj8=
-128,28,XSx18E+9CgBvaIW8pIGChTyPAE4=,huFNlk2JJZrvufMuXgrphTH0qj8=
-128,17,XSx18E+9CgBvaIW8pIGChTyPAE4=,huFNlk2JJZrvufMuXgrphTH0qj8=
-113,16,XSx18E+9CgBvaIW8pIGChTyPAE4=,huFNlk2JJZrvufMuXgrphTH0qj8=
-124,18,XSx18E+9CgBvaIW8pIGChTyPAE4=,huFNlk2JJZrvufMuXgrphTH0qj8=
-128,19,XSx18E+9CgBvaIW8pIGChTyPAE4=,huFNlk2JJZrvufMuXgrphTH0qj8=
-113,18,XSx18E+9CgBvaIW8pIGChTyPAE4=,huFNlk2JJZrvufMuXgrphTH0qj8=
-128,16,XSx18E+9CgBvaIW8pIGChTyPAE4=,huFNlk2JJZrvufMuXgrphTH0qj8=
-122,28,XSx18E+9CgBvaIW8pIGChTyPAE4=,huFNlk2JJZrvufMuXgrphTH0qj8=
-113,17,XSx18E+9CgBvaIW8pIGChTyPAE4=,huFNlk2JJZrvufMuXgrphTH0qj8=
-113,27,XSx18E+9CgBvaIW8pIGChTyPAE4=,huFNlk2JJZrvufMuXgrphTH0qj8=
-127,17,XSx18E+9CgBvaIW8pIGChTyPAE4=,huFNlk2JJZrvufMuXgrphTH0qj8=
-114,27,XSx18E+9CgBvaIW8pIGChTyPAE4=,huFNlk2JJZrvufMuXgrphTH0qj8=
-126,17,XSx18E+9CgBvaIW8pIGChTyPAE4=,huFNlk2JJZrvufMuXgrphTH0qj8=
-115,27,XSx18E+9CgBvaIW8pIGChTyPAE4=,huFNlk2JJZrvufMuXgrphTH0qj8=
-118,27,XSx18E+9CgBvaIW8pIGChTyPAE4=,huFNlk2JJZrvufMuXgrphTH0qj8=
-119,27,XSx18E+9CgBvaIW8pIGChTyPAE4=,huFNlk2JJZrvufMuXgrphTH0qj8=
-120,27,XSx18E+9CgBvaIW8pIGChTyPAE4=,huFNlk2JJZrvufMuXgrphTH0qj8=
-116,27,XSx18E+9CgBvaIW8pIGChTyPAE4=,huFNlk2JJZrvufMuXgrphTH0qj8=
-121,27,XSx18E+9CgBvaIW8pIGChTyPAE4=,huFNlk2JJZrvufMuXgrphTH0qj8=
-123,27,XSx18E+9CgBvaIW8pIGChTyPAE4=,huFNlk2JJZrvufMuXgrphTH0qj8=
-125,28,XSx18E+9CgBvaIW8pIGChTyPAE4=,huFNlk2JJZrvufMuXgrphTH0qj8=
-122,27,XSx18E+9CgBvaIW8pIGChTyPAE4=,huFNlk2JJZrvufMuXgrphTH0qj8=
-128,18,XSx18E+9CgBvaIW8pIGChTyPAE4=,huFNlk2JJZrvufMuXgrphTH0qj8=
-126,27,XSx18E+9CgBvaIW8pIGChTyPAE4=,huFNlk2JJZrvufMuXgrphTH0qj8=
-124,27,XSx18E+9CgBvaIW8pIGChTyPAE4=,huFNlk2JJZrvufMuXgrphTH0qj8=
-114,18,XSx18E+9CgBvaIW8pIGChTyPAE4=,huFNlk2JJZrvufMuXgrphTH0qj8=
-128,27,XSx18E+9CgBvaIW8pIGChTyPAE4=,huFNlk2JJZrvufMuXgrphTH0qj8=
-127,27,XSx18E+9CgBvaIW8pIGChTyPAE4=,huFNlk2JJZrvufMuXgrphTH0qj8=
-122,18,XSx18E+9CgBvaIW8pIGChTyPAE4=,huFNlk2JJZrvufMuXgrphTH0qj8=
-113,26,XSx18E+9CgBvaIW8pIGChTyPAE4=,huFNlk2JJZrvufMuXgrphTH0qj8=
-114,26,XSx18E+9CgBvaIW8pIGChTyPAE4=,huFNlk2JJZrvufMuXgrphTH0qj8=
-115,26,XSx18E+9CgBvaIW8pIGChTyPAE4=,huFNlk2JJZrvufMuXgrphTH0qj8=
-117,27,XSx18E+9CgBvaIW8pIGChTyPAE4=,huFNlk2JJZrvufMuXgrphTH0qj8=
-122,17,XSx18E+9CgBvaIW8pIGChTyPAE4=,huFNlk2JJZrvufMuXgrphTH0qj8=
-128,20,XSx18E+9CgBvaIW8pIGChTyPAE4=,huFNlk2JJZrvufMuXgrphTH0qj8=
-116,26,XSx18E+9CgBvaIW8pIGChTyPAE4=,huFNlk2JJZrvufMuXgrphTH0qj8=
-126,16,XSx18E+9CgBvaIW8pIGChTyPAE4=,huFNlk2JJZrvufMuXgrphTH0qj8=
-120,26,XSx18E+9CgBvaIW8pIGChTyPAE4=,huFNlk2JJZrvufMuXgrphTH0qj8=
-121,18,XSx18E+9CgBvaIW8pIGChTyPAE4=,huFNlk2JJZrvufMuXgrphTH0qj8=
-122,16,XSx18E+9CgBvaIW8pIGChTyPAE4=,huFNlk2JJZrvufMuXgrphTH0qj8=
-127,18,XSx18E+9CgBvaIW8pIGChTyPAE4=,huFNlk2JJZrvufMuXgrphTH0qj8=
-124,19,XSx18E+9CgBvaIW8pIGChTyPAE4=,huFNlk2JJZrvufMuXgrphTH0qj8=
-119,26,XSx18E+9CgBvaIW8pIGChTyPAE4=,huFNlk2JJZrvufMuXgrphTH0qj8=
-123,26,XSx18E+9CgBvaIW8pIGChTyPAE4=,huFNlk2JJZrvufMuXgrphTH0qj8=
-118,26,XSx18E+9CgBvaIW8pIGChTyPAE4=,huFNlk2JJZrvufMuXgrphTH0qj8=
-124,26,XSx18E+9CgBvaIW8pIGChTyPAE4=,huFNlk2JJZrvufMuXgrphTH0qj8=
-127,26,XSx18E+9CgBvaIW8pIGChTyPAE4=,huFNlk2JJZrvufMuXgrphTH0qj8=
-115,18,XSx18E+9CgBvaIW8pIGChTyPAE4=,huFNlk2JJZrvufMuXgrphTH0qj8=
-126,26,XSx18E+9CgBvaIW8pIGChTyPAE4=,huFNlk2JJZrvufMuXgrphTH0qj8=
-125,26,XSx18E+9CgBvaIW8pIGChTyPAE4=,huFNlk2JJZrvufMuXgrphTH0qj8=
-128,26,XSx18E+9CgBvaIW8pIGChTyPAE4=,huFNlk2JJZrvufMuXgrphTH0qj8=
-127,20,XSx18E+9CgBvaIW8pIGChTyPAE4=,huFNlk2JJZrvufMuXgrphTH0qj8=
-113,25,XSx18E+9CgBvaIW8pIGChTyPAE4=,huFNlk2JJZrvufMuXgrphTH0qj8=
-114,25,XSx18E+9CgBvaIW8pIGChTyPAE4=,huFNlk2JJZrvufMuXgrphTH0qj8=
-126,19,XSx18E+9CgBvaIW8pIGChTyPAE4=,huFNlk2JJZrvufMuXgrphTH0qj8=
-115,25,XSx18E+9CgBvaIW8pIGChTyPAE4=,huFNlk2JJZrvufMuXgrphTH0qj8=
-116,25,XSx18E+9CgBvaIW8pIGChTyPAE4=,huFNlk2JJZrvufMuXgrphTH0qj8=
-118,25,XSx18E+9CgBvaIW8pIGChTyPAE4=,huFNlk2JJZrvufMuXgrphTH0qj8=
-114,17,XSx18E+9CgBvaIW8pIGChTyPAE4=,huFNlk2JJZrvufMuXgrphTH0qj8=
-119,25,XSx18E+9CgBvaIW8pIGChTyPAE4=,huFNlk2JJZrvufMuXgrphTH0qj8=
-121,25,XSx18E+9CgBvaIW8pIGChTyPAE4=,huFNlk2JJZrvufMuXgrphTH0qj8=
-120,25,XSx18E+9CgBvaIW8pIGChTyPAE4=,huFNlk2JJZrvufMuXgrphTH0qj8=
-117,25,XSx18E+9CgBvaIW8pIGChTyPAE4=,huFNlk2JJZrvufMuXgrphTH0qj8=
-114,16,XSx18E+9CgBvaIW8pIGChTyPAE4=,huFNlk2JJZrvufMuXgrphTH0qj8=
-123,25,XSx18E+9CgBvaIW8pIGChTyPAE4=,huFNlk2JJZrvufMuXgrphTH0qj8=
-126,25,XSx18E+9CgBvaIW8pIGChTyPAE4=,huFNlk2JJZrvufMuXgrphTH0qj8=
-124,25,XSx18E+9CgBvaIW8pIGChTyPAE4=,huFNlk2JJZrvufMuXgrphTH0qj8=
-122,26,XSx18E+9CgBvaIW8pIGChTyPAE4=,huFNlk2JJZrvufMuXgrphTH0qj8=
-127,25,XSx18E+9CgBvaIW8pIGChTyPAE4=,huFNlk2JJZrvufMuXgrphTH0qj8=
-116,18,XSx18E+9CgBvaIW8pIGChTyPAE4=,huFNlk2JJZrvufMuXgrphTH0qj8=
-113,24,XSx18E+9CgBvaIW8pIGChTyPAE4=,huFNlk2JJZrvufMuXgrphTH0qj8=
-128,25,XSx18E+9CgBvaIW8pIGChTyPAE4=,huFNlk2JJZrvufMuXgrphTH0qj8=
-114,24,XSx18E+9CgBvaIW8pIGChTyPAE4=,huFNlk2JJZrvufMuXgrphTH0qj8=
-117,17,XSx18E+9CgBvaIW8pIGChTyPAE4=,huFNlk2JJZrvufMuXgrphTH0qj8=
-115,24,XSx18E+9CgBvaIW8pIGChTyPAE4=,huFNlk2JJZrvufMuXgrphTH0qj8=
-117,24,XSx18E+9CgBvaIW8pIGChTyPAE4=,huFNlk2JJZrvufMuXgrphTH0qj8=
-118,24,XSx18E+9CgBvaIW8pIGChTyPAE4=,huFNlk2JJZrvufMuXgrphTH0qj8=
-116,24,XSx18E+9CgBvaIW8pIGChTyPAE4=,huFNlk2JJZrvufMuXgrphTH0qj8=
-119,24,XSx18E+9CgBvaIW8pIGChTyPAE4=,huFNlk2JJZrvufMuXgrphTH0qj8=
-122,25,XSx18E+9CgBvaIW8pIGChTyPAE4=,huFNlk2JJZrvufMuXgrphTH0qj8=
-122,24,XSx18E+9CgBvaIW8pIGChTyPAE4=,huFNlk2JJZrvufMuXgrphTH0qj8=
-126,18,XSx18E+9CgBvaIW8pIGChTyPAE4=,huFNlk2JJZrvufMuXgrphTH0qj8=
-126,20,XSx18E+9CgBvaIW8pIGChTyPAE4=,huFNlk2JJZrvufMuXgrphTH0qj8=
-125,27,XSx18E+9CgBvaIW8pIGChTyPAE4=,huFNlk2JJZrvufMuXgrphTH0qj8=
-125,25,XSx18E+9CgBvaIW8pIGChTyPAE4=,huFNlk2JJZrvufMuXgrphTH0qj8=
-115,17,XSx18E+9CgBvaIW8pIGChTyPAE4=,huFNlk2JJZrvufMuXgrphTH0qj8=
-125,20,XSx18E+9CgBvaIW8pIGChTyPAE4=,huFNlk2JJZrvufMuXgrphTH0qj8=
-124,20,XSx18E+9CgBvaIW8pIGChTyPAE4=,huFNlk2JJZrvufMuXgrphTH0qj8=
-123,20,XSx18E+9CgBvaIW8pIGChTyPAE4=,huFNlk2JJZrvufMuXgrphTH0qj8=
-122,20,XSx18E+9CgBvaIW8pIGChTyPAE4=,huFNlk2JJZrvufMuXgrphTH0qj8=
-124,24,XSx18E+9CgBvaIW8pIGChTyPAE4=,huFNlk2JJZrvufMuXgrphTH0qj8=
-121,20,XSx18E+9CgBvaIW8pIGChTyPAE4=,huFNlk2JJZrvufMuXgrphTH0qj8=
-120,20,XSx18E+9CgBvaIW8pIGChTyPAE4=,huFNlk2JJZrvufMuXgrphTH0qj8=
-121,24,XSx18E+9CgBvaIW8pIGChTyPAE4=,huFNlk2JJZrvufMuXgrphTH0qj8=
-119,20,XSx18E+9CgBvaIW8pIGChTyPAE4=,huFNlk2JJZrvufMuXgrphTH0qj8=
-117,20,XSx18E+9CgBvaIW8pIGChTyPAE4=,huFNlk2JJZrvufMuXgrphTH0qj8=
-118,20,XSx18E+9CgBvaIW8pIGChTyPAE4=,huFNlk2JJZrvufMuXgrphTH0qj8=
-116,20,XSx18E+9CgBvaIW8pIGChTyPAE4=,huFNlk2JJZrvufMuXgrphTH0qj8=
-115,20,XSx18E+9CgBvaIW8pIGChTyPAE4=,huFNlk2JJZrvufMuXgrphTH0qj8=
-113,20,XSx18E+9CgBvaIW8pIGChTyPAE4=,huFNlk2JJZrvufMuXgrphTH0qj8=
-114,20,XSx18E+9CgBvaIW8pIGChTyPAE4=,huFNlk2JJZrvufMuXgrphTH0qj8=
-121,17,XSx18E+9CgBvaIW8pIGChTyPAE4=,huFNlk2JJZrvufMuXgrphTH0qj8=
-118,16,XSx18E+9CgBvaIW8pIGChTyPAE4=,huFNlk2JJZrvufMuXgrphTH0qj8=
-128,24,XSx18E+9CgBvaIW8pIGChTyPAE4=,huFNlk2JJZrvufMuXgrphTH0qj8=
-118,17,XSx18E+9CgBvaIW8pIGChTyPAE4=,huFNlk2JJZrvufMuXgrphTH0qj8=
-117,18,XSx18E+9CgBvaIW8pIGChTyPAE4=,huFNlk2JJZrvufMuXgrphTH0qj8=
-113,23,XSx18E+9CgBvaIW8pIGChTyPAE4=,huFNlk2JJZrvufMuXgrphTH0qj8=
-114,23,XSx18E+9CgBvaIW8pIGChTyPAE4=,huFNlk2JJZrvufMuXgrphTH0qj8=
-115,23,XSx18E+9CgBvaIW8pIGChTyPAE4=,huFNlk2JJZrvufMuXgrphTH0qj8=
-117,23,XSx18E+9CgBvaIW8pIGChTyPAE4=,huFNlk2JJZrvufMuXgrphTH0qj8=
-116,23,XSx18E+9CgBvaIW8pIGChTyPAE4=,huFNlk2JJZrvufMuXgrphTH0qj8=
-118,23,XSx18E+9CgBvaIW8pIGChTyPAE4=,huFNlk2JJZrvufMuXgrphTH0qj8=
-119,23,XSx18E+9CgBvaIW8pIGChTyPAE4=,huFNlk2JJZrvufMuXgrphTH0qj8=
-120,23,XSx18E+9CgBvaIW8pIGChTyPAE4=,huFNlk2JJZrvufMuXgrphTH0qj8=
-121,23,XSx18E+9CgBvaIW8pIGChTyPAE4=,huFNlk2JJZrvufMuXgrphTH0qj8=
-117,26,XSx18E+9CgBvaIW8pIGChTyPAE4=,huFNlk2JJZrvufMuXgrphTH0qj8=
-124,23,XSx18E+9CgBvaIW8pIGChTyPAE4=,huFNlk2JJZrvufMuXgrphTH0qj8=
-117,16,XSx18E+9CgBvaIW8pIGChTyPAE4=,huFNlk2JJZrvufMuXgrphTH0qj8=
-123,23,XSx18E+9CgBvaIW8pIGChTyPAE4=,huFNlk2JJZrvufMuXgrphTH0qj8=
-120,24,XSx18E+9CgBvaIW8pIGChTyPAE4=,huFNlk2JJZrvufMuXgrphTH0qj8=
-128,21,XSx18E+9CgBvaIW8pIGChTyPAE4=,huFNlk2JJZrvufMuXgrphTH0qj8=
-120,18,XSx18E+9CgBvaIW8pIGChTyPAE4=,huFNlk2JJZrvufMuXgrphTH0qj8=
-121,26,XSx18E+9CgBvaIW8pIGChTyPAE4=,huFNlk2JJZrvufMuXgrphTH0qj8=
-121,16,XSx18E+9CgBvaIW8pIGChTyPAE4=,huFNlk2JJZrvufMuXgrphTH0qj8=
-127,21,XSx18E+9CgBvaIW8pIGChTyPAE4=,huFNlk2JJZrvufMuXgrphTH0qj8=
-119,16,XSx18E+9CgBvaIW8pIGChTyPAE4=,huFNlk2JJZrvufMuXgrphTH0qj8=
-126,21,XSx18E+9CgBvaIW8pIGChTyPAE4=,huFNlk2JJZrvufMuXgrphTH0qj8=
-124,21,XSx18E+9CgBvaIW8pIGChTyPAE4=,huFNlk2JJZrvufMuXgrphTH0qj8=
-123,21,XSx18E+9CgBvaIW8pIGChTyPAE4=,huFNlk2JJZrvufMuXgrphTH0qj8=
-125,21,XSx18E+9CgBvaIW8pIGChTyPAE4=,huFNlk2JJZrvufMuXgrphTH0qj8=
-122,21,XSx18E+9CgBvaIW8pIGChTyPAE4=,huFNlk2JJZrvufMuXgrphTH0qj8=
-120,21,XSx18E+9CgBvaIW8pIGChTyPAE4=,huFNlk2JJZrvufMuXgrphTH0qj8=
-121,21,XSx18E+9CgBvaIW8pIGChTyPAE4=,huFNlk2JJZrvufMuXgrphTH0qj8=
-118,21,XSx18E+9CgBvaIW8pIGChTyPAE4=,huFNlk2JJZrvufMuXgrphTH0qj8=
-119,21,XSx18E+9CgBvaIW8pIGChTyPAE4=,huFNlk2JJZrvufMuXgrphTH0qj8=
-117,21,XSx18E+9CgBvaIW8pIGChTyPAE4=,huFNlk2JJZrvufMuXgrphTH0qj8=
-116,21,XSx18E+9CgBvaIW8pIGChTyPAE4=,huFNlk2JJZrvufMuXgrphTH0qj8=
-115,21,XSx18E+9CgBvaIW8pIGChTyPAE4=,huFNlk2JJZrvufMuXgrphTH0qj8=
-114,21,XSx18E+9CgBvaIW8pIGChTyPAE4=,huFNlk2JJZrvufMuXgrphTH0qj8=
-113,21,XSx18E+9CgBvaIW8pIGChTyPAE4=,huFNlk2JJZrvufMuXgrphTH0qj8=
-120,17,XSx18E+9CgBvaIW8pIGChTyPAE4=,huFNlk2JJZrvufMuXgrphTH0qj8=
-128,22,XSx18E+9CgBvaIW8pIGChTyPAE4=,huFNlk2JJZrvufMuXgrphTH0qj8=
-119,18,XSx18E+9CgBvaIW8pIGChTyPAE4=,huFNlk2JJZrvufMuXgrphTH0qj8=
-118,18,XSx18E+9CgBvaIW8pIGChTyPAE4=,huFNlk2JJZrvufMuXgrphTH0qj8=
-128,23,XSx18E+9CgBvaIW8pIGChTyPAE4=,huFNlk2JJZrvufMuXgrphTH0qj8=
-113,22,XSx18E+9CgBvaIW8pIGChTyPAE4=,huFNlk2JJZrvufMuXgrphTH0qj8=
-125,24,XSx18E+9CgBvaIW8pIGChTyPAE4=,huFNlk2JJZrvufMuXgrphTH0qj8=
-114,22,XSx18E+9CgBvaIW8pIGChTyPAE4=,huFNlk2JJZrvufMuXgrphTH0qj8=
-115,22,XSx18E+9CgBvaIW8pIGChTyPAE4=,huFNlk2JJZrvufMuXgrphTH0qj8=
-116,22,XSx18E+9CgBvaIW8pIGChTyPAE4=,huFNlk2JJZrvufMuXgrphTH0qj8=
-118,22,XSx18E+9CgBvaIW8pIGChTyPAE4=,huFNlk2JJZrvufMuXgrphTH0qj8=
-117,22,XSx18E+9CgBvaIW8pIGChTyPAE4=,huFNlk2JJZrvufMuXgrphTH0qj8=
-119,22,XSx18E+9CgBvaIW8pIGChTyPAE4=,huFNlk2JJZrvufMuXgrphTH0qj8=
-120,22,XSx18E+9CgBvaIW8pIGChTyPAE4=,huFNlk2JJZrvufMuXgrphTH0qj8=
-120,16,XSx18E+9CgBvaIW8pIGChTyPAE4=,huFNlk2JJZrvufMuXgrphTH0qj8=
-127,22,XSx18E+9CgBvaIW8pIGChTyPAE4=,huFNlk2JJZrvufMuXgrphTH0qj8=
-122,22,XSx18E+9CgBvaIW8pIGChTyPAE4=,huFNlk2JJZrvufMuXgrphTH0qj8=
-121,22,XSx18E+9CgBvaIW8pIGChTyPAE4=,huFNlk2JJZrvufMuXgrphTH0qj8=
-123,22,XSx18E+9CgBvaIW8pIGChTyPAE4=,huFNlk2JJZrvufMuXgrphTH0qj8=
-124,22,XSx18E+9CgBvaIW8pIGChTyPAE4=,huFNlk2JJZrvufMuXgrphTH0qj8=
-125,22,XSx18E+9CgBvaIW8pIGChTyPAE4=,huFNlk2JJZrvufMuXgrphTH0qj8=
-125,23,XSx18E+9CgBvaIW8pIGChTyPAE4=,huFNlk2JJZrvufMuXgrphTH0qj8=
-122,23,XSx18E+9CgBvaIW8pIGChTyPAE4=,huFNlk2JJZrvufMuXgrphTH0qj8=
-119,17,XSx18E+9CgBvaIW8pIGChTyPAE4=,huFNlk2JJZrvufMuXgrphTH0qj8=
-127,23,XSx18E+9CgBvaIW8pIGChTyPAE4=,huFNlk2JJZrvufMuXgrphTH0qj8=
-126,22,XSx18E+9CgBvaIW8pIGChTyPAE4=,huFNlk2JJZrvufMuXgrphTH0qj8=
-127,24,XSx18E+9CgBvaIW8pIGChTyPAE4=,huFNlk2JJZrvufMuXgrphTH0qj8=
-123,19,XSx18E+9CgBvaIW8pIGChTyPAE4=,huFNlk2JJZrvufMuXgrphTH0qj8=
-123,24,XSx18E+9CgBvaIW8pIGChTyPAE4=,huFNlk2JJZrvufMuXgrphTH0qj8=
-126,23,XSx18E+9CgBvaIW8pIGChTyPAE4=,huFNlk2JJZrvufMuXgrphTH0qj8=
-116,17,XSx18E+9CgBvaIW8pIGChTyPAE4=,huFNlk2JJZrvufMuXgrphTH0qj8=
-116,16,XSx18E+9CgBvaIW8pIGChTyPAE4=,huFNlk2JJZrvufMuXgrphTH0qj8=
-126,24,XSx18E+9CgBvaIW8pIGChTyPAE4=,huFNlk2JJZrvufMuXgrphTH0qj8=
-115,16,XSx18E+9CgBvaIW8pIGChTyPAE4=,huFNlk2JJZrvufMuXgrphTH0qj8=
-123,18,XSx18E+9CgBvaIW8pIGChTyPAE4=,huFNlk2JJZrvufMuXgrphTH0qj8=
-107,16,111Bk+XaFElEpzmt2LW5DFBaZPw=,/3JDUu9mhc8cHhkRt1ySoJLS5ms=
-107,18,111Bk+XaFElEpzmt2LW5DFBaZPw=,/3JDUu9mhc8cHhkRt1ySoJLS5ms=
-106,18,111Bk+XaFElEpzmt2LW5DFBaZPw=,/3JDUu9mhc8cHhkRt1ySoJLS5ms=
-107,19,111Bk+XaFElEpzmt2LW5DFBaZPw=,/3JDUu9mhc8cHhkRt1ySoJLS5ms=
-108,19,111Bk+XaFElEpzmt2LW5DFBaZPw=,/3JDUu9mhc8cHhkRt1ySoJLS5ms=
-109,19,111Bk+XaFElEpzmt2LW5DFBaZPw=,/3JDUu9mhc8cHhkRt1ySoJLS5ms=
-109,16,111Bk+XaFElEpzmt2LW5DFBaZPw=,/3JDUu9mhc8cHhkRt1ySoJLS5ms=
-107,17,111Bk+XaFElEpzmt2LW5DFBaZPw=,/3JDUu9mhc8cHhkRt1ySoJLS5ms=
-110,19,111Bk+XaFElEpzmt2LW5DFBaZPw=,/3JDUu9mhc8cHhkRt1ySoJLS5ms=
-111,16,111Bk+XaFElEpzmt2LW5DFBaZPw=,/3JDUu9mhc8cHhkRt1ySoJLS5ms=
-108,18,111Bk+XaFElEpzmt2LW5DFBaZPw=,/3JDUu9mhc8cHhkRt1ySoJLS5ms=
-108,17,111Bk+XaFElEpzmt2LW5DFBaZPw=,/3JDUu9mhc8cHhkRt1ySoJLS5ms=
-97,31,111Bk+XaFElEpzmt2LW5DFBaZPw=,/3JDUu9mhc8cHhkRt1ySoJLS5ms=
-98,31,111Bk+XaFElEpzmt2LW5DFBaZPw=,/3JDUu9mhc8cHhkRt1ySoJLS5ms=
-99,31,111Bk+XaFElEpzmt2LW5DFBaZPw=,/3JDUu9mhc8cHhkRt1ySoJLS5ms=
-101,31,111Bk+XaFElEpzmt2LW5DFBaZPw=,/3JDUu9mhc8cHhkRt1ySoJLS5ms=
-102,31,111Bk+XaFElEpzmt2LW5DFBaZPw=,/3JDUu9mhc8cHhkRt1ySoJLS5ms=
-106,19,111Bk+XaFElEpzmt2LW5DFBaZPw=,/3JDUu9mhc8cHhkRt1ySoJLS5ms=
-100,31,111Bk+XaFElEpzmt2LW5DFBaZPw=,/3JDUu9mhc8cHhkRt1ySoJLS5ms=
-105,19,111Bk+XaFElEpzmt2LW5DFBaZPw=,/3JDUu9mhc8cHhkRt1ySoJLS5ms=
-104,19,111Bk+XaFElEpzmt2LW5DFBaZPw=,/3JDUu9mhc8cHhkRt1ySoJLS5ms=
-103,19,111Bk+XaFElEpzmt2LW5DFBaZPw=,/3JDUu9mhc8cHhkRt1ySoJLS5ms=
-108,16,111Bk+XaFElEpzmt2LW5DFBaZPw=,/3JDUu9mhc8cHhkRt1ySoJLS5ms=
-112,16,111Bk+XaFElEpzmt2LW5DFBaZPw=,/3JDUu9mhc8cHhkRt1ySoJLS5ms=
-103,31,111Bk+XaFElEpzmt2LW5DFBaZPw=,/3JDUu9mhc8cHhkRt1ySoJLS5ms=
-111,19,111Bk+XaFElEpzmt2LW5DFBaZPw=,/3JDUu9mhc8cHhkRt1ySoJLS5ms=
-109,18,111Bk+XaFElEpzmt2LW5DFBaZPw=,/3JDUu9mhc8cHhkRt1ySoJLS5ms=
-97,30,111Bk+XaFElEpzmt2LW5DFBaZPw=,/3JDUu9mhc8cHhkRt1ySoJLS5ms=
-99,30,111Bk+XaFElEpzmt2LW5DFBaZPw=,/3JDUu9mhc8cHhkRt1ySoJLS5ms=
-98,30,111Bk+XaFElEpzmt2LW5DFBaZPw=,/3JDUu9mhc8cHhkRt1ySoJLS5ms=
-100,30,111Bk+XaFElEpzmt2LW5DFBaZPw=,/3JDUu9mhc8cHhkRt1ySoJLS5ms=
-102,30,111Bk+XaFElEpzmt2LW5DFBaZPw=,/3JDUu9mhc8cHhkRt1ySoJLS5ms=
-101,30,111Bk+XaFElEpzmt2LW5DFBaZPw=,/3JDUu9mhc8cHhkRt1ySoJLS5ms=
-111,31,111Bk+XaFElEpzmt2LW5DFBaZPw=,/3JDUu9mhc8cHhkRt1ySoJLS5ms=
-103,30,111Bk+XaFElEpzmt2LW5DFBaZPw=,/3JDUu9mhc8cHhkRt1ySoJLS5ms=
-112,31,111Bk+XaFElEpzmt2LW5DFBaZPw=,/3JDUu9mhc8cHhkRt1ySoJLS5ms=
-107,31,111Bk+XaFElEpzmt2LW5DFBaZPw=,/3JDUu9mhc8cHhkRt1ySoJLS5ms=
-108,30,111Bk+XaFElEpzmt2LW5DFBaZPw=,/3JDUu9mhc8cHhkRt1ySoJLS5ms=
-108,31,111Bk+XaFElEpzmt2LW5DFBaZPw=,/3JDUu9mhc8cHhkRt1ySoJLS5ms=
-104,30,111Bk+XaFElEpzmt2LW5DFBaZPw=,/3JDUu9mhc8cHhkRt1ySoJLS5ms=
-111,30,111Bk+XaFElEpzmt2LW5DFBaZPw=,/3JDUu9mhc8cHhkRt1ySoJLS5ms=
-109,17,111Bk+XaFElEpzmt2LW5DFBaZPw=,/3JDUu9mhc8cHhkRt1ySoJLS5ms=
-110,18,111Bk+XaFElEpzmt2LW5DFBaZPw=,/3JDUu9mhc8cHhkRt1ySoJLS5ms=
-112,30,111Bk+XaFElEpzmt2LW5DFBaZPw=,/3JDUu9mhc8cHhkRt1ySoJLS5ms=
-97,29,111Bk+XaFElEpzmt2LW5DFBaZPw=,/3JDUu9mhc8cHhkRt1ySoJLS5ms=
-98,29,111Bk+XaFElEpzmt2LW5DFBaZPw=,/3JDUu9mhc8cHhkRt1ySoJLS5ms=
-99,29,111Bk+XaFElEpzmt2LW5DFBaZPw=,/3JDUu9mhc8cHhkRt1ySoJLS5ms=
-100,29,111Bk+XaFElEpzmt2LW5DFBaZPw=,/3JDUu9mhc8cHhkRt1ySoJLS5ms=
-104,31,111Bk+XaFElEpzmt2LW5DFBaZPw=,/3JDUu9mhc8cHhkRt1ySoJLS5ms=
-110,31,111Bk+XaFElEpzmt2LW5DFBaZPw=,/3JDUu9mhc8cHhkRt1ySoJLS5ms=
-106,31,111Bk+XaFElEpzmt2LW5DFBaZPw=,/3JDUu9mhc8cHhkRt1ySoJLS5ms=
-107,30,111Bk+XaFElEpzmt2LW5DFBaZPw=,/3JDUu9mhc8cHhkRt1ySoJLS5ms=
-102,29,111Bk+XaFElEpzmt2LW5DFBaZPw=,/3JDUu9mhc8cHhkRt1ySoJLS5ms=
-107,29,111Bk+XaFElEpzmt2LW5DFBaZPw=,/3JDUu9mhc8cHhkRt1ySoJLS5ms=
-106,30,111Bk+XaFElEpzmt2LW5DFBaZPw=,/3JDUu9mhc8cHhkRt1ySoJLS5ms=
-108,29,111Bk+XaFElEpzmt2LW5DFBaZPw=,/3JDUu9mhc8cHhkRt1ySoJLS5ms=
-109,31,111Bk+XaFElEpzmt2LW5DFBaZPw=,/3JDUu9mhc8cHhkRt1ySoJLS5ms=
-111,29,111Bk+XaFElEpzmt2LW5DFBaZPw=,/3JDUu9mhc8cHhkRt1ySoJLS5ms=
-111,18,111Bk+XaFElEpzmt2LW5DFBaZPw=,/3JDUu9mhc8cHhkRt1ySoJLS5ms=
-112,29,111Bk+XaFElEpzmt2LW5DFBaZPw=,/3JDUu9mhc8cHhkRt1ySoJLS5ms=
-97,28,111Bk+XaFElEpzmt2LW5DFBaZPw=,/3JDUu9mhc8cHhkRt1ySoJLS5ms=
-110,17,111Bk+XaFElEpzmt2LW5DFBaZPw=,/3JDUu9mhc8cHhkRt1ySoJLS5ms=
-98,28,111Bk+XaFElEpzmt2LW5DFBaZPw=,/3JDUu9mhc8cHhkRt1ySoJLS5ms=
-99,28,111Bk+XaFElEpzmt2LW5DFBaZPw=,/3JDUu9mhc8cHhkRt1ySoJLS5ms=
-109,29,111Bk+XaFElEpzmt2LW5DFBaZPw=,/3JDUu9mhc8cHhkRt1ySoJLS5ms=
-101,29,111Bk+XaFElEpzmt2LW5DFBaZPw=,/3JDUu9mhc8cHhkRt1ySoJLS5ms=
-109,30,111Bk+XaFElEpzmt2LW5DFBaZPw=,/3JDUu9mhc8cHhkRt1ySoJLS5ms=
-105,31,111Bk+XaFElEpzmt2LW5DFBaZPw=,/3JDUu9mhc8cHhkRt1ySoJLS5ms=
-104,28,111Bk+XaFElEpzmt2LW5DFBaZPw=,/3JDUu9mhc8cHhkRt1ySoJLS5ms=
-110,29,111Bk+XaFElEpzmt2LW5DFBaZPw=,/3JDUu9mhc8cHhkRt1ySoJLS5ms=
-107,28,111Bk+XaFElEpzmt2LW5DFBaZPw=,/3JDUu9mhc8cHhkRt1ySoJLS5ms=
-108,28,111Bk+XaFElEpzmt2LW5DFBaZPw=,/3JDUu9mhc8cHhkRt1ySoJLS5ms=
-109,28,111Bk+XaFElEpzmt2LW5DFBaZPw=,/3JDUu9mhc8cHhkRt1ySoJLS5ms=
-110,28,111Bk+XaFElEpzmt2LW5DFBaZPw=,/3JDUu9mhc8cHhkRt1ySoJLS5ms=
-111,28,111Bk+XaFElEpzmt2LW5DFBaZPw=,/3JDUu9mhc8cHhkRt1ySoJLS5ms=
-103,28,111Bk+XaFElEpzmt2LW5DFBaZPw=,/3JDUu9mhc8cHhkRt1ySoJLS5ms=
-111,17,111Bk+XaFElEpzmt2LW5DFBaZPw=,/3JDUu9mhc8cHhkRt1ySoJLS5ms=
-112,28,111Bk+XaFElEpzmt2LW5DFBaZPw=,/3JDUu9mhc8cHhkRt1ySoJLS5ms=
-112,17,111Bk+XaFElEpzmt2LW5DFBaZPw=,/3JDUu9mhc8cHhkRt1ySoJLS5ms=
-97,16,111Bk+XaFElEpzmt2LW5DFBaZPw=,/3JDUu9mhc8cHhkRt1ySoJLS5ms=
-112,19,111Bk+XaFElEpzmt2LW5DFBaZPw=,/3JDUu9mhc8cHhkRt1ySoJLS5ms=
-110,16,111Bk+XaFElEpzmt2LW5DFBaZPw=,/3JDUu9mhc8cHhkRt1ySoJLS5ms=
-110,30,111Bk+XaFElEpzmt2LW5DFBaZPw=,/3JDUu9mhc8cHhkRt1ySoJLS5ms=
-112,18,111Bk+XaFElEpzmt2LW5DFBaZPw=,/3JDUu9mhc8cHhkRt1ySoJLS5ms=
-97,18,111Bk+XaFElEpzmt2LW5DFBaZPw=,/3JDUu9mhc8cHhkRt1ySoJLS5ms=
-97,17,111Bk+XaFElEpzmt2LW5DFBaZPw=,/3JDUu9mhc8cHhkRt1ySoJLS5ms=
-97,27,111Bk+XaFElEpzmt2LW5DFBaZPw=,/3JDUu9mhc8cHhkRt1ySoJLS5ms=
-105,28,111Bk+XaFElEpzmt2LW5DFBaZPw=,/3JDUu9mhc8cHhkRt1ySoJLS5ms=
-98,27,111Bk+XaFElEpzmt2LW5DFBaZPw=,/3JDUu9mhc8cHhkRt1ySoJLS5ms=
-99,27,111Bk+XaFElEpzmt2LW5DFBaZPw=,/3JDUu9mhc8cHhkRt1ySoJLS5ms=
-106,28,111Bk+XaFElEpzmt2LW5DFBaZPw=,/3JDUu9mhc8cHhkRt1ySoJLS5ms=
-100,28,111Bk+XaFElEpzmt2LW5DFBaZPw=,/3JDUu9mhc8cHhkRt1ySoJLS5ms=
-98,16,111Bk+XaFElEpzmt2LW5DFBaZPw=,/3JDUu9mhc8cHhkRt1ySoJLS5ms=
-104,27,111Bk+XaFElEpzmt2LW5DFBaZPw=,/3JDUu9mhc8cHhkRt1ySoJLS5ms=
-105,27,111Bk+XaFElEpzmt2LW5DFBaZPw=,/3JDUu9mhc8cHhkRt1ySoJLS5ms=
-106,27,111Bk+XaFElEpzmt2LW5DFBaZPw=,/3JDUu9mhc8cHhkRt1ySoJLS5ms=
-107,27,111Bk+XaFElEpzmt2LW5DFBaZPw=,/3JDUu9mhc8cHhkRt1ySoJLS5ms=
-108,27,111Bk+XaFElEpzmt2LW5DFBaZPw=,/3JDUu9mhc8cHhkRt1ySoJLS5ms=
-109,27,111Bk+XaFElEpzmt2LW5DFBaZPw=,/3JDUu9mhc8cHhkRt1ySoJLS5ms=
-110,27,111Bk+XaFElEpzmt2LW5DFBaZPw=,/3JDUu9mhc8cHhkRt1ySoJLS5ms=
-111,27,111Bk+XaFElEpzmt2LW5DFBaZPw=,/3JDUu9mhc8cHhkRt1ySoJLS5ms=
-106,29,111Bk+XaFElEpzmt2LW5DFBaZPw=,/3JDUu9mhc8cHhkRt1ySoJLS5ms=
-112,27,111Bk+XaFElEpzmt2LW5DFBaZPw=,/3JDUu9mhc8cHhkRt1ySoJLS5ms=
-105,29,111Bk+XaFElEpzmt2LW5DFBaZPw=,/3JDUu9mhc8cHhkRt1ySoJLS5ms=
-100,19,111Bk+XaFElEpzmt2LW5DFBaZPw=,/3JDUu9mhc8cHhkRt1ySoJLS5ms=
-99,16,111Bk+XaFElEpzmt2LW5DFBaZPw=,/3JDUu9mhc8cHhkRt1ySoJLS5ms=
-97,26,111Bk+XaFElEpzmt2LW5DFBaZPw=,/3JDUu9mhc8cHhkRt1ySoJLS5ms=
-98,26,111Bk+XaFElEpzmt2LW5DFBaZPw=,/3JDUu9mhc8cHhkRt1ySoJLS5ms=
-99,26,111Bk+XaFElEpzmt2LW5DFBaZPw=,/3JDUu9mhc8cHhkRt1ySoJLS5ms=
-105,30,111Bk+XaFElEpzmt2LW5DFBaZPw=,/3JDUu9mhc8cHhkRt1ySoJLS5ms=
-98,18,111Bk+XaFElEpzmt2LW5DFBaZPw=,/3JDUu9mhc8cHhkRt1ySoJLS5ms=
-104,29,111Bk+XaFElEpzmt2LW5DFBaZPw=,/3JDUu9mhc8cHhkRt1ySoJLS5ms=
-105,26,111Bk+XaFElEpzmt2LW5DFBaZPw=,/3JDUu9mhc8cHhkRt1ySoJLS5ms=
-106,26,111Bk+XaFElEpzmt2LW5DFBaZPw=,/3JDUu9mhc8cHhkRt1ySoJLS5ms=
-107,26,111Bk+XaFElEpzmt2LW5DFBaZPw=,/3JDUu9mhc8cHhkRt1ySoJLS5ms=
-104,26,111Bk+XaFElEpzmt2LW5DFBaZPw=,/3JDUu9mhc8cHhkRt1ySoJLS5ms=
-108,26,111Bk+XaFElEpzmt2LW5DFBaZPw=,/3JDUu9mhc8cHhkRt1ySoJLS5ms=
-109,26,111Bk+XaFElEpzmt2LW5DFBaZPw=,/3JDUu9mhc8cHhkRt1ySoJLS5ms=
-110,26,111Bk+XaFElEpzmt2LW5DFBaZPw=,/3JDUu9mhc8cHhkRt1ySoJLS5ms=
-111,26,111Bk+XaFElEpzmt2LW5DFBaZPw=,/3JDUu9mhc8cHhkRt1ySoJLS5ms=
-103,26,111Bk+XaFElEpzmt2LW5DFBaZPw=,/3JDUu9mhc8cHhkRt1ySoJLS5ms=
-103,27,111Bk+XaFElEpzmt2LW5DFBaZPw=,/3JDUu9mhc8cHhkRt1ySoJLS5ms=
-99,19,111Bk+XaFElEpzmt2LW5DFBaZPw=,/3JDUu9mhc8cHhkRt1ySoJLS5ms=
-102,28,111Bk+XaFElEpzmt2LW5DFBaZPw=,/3JDUu9mhc8cHhkRt1ySoJLS5ms=
-112,26,111Bk+XaFElEpzmt2LW5DFBaZPw=,/3JDUu9mhc8cHhkRt1ySoJLS5ms=
-103,29,111Bk+XaFElEpzmt2LW5DFBaZPw=,/3JDUu9mhc8cHhkRt1ySoJLS5ms=
-98,17,111Bk+XaFElEpzmt2LW5DFBaZPw=,/3JDUu9mhc8cHhkRt1ySoJLS5ms=
-98,25,111Bk+XaFElEpzmt2LW5DFBaZPw=,/3JDUu9mhc8cHhkRt1ySoJLS5ms=
-99,25,111Bk+XaFElEpzmt2LW5DFBaZPw=,/3JDUu9mhc8cHhkRt1ySoJLS5ms=
-100,25,111Bk+XaFElEpzmt2LW5DFBaZPw=,/3JDUu9mhc8cHhkRt1ySoJLS5ms=
-98,19,111Bk+XaFElEpzmt2LW5DFBaZPw=,/3JDUu9mhc8cHhkRt1ySoJLS5ms=
-97,19,111Bk+XaFElEpzmt2LW5DFBaZPw=,/3JDUu9mhc8cHhkRt1ySoJLS5ms=
-106,17,111Bk+XaFElEpzmt2LW5DFBaZPw=,/3JDUu9mhc8cHhkRt1ySoJLS5ms=
-105,18,111Bk+XaFElEpzmt2LW5DFBaZPw=,/3JDUu9mhc8cHhkRt1ySoJLS5ms=
-97,25,111Bk+XaFElEpzmt2LW5DFBaZPw=,/3JDUu9mhc8cHhkRt1ySoJLS5ms=
-106,16,111Bk+XaFElEpzmt2LW5DFBaZPw=,/3JDUu9mhc8cHhkRt1ySoJLS5ms=
-112,20,111Bk+XaFElEpzmt2LW5DFBaZPw=,/3JDUu9mhc8cHhkRt1ySoJLS5ms=
-111,20,111Bk+XaFElEpzmt2LW5DFBaZPw=,/3JDUu9mhc8cHhkRt1ySoJLS5ms=
-110,20,111Bk+XaFElEpzmt2LW5DFBaZPw=,/3JDUu9mhc8cHhkRt1ySoJLS5ms=
-109,20,111Bk+XaFElEpzmt2LW5DFBaZPw=,/3JDUu9mhc8cHhkRt1ySoJLS5ms=
-108,20,111Bk+XaFElEpzmt2LW5DFBaZPw=,/3JDUu9mhc8cHhkRt1ySoJLS5ms=
-107,20,111Bk+XaFElEpzmt2LW5DFBaZPw=,/3JDUu9mhc8cHhkRt1ySoJLS5ms=
-106,20,111Bk+XaFElEpzmt2LW5DFBaZPw=,/3JDUu9mhc8cHhkRt1ySoJLS5ms=
-105,20,111Bk+XaFElEpzmt2LW5DFBaZPw=,/3JDUu9mhc8cHhkRt1ySoJLS5ms=
-104,20,111Bk+XaFElEpzmt2LW5DFBaZPw=,/3JDUu9mhc8cHhkRt1ySoJLS5ms=
-103,20,111Bk+XaFElEpzmt2LW5DFBaZPw=,/3JDUu9mhc8cHhkRt1ySoJLS5ms=
-102,20,111Bk+XaFElEpzmt2LW5DFBaZPw=,/3JDUu9mhc8cHhkRt1ySoJLS5ms=
-101,20,111Bk+XaFElEpzmt2LW5DFBaZPw=,/3JDUu9mhc8cHhkRt1ySoJLS5ms=
-100,27,111Bk+XaFElEpzmt2LW5DFBaZPw=,/3JDUu9mhc8cHhkRt1ySoJLS5ms=
-102,25,111Bk+XaFElEpzmt2LW5DFBaZPw=,/3JDUu9mhc8cHhkRt1ySoJLS5ms=
-103,25,111Bk+XaFElEpzmt2LW5DFBaZPw=,/3JDUu9mhc8cHhkRt1ySoJLS5ms=
-104,25,111Bk+XaFElEpzmt2LW5DFBaZPw=,/3JDUu9mhc8cHhkRt1ySoJLS5ms=
-105,25,111Bk+XaFElEpzmt2LW5DFBaZPw=,/3JDUu9mhc8cHhkRt1ySoJLS5ms=
-106,25,111Bk+XaFElEpzmt2LW5DFBaZPw=,/3JDUu9mhc8cHhkRt1ySoJLS5ms=
-107,25,111Bk+XaFElEpzmt2LW5DFBaZPw=,/3JDUu9mhc8cHhkRt1ySoJLS5ms=
-109,25,111Bk+XaFElEpzmt2LW5DFBaZPw=,/3JDUu9mhc8cHhkRt1ySoJLS5ms=
-110,25,111Bk+XaFElEpzmt2LW5DFBaZPw=,/3JDUu9mhc8cHhkRt1ySoJLS5ms=
-111,25,111Bk+XaFElEpzmt2LW5DFBaZPw=,/3JDUu9mhc8cHhkRt1ySoJLS5ms=
-112,25,111Bk+XaFElEpzmt2LW5DFBaZPw=,/3JDUu9mhc8cHhkRt1ySoJLS5ms=
-108,25,111Bk+XaFElEpzmt2LW5DFBaZPw=,/3JDUu9mhc8cHhkRt1ySoJLS5ms=
-101,16,111Bk+XaFElEpzmt2LW5DFBaZPw=,/3JDUu9mhc8cHhkRt1ySoJLS5ms=
-101,28,111Bk+XaFElEpzmt2LW5DFBaZPw=,/3JDUu9mhc8cHhkRt1ySoJLS5ms=
-101,25,111Bk+XaFElEpzmt2LW5DFBaZPw=,/3JDUu9mhc8cHhkRt1ySoJLS5ms=
-97,24,111Bk+XaFElEpzmt2LW5DFBaZPw=,/3JDUu9mhc8cHhkRt1ySoJLS5ms=
-98,24,111Bk+XaFElEpzmt2LW5DFBaZPw=,/3JDUu9mhc8cHhkRt1ySoJLS5ms=
-99,24,111Bk+XaFElEpzmt2LW5DFBaZPw=,/3JDUu9mhc8cHhkRt1ySoJLS5ms=
-100,20,111Bk+XaFElEpzmt2LW5DFBaZPw=,/3JDUu9mhc8cHhkRt1ySoJLS5ms=
-99,20,111Bk+XaFElEpzmt2LW5DFBaZPw=,/3JDUu9mhc8cHhkRt1ySoJLS5ms=
-101,24,111Bk+XaFElEpzmt2LW5DFBaZPw=,/3JDUu9mhc8cHhkRt1ySoJLS5ms=
-100,24,111Bk+XaFElEpzmt2LW5DFBaZPw=,/3JDUu9mhc8cHhkRt1ySoJLS5ms=
-103,24,111Bk+XaFElEpzmt2LW5DFBaZPw=,/3JDUu9mhc8cHhkRt1ySoJLS5ms=
-104,24,111Bk+XaFElEpzmt2LW5DFBaZPw=,/3JDUu9mhc8cHhkRt1ySoJLS5ms=
-102,24,111Bk+XaFElEpzmt2LW5DFBaZPw=,/3JDUu9mhc8cHhkRt1ySoJLS5ms=
-105,24,111Bk+XaFElEpzmt2LW5DFBaZPw=,/3JDUu9mhc8cHhkRt1ySoJLS5ms=
-108,24,111Bk+XaFElEpzmt2LW5DFBaZPw=,/3JDUu9mhc8cHhkRt1ySoJLS5ms=
-107,24,111Bk+XaFElEpzmt2LW5DFBaZPw=,/3JDUu9mhc8cHhkRt1ySoJLS5ms=
-110,24,111Bk+XaFElEpzmt2LW5DFBaZPw=,/3JDUu9mhc8cHhkRt1ySoJLS5ms=
-109,24,111Bk+XaFElEpzmt2LW5DFBaZPw=,/3JDUu9mhc8cHhkRt1ySoJLS5ms=
-106,24,111Bk+XaFElEpzmt2LW5DFBaZPw=,/3JDUu9mhc8cHhkRt1ySoJLS5ms=
-111,24,111Bk+XaFElEpzmt2LW5DFBaZPw=,/3JDUu9mhc8cHhkRt1ySoJLS5ms=
-112,24,111Bk+XaFElEpzmt2LW5DFBaZPw=,/3JDUu9mhc8cHhkRt1ySoJLS5ms=
-102,16,111Bk+XaFElEpzmt2LW5DFBaZPw=,/3JDUu9mhc8cHhkRt1ySoJLS5ms=
-98,20,111Bk+XaFElEpzmt2LW5DFBaZPw=,/3JDUu9mhc8cHhkRt1ySoJLS5ms=
-101,17,111Bk+XaFElEpzmt2LW5DFBaZPw=,/3JDUu9mhc8cHhkRt1ySoJLS5ms=
-97,20,111Bk+XaFElEpzmt2LW5DFBaZPw=,/3JDUu9mhc8cHhkRt1ySoJLS5ms=
-105,17,111Bk+XaFElEpzmt2LW5DFBaZPw=,/3JDUu9mhc8cHhkRt1ySoJLS5ms=
-104,18,111Bk+XaFElEpzmt2LW5DFBaZPw=,/3JDUu9mhc8cHhkRt1ySoJLS5ms=
-105,16,111Bk+XaFElEpzmt2LW5DFBaZPw=,/3JDUu9mhc8cHhkRt1ySoJLS5ms=
-112,21,111Bk+XaFElEpzmt2LW5DFBaZPw=,/3JDUu9mhc8cHhkRt1ySoJLS5ms=
-111,21,111Bk+XaFElEpzmt2LW5DFBaZPw=,/3JDUu9mhc8cHhkRt1ySoJLS5ms=
-109,21,111Bk+XaFElEpzmt2LW5DFBaZPw=,/3JDUu9mhc8cHhkRt1ySoJLS5ms=
-108,21,111Bk+XaFElEpzmt2LW5DFBaZPw=,/3JDUu9mhc8cHhkRt1ySoJLS5ms=
-106,21,111Bk+XaFElEpzmt2LW5DFBaZPw=,/3JDUu9mhc8cHhkRt1ySoJLS5ms=
-110,21,111Bk+XaFElEpzmt2LW5DFBaZPw=,/3JDUu9mhc8cHhkRt1ySoJLS5ms=
-107,21,111Bk+XaFElEpzmt2LW5DFBaZPw=,/3JDUu9mhc8cHhkRt1ySoJLS5ms=
-105,21,111Bk+XaFElEpzmt2LW5DFBaZPw=,/3JDUu9mhc8cHhkRt1ySoJLS5ms=
-104,21,111Bk+XaFElEpzmt2LW5DFBaZPw=,/3JDUu9mhc8cHhkRt1ySoJLS5ms=
-103,21,111Bk+XaFElEpzmt2LW5DFBaZPw=,/3JDUu9mhc8cHhkRt1ySoJLS5ms=
-101,21,111Bk+XaFElEpzmt2LW5DFBaZPw=,/3JDUu9mhc8cHhkRt1ySoJLS5ms=
-100,21,111Bk+XaFElEpzmt2LW5DFBaZPw=,/3JDUu9mhc8cHhkRt1ySoJLS5ms=
-102,21,111Bk+XaFElEpzmt2LW5DFBaZPw=,/3JDUu9mhc8cHhkRt1ySoJLS5ms=
-99,21,111Bk+XaFElEpzmt2LW5DFBaZPw=,/3JDUu9mhc8cHhkRt1ySoJLS5ms=
-97,21,111Bk+XaFElEpzmt2LW5DFBaZPw=,/3JDUu9mhc8cHhkRt1ySoJLS5ms=
-98,21,111Bk+XaFElEpzmt2LW5DFBaZPw=,/3JDUu9mhc8cHhkRt1ySoJLS5ms=
-104,17,111Bk+XaFElEpzmt2LW5DFBaZPw=,/3JDUu9mhc8cHhkRt1ySoJLS5ms=
-99,18,111Bk+XaFElEpzmt2LW5DFBaZPw=,/3JDUu9mhc8cHhkRt1ySoJLS5ms=
-97,23,111Bk+XaFElEpzmt2LW5DFBaZPw=,/3JDUu9mhc8cHhkRt1ySoJLS5ms=
-99,23,111Bk+XaFElEpzmt2LW5DFBaZPw=,/3JDUu9mhc8cHhkRt1ySoJLS5ms=
-98,23,111Bk+XaFElEpzmt2LW5DFBaZPw=,/3JDUu9mhc8cHhkRt1ySoJLS5ms=
-100,23,111Bk+XaFElEpzmt2LW5DFBaZPw=,/3JDUu9mhc8cHhkRt1ySoJLS5ms=
-100,18,111Bk+XaFElEpzmt2LW5DFBaZPw=,/3JDUu9mhc8cHhkRt1ySoJLS5ms=
-103,23,111Bk+XaFElEpzmt2LW5DFBaZPw=,/3JDUu9mhc8cHhkRt1ySoJLS5ms=
-102,23,111Bk+XaFElEpzmt2LW5DFBaZPw=,/3JDUu9mhc8cHhkRt1ySoJLS5ms=
-105,23,111Bk+XaFElEpzmt2LW5DFBaZPw=,/3JDUu9mhc8cHhkRt1ySoJLS5ms=
-104,23,111Bk+XaFElEpzmt2LW5DFBaZPw=,/3JDUu9mhc8cHhkRt1ySoJLS5ms=
-106,23,111Bk+XaFElEpzmt2LW5DFBaZPw=,/3JDUu9mhc8cHhkRt1ySoJLS5ms=
-109,23,111Bk+XaFElEpzmt2LW5DFBaZPw=,/3JDUu9mhc8cHhkRt1ySoJLS5ms=
-108,23,111Bk+XaFElEpzmt2LW5DFBaZPw=,/3JDUu9mhc8cHhkRt1ySoJLS5ms=
-111,23,111Bk+XaFElEpzmt2LW5DFBaZPw=,/3JDUu9mhc8cHhkRt1ySoJLS5ms=
-110,23,111Bk+XaFElEpzmt2LW5DFBaZPw=,/3JDUu9mhc8cHhkRt1ySoJLS5ms=
-107,23,111Bk+XaFElEpzmt2LW5DFBaZPw=,/3JDUu9mhc8cHhkRt1ySoJLS5ms=
-112,23,111Bk+XaFElEpzmt2LW5DFBaZPw=,/3JDUu9mhc8cHhkRt1ySoJLS5ms=
-103,16,111Bk+XaFElEpzmt2LW5DFBaZPw=,/3JDUu9mhc8cHhkRt1ySoJLS5ms=
-101,19,111Bk+XaFElEpzmt2LW5DFBaZPw=,/3JDUu9mhc8cHhkRt1ySoJLS5ms=
-97,22,111Bk+XaFElEpzmt2LW5DFBaZPw=,/3JDUu9mhc8cHhkRt1ySoJLS5ms=
-99,17,111Bk+XaFElEpzmt2LW5DFBaZPw=,/3JDUu9mhc8cHhkRt1ySoJLS5ms=
-98,22,111Bk+XaFElEpzmt2LW5DFBaZPw=,/3JDUu9mhc8cHhkRt1ySoJLS5ms=
-99,22,111Bk+XaFElEpzmt2LW5DFBaZPw=,/3JDUu9mhc8cHhkRt1ySoJLS5ms=
-103,17,111Bk+XaFElEpzmt2LW5DFBaZPw=,/3JDUu9mhc8cHhkRt1ySoJLS5ms=
-103,18,111Bk+XaFElEpzmt2LW5DFBaZPw=,/3JDUu9mhc8cHhkRt1ySoJLS5ms=
-104,16,111Bk+XaFElEpzmt2LW5DFBaZPw=,/3JDUu9mhc8cHhkRt1ySoJLS5ms=
-112,22,111Bk+XaFElEpzmt2LW5DFBaZPw=,/3JDUu9mhc8cHhkRt1ySoJLS5ms=
-110,22,111Bk+XaFElEpzmt2LW5DFBaZPw=,/3JDUu9mhc8cHhkRt1ySoJLS5ms=
-109,22,111Bk+XaFElEpzmt2LW5DFBaZPw=,/3JDUu9mhc8cHhkRt1ySoJLS5ms=
-108,22,111Bk+XaFElEpzmt2LW5DFBaZPw=,/3JDUu9mhc8cHhkRt1ySoJLS5ms=
-111,22,111Bk+XaFElEpzmt2LW5DFBaZPw=,/3JDUu9mhc8cHhkRt1ySoJLS5ms=
-106,22,111Bk+XaFElEpzmt2LW5DFBaZPw=,/3JDUu9mhc8cHhkRt1ySoJLS5ms=
-105,22,111Bk+XaFElEpzmt2LW5DFBaZPw=,/3JDUu9mhc8cHhkRt1ySoJLS5ms=
-107,22,111Bk+XaFElEpzmt2LW5DFBaZPw=,/3JDUu9mhc8cHhkRt1ySoJLS5ms=
-104,22,111Bk+XaFElEpzmt2LW5DFBaZPw=,/3JDUu9mhc8cHhkRt1ySoJLS5ms=
-102,17,111Bk+XaFElEpzmt2LW5DFBaZPw=,/3JDUu9mhc8cHhkRt1ySoJLS5ms=
-103,22,111Bk+XaFElEpzmt2LW5DFBaZPw=,/3JDUu9mhc8cHhkRt1ySoJLS5ms=
-102,22,111Bk+XaFElEpzmt2LW5DFBaZPw=,/3JDUu9mhc8cHhkRt1ySoJLS5ms=
-102,18,111Bk+XaFElEpzmt2LW5DFBaZPw=,/3JDUu9mhc8cHhkRt1ySoJLS5ms=
-101,23,111Bk+XaFElEpzmt2LW5DFBaZPw=,/3JDUu9mhc8cHhkRt1ySoJLS5ms=
-100,22,111Bk+XaFElEpzmt2LW5DFBaZPw=,/3JDUu9mhc8cHhkRt1ySoJLS5ms=
-101,18,111Bk+XaFElEpzmt2LW5DFBaZPw=,/3JDUu9mhc8cHhkRt1ySoJLS5ms=
-100,16,111Bk+XaFElEpzmt2LW5DFBaZPw=,/3JDUu9mhc8cHhkRt1ySoJLS5ms=
-101,22,111Bk+XaFElEpzmt2LW5DFBaZPw=,/3JDUu9mhc8cHhkRt1ySoJLS5ms=
-101,27,111Bk+XaFElEpzmt2LW5DFBaZPw=,/3JDUu9mhc8cHhkRt1ySoJLS5ms=
-102,26,111Bk+XaFElEpzmt2LW5DFBaZPw=,/3JDUu9mhc8cHhkRt1ySoJLS5ms=
-100,17,111Bk+XaFElEpzmt2LW5DFBaZPw=,/3JDUu9mhc8cHhkRt1ySoJLS5ms=
-100,26,111Bk+XaFElEpzmt2LW5DFBaZPw=,/3JDUu9mhc8cHhkRt1ySoJLS5ms=
-102,19,111Bk+XaFElEpzmt2LW5DFBaZPw=,/3JDUu9mhc8cHhkRt1ySoJLS5ms=
-101,26,111Bk+XaFElEpzmt2LW5DFBaZPw=,/3JDUu9mhc8cHhkRt1ySoJLS5ms=
-102,27,111Bk+XaFElEpzmt2LW5DFBaZPw=,/3JDUu9mhc8cHhkRt1ySoJLS5ms=
-106,3,111Bk+XaFElEpzmt2LW5DFBaZPw=,MO/4RukeYrDP6ycjER6Ib6tFWd4=
-107,0,111Bk+XaFElEpzmt2LW5DFBaZPw=,MO/4RukeYrDP6ycjER6Ib6tFWd4=
-106,2,111Bk+XaFElEpzmt2LW5DFBaZPw=,MO/4RukeYrDP6ycjER6Ib6tFWd4=
-105,3,111Bk+XaFElEpzmt2LW5DFBaZPw=,MO/4RukeYrDP6ycjER6Ib6tFWd4=
-107,2,111Bk+XaFElEpzmt2LW5DFBaZPw=,MO/4RukeYrDP6ycjER6Ib6tFWd4=
-107,3,111Bk+XaFElEpzmt2LW5DFBaZPw=,MO/4RukeYrDP6ycjER6Ib6tFWd4=
-104,3,111Bk+XaFElEpzmt2LW5DFBaZPw=,MO/4RukeYrDP6ycjER6Ib6tFWd4=
-109,0,111Bk+XaFElEpzmt2LW5DFBaZPw=,MO/4RukeYrDP6ycjER6Ib6tFWd4=
-108,3,111Bk+XaFElEpzmt2LW5DFBaZPw=,MO/4RukeYrDP6ycjER6Ib6tFWd4=
-109,3,111Bk+XaFElEpzmt2LW5DFBaZPw=,MO/4RukeYrDP6ycjER6Ib6tFWd4=
-99,3,111Bk+XaFElEpzmt2LW5DFBaZPw=,MO/4RukeYrDP6ycjER6Ib6tFWd4=
-108,1,111Bk+XaFElEpzmt2LW5DFBaZPw=,MO/4RukeYrDP6ycjER6Ib6tFWd4=
-110,3,111Bk+XaFElEpzmt2LW5DFBaZPw=,MO/4RukeYrDP6ycjER6Ib6tFWd4=
-107,1,111Bk+XaFElEpzmt2LW5DFBaZPw=,MO/4RukeYrDP6ycjER6Ib6tFWd4=
-111,0,111Bk+XaFElEpzmt2LW5DFBaZPw=,MO/4RukeYrDP6ycjER6Ib6tFWd4=
-97,15,111Bk+XaFElEpzmt2LW5DFBaZPw=,MO/4RukeYrDP6ycjER6Ib6tFWd4=
-98,3,111Bk+XaFElEpzmt2LW5DFBaZPw=,MO/4RukeYrDP6ycjER6Ib6tFWd4=
-106,1,111Bk+XaFElEpzmt2LW5DFBaZPw=,MO/4RukeYrDP6ycjER6Ib6tFWd4=
-108,2,111Bk+XaFElEpzmt2LW5DFBaZPw=,MO/4RukeYrDP6ycjER6Ib6tFWd4=
-97,3,111Bk+XaFElEpzmt2LW5DFBaZPw=,MO/4RukeYrDP6ycjER6Ib6tFWd4=
-112,4,111Bk+XaFElEpzmt2LW5DFBaZPw=,MO/4RukeYrDP6ycjER6Ib6tFWd4=
-106,0,111Bk+XaFElEpzmt2LW5DFBaZPw=,MO/4RukeYrDP6ycjER6Ib6tFWd4=
-105,2,111Bk+XaFElEpzmt2LW5DFBaZPw=,MO/4RukeYrDP6ycjER6Ib6tFWd4=
-99,15,111Bk+XaFElEpzmt2LW5DFBaZPw=,MO/4RukeYrDP6ycjER6Ib6tFWd4=
-111,4,111Bk+XaFElEpzmt2LW5DFBaZPw=,MO/4RukeYrDP6ycjER6Ib6tFWd4=
-110,4,111Bk+XaFElEpzmt2LW5DFBaZPw=,MO/4RukeYrDP6ycjER6Ib6tFWd4=
-109,4,111Bk+XaFElEpzmt2LW5DFBaZPw=,MO/4RukeYrDP6ycjER6Ib6tFWd4=
-100,15,111Bk+XaFElEpzmt2LW5DFBaZPw=,MO/4RukeYrDP6ycjER6Ib6tFWd4=
-108,4,111Bk+XaFElEpzmt2LW5DFBaZPw=,MO/4RukeYrDP6ycjER6Ib6tFWd4=
-98,15,111Bk+XaFElEpzmt2LW5DFBaZPw=,MO/4RukeYrDP6ycjER6Ib6tFWd4=
-107,4,111Bk+XaFElEpzmt2LW5DFBaZPw=,MO/4RukeYrDP6ycjER6Ib6tFWd4=
-106,4,111Bk+XaFElEpzmt2LW5DFBaZPw=,MO/4RukeYrDP6ycjER6Ib6tFWd4=
-105,4,111Bk+XaFElEpzmt2LW5DFBaZPw=,MO/4RukeYrDP6ycjER6Ib6tFWd4=
-104,15,111Bk+XaFElEpzmt2LW5DFBaZPw=,MO/4RukeYrDP6ycjER6Ib6tFWd4=
-104,4,111Bk+XaFElEpzmt2LW5DFBaZPw=,MO/4RukeYrDP6ycjER6Ib6tFWd4=
-103,15,111Bk+XaFElEpzmt2LW5DFBaZPw=,MO/4RukeYrDP6ycjER6Ib6tFWd4=
-105,15,111Bk+XaFElEpzmt2LW5DFBaZPw=,MO/4RukeYrDP6ycjER6Ib6tFWd4=
-102,15,111Bk+XaFElEpzmt2LW5DFBaZPw=,MO/4RukeYrDP6ycjER6Ib6tFWd4=
-106,15,111Bk+XaFElEpzmt2LW5DFBaZPw=,MO/4RukeYrDP6ycjER6Ib6tFWd4=
-107,15,111Bk+XaFElEpzmt2LW5DFBaZPw=,MO/4RukeYrDP6ycjER6Ib6tFWd4=
-108,15,111Bk+XaFElEpzmt2LW5DFBaZPw=,MO/4RukeYrDP6ycjER6Ib6tFWd4=
-110,15,111Bk+XaFElEpzmt2LW5DFBaZPw=,MO/4RukeYrDP6ycjER6Ib6tFWd4=
-111,15,111Bk+XaFElEpzmt2LW5DFBaZPw=,MO/4RukeYrDP6ycjER6Ib6tFWd4=
-111,3,111Bk+XaFElEpzmt2LW5DFBaZPw=,MO/4RukeYrDP6ycjER6Ib6tFWd4=
-108,0,111Bk+XaFElEpzmt2LW5DFBaZPw=,MO/4RukeYrDP6ycjER6Ib6tFWd4=
-112,15,111Bk+XaFElEpzmt2LW5DFBaZPw=,MO/4RukeYrDP6ycjER6Ib6tFWd4=
-112,0,111Bk+XaFElEpzmt2LW5DFBaZPw=,MO/4RukeYrDP6ycjER6Ib6tFWd4=
-97,14,111Bk+XaFElEpzmt2LW5DFBaZPw=,MO/4RukeYrDP6ycjER6Ib6tFWd4=
-100,14,111Bk+XaFElEpzmt2LW5DFBaZPw=,MO/4RukeYrDP6ycjER6Ib6tFWd4=
-109,15,111Bk+XaFElEpzmt2LW5DFBaZPw=,MO/4RukeYrDP6ycjER6Ib6tFWd4=
-98,14,111Bk+XaFElEpzmt2LW5DFBaZPw=,MO/4RukeYrDP6ycjER6Ib6tFWd4=
-109,2,111Bk+XaFElEpzmt2LW5DFBaZPw=,MO/4RukeYrDP6ycjER6Ib6tFWd4=
-102,14,111Bk+XaFElEpzmt2LW5DFBaZPw=,MO/4RukeYrDP6ycjER6Ib6tFWd4=
-99,14,111Bk+XaFElEpzmt2LW5DFBaZPw=,MO/4RukeYrDP6ycjER6Ib6tFWd4=
-105,14,111Bk+XaFElEpzmt2LW5DFBaZPw=,MO/4RukeYrDP6ycjER6Ib6tFWd4=
-103,14,111Bk+XaFElEpzmt2LW5DFBaZPw=,MO/4RukeYrDP6ycjER6Ib6tFWd4=
-106,14,111Bk+XaFElEpzmt2LW5DFBaZPw=,MO/4RukeYrDP6ycjER6Ib6tFWd4=
-104,14,111Bk+XaFElEpzmt2LW5DFBaZPw=,MO/4RukeYrDP6ycjER6Ib6tFWd4=
-108,14,111Bk+XaFElEpzmt2LW5DFBaZPw=,MO/4RukeYrDP6ycjER6Ib6tFWd4=
-109,14,111Bk+XaFElEpzmt2LW5DFBaZPw=,MO/4RukeYrDP6ycjER6Ib6tFWd4=
-112,14,111Bk+XaFElEpzmt2LW5DFBaZPw=,MO/4RukeYrDP6ycjER6Ib6tFWd4=
-111,14,111Bk+XaFElEpzmt2LW5DFBaZPw=,MO/4RukeYrDP6ycjER6Ib6tFWd4=
-109,1,111Bk+XaFElEpzmt2LW5DFBaZPw=,MO/4RukeYrDP6ycjER6Ib6tFWd4=
-97,13,111Bk+XaFElEpzmt2LW5DFBaZPw=,MO/4RukeYrDP6ycjER6Ib6tFWd4=
-98,13,111Bk+XaFElEpzmt2LW5DFBaZPw=,MO/4RukeYrDP6ycjER6Ib6tFWd4=
-110,2,111Bk+XaFElEpzmt2LW5DFBaZPw=,MO/4RukeYrDP6ycjER6Ib6tFWd4=
-100,13,111Bk+XaFElEpzmt2LW5DFBaZPw=,MO/4RukeYrDP6ycjER6Ib6tFWd4=
-107,14,111Bk+XaFElEpzmt2LW5DFBaZPw=,MO/4RukeYrDP6ycjER6Ib6tFWd4=
-99,13,111Bk+XaFElEpzmt2LW5DFBaZPw=,MO/4RukeYrDP6ycjER6Ib6tFWd4=
-110,14,111Bk+XaFElEpzmt2LW5DFBaZPw=,MO/4RukeYrDP6ycjER6Ib6tFWd4=
-101,13,111Bk+XaFElEpzmt2LW5DFBaZPw=,MO/4RukeYrDP6ycjER6Ib6tFWd4=
-102,13,111Bk+XaFElEpzmt2LW5DFBaZPw=,MO/4RukeYrDP6ycjER6Ib6tFWd4=
-105,13,111Bk+XaFElEpzmt2LW5DFBaZPw=,MO/4RukeYrDP6ycjER6Ib6tFWd4=
-107,13,111Bk+XaFElEpzmt2LW5DFBaZPw=,MO/4RukeYrDP6ycjER6Ib6tFWd4=
-108,13,111Bk+XaFElEpzmt2LW5DFBaZPw=,MO/4RukeYrDP6ycjER6Ib6tFWd4=
-106,13,111Bk+XaFElEpzmt2LW5DFBaZPw=,MO/4RukeYrDP6ycjER6Ib6tFWd4=
-110,13,111Bk+XaFElEpzmt2LW5DFBaZPw=,MO/4RukeYrDP6ycjER6Ib6tFWd4=
-109,13,111Bk+XaFElEpzmt2LW5DFBaZPw=,MO/4RukeYrDP6ycjER6Ib6tFWd4=
-104,13,111Bk+XaFElEpzmt2LW5DFBaZPw=,MO/4RukeYrDP6ycjER6Ib6tFWd4=
-110,1,111Bk+XaFElEpzmt2LW5DFBaZPw=,MO/4RukeYrDP6ycjER6Ib6tFWd4=
-111,2,111Bk+XaFElEpzmt2LW5DFBaZPw=,MO/4RukeYrDP6ycjER6Ib6tFWd4=
-98,12,111Bk+XaFElEpzmt2LW5DFBaZPw=,MO/4RukeYrDP6ycjER6Ib6tFWd4=
-99,12,111Bk+XaFElEpzmt2LW5DFBaZPw=,MO/4RukeYrDP6ycjER6Ib6tFWd4=
-97,12,111Bk+XaFElEpzmt2LW5DFBaZPw=,MO/4RukeYrDP6ycjER6Ib6tFWd4=
-103,12,111Bk+XaFElEpzmt2LW5DFBaZPw=,MO/4RukeYrDP6ycjER6Ib6tFWd4=
-101,12,111Bk+XaFElEpzmt2LW5DFBaZPw=,MO/4RukeYrDP6ycjER6Ib6tFWd4=
-105,12,111Bk+XaFElEpzmt2LW5DFBaZPw=,MO/4RukeYrDP6ycjER6Ib6tFWd4=
-107,12,111Bk+XaFElEpzmt2LW5DFBaZPw=,MO/4RukeYrDP6ycjER6Ib6tFWd4=
-103,13,111Bk+XaFElEpzmt2LW5DFBaZPw=,MO/4RukeYrDP6ycjER6Ib6tFWd4=
-104,12,111Bk+XaFElEpzmt2LW5DFBaZPw=,MO/4RukeYrDP6ycjER6Ib6tFWd4=
-110,12,111Bk+XaFElEpzmt2LW5DFBaZPw=,MO/4RukeYrDP6ycjER6Ib6tFWd4=
-100,12,111Bk+XaFElEpzmt2LW5DFBaZPw=,MO/4RukeYrDP6ycjER6Ib6tFWd4=
-101,14,111Bk+XaFElEpzmt2LW5DFBaZPw=,MO/4RukeYrDP6ycjER6Ib6tFWd4=
-112,1,111Bk+XaFElEpzmt2LW5DFBaZPw=,MO/4RukeYrDP6ycjER6Ib6tFWd4=
-111,1,111Bk+XaFElEpzmt2LW5DFBaZPw=,MO/4RukeYrDP6ycjER6Ib6tFWd4=
-110,0,111Bk+XaFElEpzmt2LW5DFBaZPw=,MO/4RukeYrDP6ycjER6Ib6tFWd4=
-97,0,111Bk+XaFElEpzmt2LW5DFBaZPw=,MO/4RukeYrDP6ycjER6Ib6tFWd4=
-112,3,111Bk+XaFElEpzmt2LW5DFBaZPw=,MO/4RukeYrDP6ycjER6Ib6tFWd4=
-97,2,111Bk+XaFElEpzmt2LW5DFBaZPw=,MO/4RukeYrDP6ycjER6Ib6tFWd4=
-102,12,111Bk+XaFElEpzmt2LW5DFBaZPw=,MO/4RukeYrDP6ycjER6Ib6tFWd4=
-112,2,111Bk+XaFElEpzmt2LW5DFBaZPw=,MO/4RukeYrDP6ycjER6Ib6tFWd4=
-97,1,111Bk+XaFElEpzmt2LW5DFBaZPw=,MO/4RukeYrDP6ycjER6Ib6tFWd4=
-100,3,111Bk+XaFElEpzmt2LW5DFBaZPw=,MO/4RukeYrDP6ycjER6Ib6tFWd4=
-97,11,111Bk+XaFElEpzmt2LW5DFBaZPw=,MO/4RukeYrDP6ycjER6Ib6tFWd4=
-98,11,111Bk+XaFElEpzmt2LW5DFBaZPw=,MO/4RukeYrDP6ycjER6Ib6tFWd4=
-99,11,111Bk+XaFElEpzmt2LW5DFBaZPw=,MO/4RukeYrDP6ycjER6Ib6tFWd4=
-103,4,111Bk+XaFElEpzmt2LW5DFBaZPw=,MO/4RukeYrDP6ycjER6Ib6tFWd4=
-100,11,111Bk+XaFElEpzmt2LW5DFBaZPw=,MO/4RukeYrDP6ycjER6Ib6tFWd4=
-111,13,111Bk+XaFElEpzmt2LW5DFBaZPw=,MO/4RukeYrDP6ycjER6Ib6tFWd4=
-109,12,111Bk+XaFElEpzmt2LW5DFBaZPw=,MO/4RukeYrDP6ycjER6Ib6tFWd4=
-106,12,111Bk+XaFElEpzmt2LW5DFBaZPw=,MO/4RukeYrDP6ycjER6Ib6tFWd4=
-105,11,111Bk+XaFElEpzmt2LW5DFBaZPw=,MO/4RukeYrDP6ycjER6Ib6tFWd4=
-104,11,111Bk+XaFElEpzmt2LW5DFBaZPw=,MO/4RukeYrDP6ycjER6Ib6tFWd4=
-107,11,111Bk+XaFElEpzmt2LW5DFBaZPw=,MO/4RukeYrDP6ycjER6Ib6tFWd4=
-106,11,111Bk+XaFElEpzmt2LW5DFBaZPw=,MO/4RukeYrDP6ycjER6Ib6tFWd4=
-109,11,111Bk+XaFElEpzmt2LW5DFBaZPw=,MO/4RukeYrDP6ycjER6Ib6tFWd4=
-112,13,111Bk+XaFElEpzmt2LW5DFBaZPw=,MO/4RukeYrDP6ycjER6Ib6tFWd4=
-112,12,111Bk+XaFElEpzmt2LW5DFBaZPw=,MO/4RukeYrDP6ycjER6Ib6tFWd4=
-101,15,111Bk+XaFElEpzmt2LW5DFBaZPw=,MO/4RukeYrDP6ycjER6Ib6tFWd4=
-108,12,111Bk+XaFElEpzmt2LW5DFBaZPw=,MO/4RukeYrDP6ycjER6Ib6tFWd4=
-110,11,111Bk+XaFElEpzmt2LW5DFBaZPw=,MO/4RukeYrDP6ycjER6Ib6tFWd4=
-97,10,111Bk+XaFElEpzmt2LW5DFBaZPw=,MO/4RukeYrDP6ycjER6Ib6tFWd4=
-98,10,111Bk+XaFElEpzmt2LW5DFBaZPw=,MO/4RukeYrDP6ycjER6Ib6tFWd4=
-99,10,111Bk+XaFElEpzmt2LW5DFBaZPw=,MO/4RukeYrDP6ycjER6Ib6tFWd4=
-103,11,111Bk+XaFElEpzmt2LW5DFBaZPw=,MO/4RukeYrDP6ycjER6Ib6tFWd4=
-101,11,111Bk+XaFElEpzmt2LW5DFBaZPw=,MO/4RukeYrDP6ycjER6Ib6tFWd4=
-100,10,111Bk+XaFElEpzmt2LW5DFBaZPw=,MO/4RukeYrDP6ycjER6Ib6tFWd4=
-103,10,111Bk+XaFElEpzmt2LW5DFBaZPw=,MO/4RukeYrDP6ycjER6Ib6tFWd4=
-98,2,111Bk+XaFElEpzmt2LW5DFBaZPw=,MO/4RukeYrDP6ycjER6Ib6tFWd4=
-111,12,111Bk+XaFElEpzmt2LW5DFBaZPw=,MO/4RukeYrDP6ycjER6Ib6tFWd4=
-105,10,111Bk+XaFElEpzmt2LW5DFBaZPw=,MO/4RukeYrDP6ycjER6Ib6tFWd4=
-106,10,111Bk+XaFElEpzmt2LW5DFBaZPw=,MO/4RukeYrDP6ycjER6Ib6tFWd4=
-108,10,111Bk+XaFElEpzmt2LW5DFBaZPw=,MO/4RukeYrDP6ycjER6Ib6tFWd4=
-107,10,111Bk+XaFElEpzmt2LW5DFBaZPw=,MO/4RukeYrDP6ycjER6Ib6tFWd4=
-110,10,111Bk+XaFElEpzmt2LW5DFBaZPw=,MO/4RukeYrDP6ycjER6Ib6tFWd4=
-111,10,111Bk+XaFElEpzmt2LW5DFBaZPw=,MO/4RukeYrDP6ycjER6Ib6tFWd4=
-104,10,111Bk+XaFElEpzmt2LW5DFBaZPw=,MO/4RukeYrDP6ycjER6Ib6tFWd4=
-111,11,111Bk+XaFElEpzmt2LW5DFBaZPw=,MO/4RukeYrDP6ycjER6Ib6tFWd4=
-102,4,111Bk+XaFElEpzmt2LW5DFBaZPw=,MO/4RukeYrDP6ycjER6Ib6tFWd4=
-101,4,111Bk+XaFElEpzmt2LW5DFBaZPw=,MO/4RukeYrDP6ycjER6Ib6tFWd4=
-99,4,111Bk+XaFElEpzmt2LW5DFBaZPw=,MO/4RukeYrDP6ycjER6Ib6tFWd4=
-100,4,111Bk+XaFElEpzmt2LW5DFBaZPw=,MO/4RukeYrDP6ycjER6Ib6tFWd4=
-105,1,111Bk+XaFElEpzmt2LW5DFBaZPw=,MO/4RukeYrDP6ycjER6Ib6tFWd4=
-98,4,111Bk+XaFElEpzmt2LW5DFBaZPw=,MO/4RukeYrDP6ycjER6Ib6tFWd4=
-97,4,111Bk+XaFElEpzmt2LW5DFBaZPw=,MO/4RukeYrDP6ycjER6Ib6tFWd4=
-102,11,111Bk+XaFElEpzmt2LW5DFBaZPw=,MO/4RukeYrDP6ycjER6Ib6tFWd4=
-109,10,111Bk+XaFElEpzmt2LW5DFBaZPw=,MO/4RukeYrDP6ycjER6Ib6tFWd4=
-112,5,111Bk+XaFElEpzmt2LW5DFBaZPw=,MO/4RukeYrDP6ycjER6Ib6tFWd4=
-101,10,111Bk+XaFElEpzmt2LW5DFBaZPw=,MO/4RukeYrDP6ycjER6Ib6tFWd4=
-105,0,111Bk+XaFElEpzmt2LW5DFBaZPw=,MO/4RukeYrDP6ycjER6Ib6tFWd4=
-111,5,111Bk+XaFElEpzmt2LW5DFBaZPw=,MO/4RukeYrDP6ycjER6Ib6tFWd4=
-104,2,111Bk+XaFElEpzmt2LW5DFBaZPw=,MO/4RukeYrDP6ycjER6Ib6tFWd4=
-110,5,111Bk+XaFElEpzmt2LW5DFBaZPw=,MO/4RukeYrDP6ycjER6Ib6tFWd4=
-108,5,111Bk+XaFElEpzmt2LW5DFBaZPw=,MO/4RukeYrDP6ycjER6Ib6tFWd4=
-109,5,111Bk+XaFElEpzmt2LW5DFBaZPw=,MO/4RukeYrDP6ycjER6Ib6tFWd4=
-107,5,111Bk+XaFElEpzmt2LW5DFBaZPw=,MO/4RukeYrDP6ycjER6Ib6tFWd4=
-106,5,111Bk+XaFElEpzmt2LW5DFBaZPw=,MO/4RukeYrDP6ycjER6Ib6tFWd4=
-105,5,111Bk+XaFElEpzmt2LW5DFBaZPw=,MO/4RukeYrDP6ycjER6Ib6tFWd4=
-104,5,111Bk+XaFElEpzmt2LW5DFBaZPw=,MO/4RukeYrDP6ycjER6Ib6tFWd4=
-103,5,111Bk+XaFElEpzmt2LW5DFBaZPw=,MO/4RukeYrDP6ycjER6Ib6tFWd4=
-102,10,111Bk+XaFElEpzmt2LW5DFBaZPw=,MO/4RukeYrDP6ycjER6Ib6tFWd4=
-98,9,111Bk+XaFElEpzmt2LW5DFBaZPw=,MO/4RukeYrDP6ycjER6Ib6tFWd4=
-99,9,111Bk+XaFElEpzmt2LW5DFBaZPw=,MO/4RukeYrDP6ycjER6Ib6tFWd4=
-101,9,111Bk+XaFElEpzmt2LW5DFBaZPw=,MO/4RukeYrDP6ycjER6Ib6tFWd4=
-103,9,111Bk+XaFElEpzmt2LW5DFBaZPw=,MO/4RukeYrDP6ycjER6Ib6tFWd4=
-100,9,111Bk+XaFElEpzmt2LW5DFBaZPw=,MO/4RukeYrDP6ycjER6Ib6tFWd4=
-105,9,111Bk+XaFElEpzmt2LW5DFBaZPw=,MO/4RukeYrDP6ycjER6Ib6tFWd4=
-104,9,111Bk+XaFElEpzmt2LW5DFBaZPw=,MO/4RukeYrDP6ycjER6Ib6tFWd4=
-106,9,111Bk+XaFElEpzmt2LW5DFBaZPw=,MO/4RukeYrDP6ycjER6Ib6tFWd4=
-107,9,111Bk+XaFElEpzmt2LW5DFBaZPw=,MO/4RukeYrDP6ycjER6Ib6tFWd4=
-108,9,111Bk+XaFElEpzmt2LW5DFBaZPw=,MO/4RukeYrDP6ycjER6Ib6tFWd4=
-110,9,111Bk+XaFElEpzmt2LW5DFBaZPw=,MO/4RukeYrDP6ycjER6Ib6tFWd4=
-109,9,111Bk+XaFElEpzmt2LW5DFBaZPw=,MO/4RukeYrDP6ycjER6Ib6tFWd4=
-111,9,111Bk+XaFElEpzmt2LW5DFBaZPw=,MO/4RukeYrDP6ycjER6Ib6tFWd4=
-102,5,111Bk+XaFElEpzmt2LW5DFBaZPw=,MO/4RukeYrDP6ycjER6Ib6tFWd4=
-97,9,111Bk+XaFElEpzmt2LW5DFBaZPw=,MO/4RukeYrDP6ycjER6Ib6tFWd4=
-101,5,111Bk+XaFElEpzmt2LW5DFBaZPw=,MO/4RukeYrDP6ycjER6Ib6tFWd4=
-100,5,111Bk+XaFElEpzmt2LW5DFBaZPw=,MO/4RukeYrDP6ycjER6Ib6tFWd4=
-98,5,111Bk+XaFElEpzmt2LW5DFBaZPw=,MO/4RukeYrDP6ycjER6Ib6tFWd4=
-99,5,111Bk+XaFElEpzmt2LW5DFBaZPw=,MO/4RukeYrDP6ycjER6Ib6tFWd4=
-112,9,111Bk+XaFElEpzmt2LW5DFBaZPw=,MO/4RukeYrDP6ycjER6Ib6tFWd4=
-108,11,111Bk+XaFElEpzmt2LW5DFBaZPw=,MO/4RukeYrDP6ycjER6Ib6tFWd4=
-104,1,111Bk+XaFElEpzmt2LW5DFBaZPw=,MO/4RukeYrDP6ycjER6Ib6tFWd4=
-97,5,111Bk+XaFElEpzmt2LW5DFBaZPw=,MO/4RukeYrDP6ycjER6Ib6tFWd4=
-112,6,111Bk+XaFElEpzmt2LW5DFBaZPw=,MO/4RukeYrDP6ycjER6Ib6tFWd4=
-101,3,111Bk+XaFElEpzmt2LW5DFBaZPw=,MO/4RukeYrDP6ycjER6Ib6tFWd4=
-98,8,111Bk+XaFElEpzmt2LW5DFBaZPw=,MO/4RukeYrDP6ycjER6Ib6tFWd4=
-102,9,111Bk+XaFElEpzmt2LW5DFBaZPw=,MO/4RukeYrDP6ycjER6Ib6tFWd4=
-100,8,111Bk+XaFElEpzmt2LW5DFBaZPw=,MO/4RukeYrDP6ycjER6Ib6tFWd4=
-101,8,111Bk+XaFElEpzmt2LW5DFBaZPw=,MO/4RukeYrDP6ycjER6Ib6tFWd4=
-103,8,111Bk+XaFElEpzmt2LW5DFBaZPw=,MO/4RukeYrDP6ycjER6Ib6tFWd4=
-97,8,111Bk+XaFElEpzmt2LW5DFBaZPw=,MO/4RukeYrDP6ycjER6Ib6tFWd4=
-104,8,111Bk+XaFElEpzmt2LW5DFBaZPw=,MO/4RukeYrDP6ycjER6Ib6tFWd4=
-106,8,111Bk+XaFElEpzmt2LW5DFBaZPw=,MO/4RukeYrDP6ycjER6Ib6tFWd4=
-105,8,111Bk+XaFElEpzmt2LW5DFBaZPw=,MO/4RukeYrDP6ycjER6Ib6tFWd4=
-107,8,111Bk+XaFElEpzmt2LW5DFBaZPw=,MO/4RukeYrDP6ycjER6Ib6tFWd4=
-109,8,111Bk+XaFElEpzmt2LW5DFBaZPw=,MO/4RukeYrDP6ycjER6Ib6tFWd4=
-108,8,111Bk+XaFElEpzmt2LW5DFBaZPw=,MO/4RukeYrDP6ycjER6Ib6tFWd4=
-110,8,111Bk+XaFElEpzmt2LW5DFBaZPw=,MO/4RukeYrDP6ycjER6Ib6tFWd4=
-111,8,111Bk+XaFElEpzmt2LW5DFBaZPw=,MO/4RukeYrDP6ycjER6Ib6tFWd4=
-99,8,111Bk+XaFElEpzmt2LW5DFBaZPw=,MO/4RukeYrDP6ycjER6Ib6tFWd4=
-112,8,111Bk+XaFElEpzmt2LW5DFBaZPw=,MO/4RukeYrDP6ycjER6Ib6tFWd4=
-97,7,111Bk+XaFElEpzmt2LW5DFBaZPw=,MO/4RukeYrDP6ycjER6Ib6tFWd4=
-102,8,111Bk+XaFElEpzmt2LW5DFBaZPw=,MO/4RukeYrDP6ycjER6Ib6tFWd4=
-99,7,111Bk+XaFElEpzmt2LW5DFBaZPw=,MO/4RukeYrDP6ycjER6Ib6tFWd4=
-99,1,111Bk+XaFElEpzmt2LW5DFBaZPw=,MO/4RukeYrDP6ycjER6Ib6tFWd4=
-100,7,111Bk+XaFElEpzmt2LW5DFBaZPw=,MO/4RukeYrDP6ycjER6Ib6tFWd4=
-98,7,111Bk+XaFElEpzmt2LW5DFBaZPw=,MO/4RukeYrDP6ycjER6Ib6tFWd4=
-101,7,111Bk+XaFElEpzmt2LW5DFBaZPw=,MO/4RukeYrDP6ycjER6Ib6tFWd4=
-103,7,111Bk+XaFElEpzmt2LW5DFBaZPw=,MO/4RukeYrDP6ycjER6Ib6tFWd4=
-104,7,111Bk+XaFElEpzmt2LW5DFBaZPw=,MO/4RukeYrDP6ycjER6Ib6tFWd4=
-98,1,111Bk+XaFElEpzmt2LW5DFBaZPw=,MO/4RukeYrDP6ycjER6Ib6tFWd4=
-102,7,111Bk+XaFElEpzmt2LW5DFBaZPw=,MO/4RukeYrDP6ycjER6Ib6tFWd4=
-99,0,111Bk+XaFElEpzmt2LW5DFBaZPw=,MO/4RukeYrDP6ycjER6Ib6tFWd4=
-103,3,111Bk+XaFElEpzmt2LW5DFBaZPw=,MO/4RukeYrDP6ycjER6Ib6tFWd4=
-105,7,111Bk+XaFElEpzmt2LW5DFBaZPw=,MO/4RukeYrDP6ycjER6Ib6tFWd4=
-107,7,111Bk+XaFElEpzmt2LW5DFBaZPw=,MO/4RukeYrDP6ycjER6Ib6tFWd4=
-106,7,111Bk+XaFElEpzmt2LW5DFBaZPw=,MO/4RukeYrDP6ycjER6Ib6tFWd4=
-109,7,111Bk+XaFElEpzmt2LW5DFBaZPw=,MO/4RukeYrDP6ycjER6Ib6tFWd4=
-108,7,111Bk+XaFElEpzmt2LW5DFBaZPw=,MO/4RukeYrDP6ycjER6Ib6tFWd4=
-110,7,111Bk+XaFElEpzmt2LW5DFBaZPw=,MO/4RukeYrDP6ycjER6Ib6tFWd4=
-111,7,111Bk+XaFElEpzmt2LW5DFBaZPw=,MO/4RukeYrDP6ycjER6Ib6tFWd4=
-112,10,111Bk+XaFElEpzmt2LW5DFBaZPw=,MO/4RukeYrDP6ycjER6Ib6tFWd4=
-100,0,111Bk+XaFElEpzmt2LW5DFBaZPw=,MO/4RukeYrDP6ycjER6Ib6tFWd4=
-112,7,111Bk+XaFElEpzmt2LW5DFBaZPw=,MO/4RukeYrDP6ycjER6Ib6tFWd4=
-97,6,111Bk+XaFElEpzmt2LW5DFBaZPw=,MO/4RukeYrDP6ycjER6Ib6tFWd4=
-101,1,111Bk+XaFElEpzmt2LW5DFBaZPw=,MO/4RukeYrDP6ycjER6Ib6tFWd4=
-99,6,111Bk+XaFElEpzmt2LW5DFBaZPw=,MO/4RukeYrDP6ycjER6Ib6tFWd4=
-98,6,111Bk+XaFElEpzmt2LW5DFBaZPw=,MO/4RukeYrDP6ycjER6Ib6tFWd4=
-100,6,111Bk+XaFElEpzmt2LW5DFBaZPw=,MO/4RukeYrDP6ycjER6Ib6tFWd4=
-101,6,111Bk+XaFElEpzmt2LW5DFBaZPw=,MO/4RukeYrDP6ycjER6Ib6tFWd4=
-102,6,111Bk+XaFElEpzmt2LW5DFBaZPw=,MO/4RukeYrDP6ycjER6Ib6tFWd4=
-104,6,111Bk+XaFElEpzmt2LW5DFBaZPw=,MO/4RukeYrDP6ycjER6Ib6tFWd4=
-103,6,111Bk+XaFElEpzmt2LW5DFBaZPw=,MO/4RukeYrDP6ycjER6Ib6tFWd4=
-106,6,111Bk+XaFElEpzmt2LW5DFBaZPw=,MO/4RukeYrDP6ycjER6Ib6tFWd4=
-107,6,111Bk+XaFElEpzmt2LW5DFBaZPw=,MO/4RukeYrDP6ycjER6Ib6tFWd4=
-105,6,111Bk+XaFElEpzmt2LW5DFBaZPw=,MO/4RukeYrDP6ycjER6Ib6tFWd4=
-108,6,111Bk+XaFElEpzmt2LW5DFBaZPw=,MO/4RukeYrDP6ycjER6Ib6tFWd4=
-109,6,111Bk+XaFElEpzmt2LW5DFBaZPw=,MO/4RukeYrDP6ycjER6Ib6tFWd4=
-111,6,111Bk+XaFElEpzmt2LW5DFBaZPw=,MO/4RukeYrDP6ycjER6Ib6tFWd4=
-110,6,111Bk+XaFElEpzmt2LW5DFBaZPw=,MO/4RukeYrDP6ycjER6Ib6tFWd4=
-104,0,111Bk+XaFElEpzmt2LW5DFBaZPw=,MO/4RukeYrDP6ycjER6Ib6tFWd4=
-100,1,111Bk+XaFElEpzmt2LW5DFBaZPw=,MO/4RukeYrDP6ycjER6Ib6tFWd4=
-101,2,111Bk+XaFElEpzmt2LW5DFBaZPw=,MO/4RukeYrDP6ycjER6Ib6tFWd4=
-112,11,111Bk+XaFElEpzmt2LW5DFBaZPw=,MO/4RukeYrDP6ycjER6Ib6tFWd4=
-102,1,111Bk+XaFElEpzmt2LW5DFBaZPw=,MO/4RukeYrDP6ycjER6Ib6tFWd4=
-98,0,111Bk+XaFElEpzmt2LW5DFBaZPw=,MO/4RukeYrDP6ycjER6Ib6tFWd4=
-101,0,111Bk+XaFElEpzmt2LW5DFBaZPw=,MO/4RukeYrDP6ycjER6Ib6tFWd4=
-103,2,111Bk+XaFElEpzmt2LW5DFBaZPw=,MO/4RukeYrDP6ycjER6Ib6tFWd4=
-102,0,111Bk+XaFElEpzmt2LW5DFBaZPw=,MO/4RukeYrDP6ycjER6Ib6tFWd4=
-99,2,111Bk+XaFElEpzmt2LW5DFBaZPw=,MO/4RukeYrDP6ycjER6Ib6tFWd4=
-103,0,111Bk+XaFElEpzmt2LW5DFBaZPw=,MO/4RukeYrDP6ycjER6Ib6tFWd4=
-102,3,111Bk+XaFElEpzmt2LW5DFBaZPw=,MO/4RukeYrDP6ycjER6Ib6tFWd4=
-103,1,111Bk+XaFElEpzmt2LW5DFBaZPw=,MO/4RukeYrDP6ycjER6Ib6tFWd4=
-102,2,111Bk+XaFElEpzmt2LW5DFBaZPw=,MO/4RukeYrDP6ycjER6Ib6tFWd4=
-100,2,111Bk+XaFElEpzmt2LW5DFBaZPw=,MO/4RukeYrDP6ycjER6Ib6tFWd4=
