-6,9,V0fQyTgfSBiVWR090xbYPqccTl0=,BFCD7PueMwiM7XHT41p4+hLLTR4=
-6,10,V0fQyTgfSBiVWR090xbYPqccTl0=,BFCD7PueMwiM7XHT41p4+hLLTR4=
-7,10,V0fQyTgfSBiVWR090xbYPqccTl0=,BFCD7PueMwiM7XHT41p4+hLLTR4=
-7,9,V0fQyTgfSBiVWR090xbYPqccTl0=,BFCD7PueMwiM7XHT41p4+hLLTR4=
-5,9,V0fQyTgfSBiVWR090xbYPqccTl0=,BFCD7PueMwiM7XHT41p4+hLLTR4=
-5,10,V0fQyTgfSBiVWR090xbYPqccTl0=,BFCD7PueMwiM7XHT41p4+hLLTR4=
-2,11,V0fQyTgfSBiVWR090xbYPqccTl0=,losMalv+Gf/j0lz1czL/Nz43cxY=
-2,10,V0fQyTgfSBiVWR090xbYPqccTl0=,losMalv+Gf/j0lz1czL/Nz43cxY=
-3,11,V0fQyTgfSBiVWR090xbYPqccTl0=,losMalv+Gf/j0lz1czL/Nz43cxY=
-3,10,V0fQyTgfSBiVWR090xbYPqccTl0=,losMalv+Gf/j0lz1czL/Nz43cxY=
-4,10,V0fQyTgfSBiVWR090xbYPqccTl0=,losMalv+Gf/j0lz1czL/Nz43cxY=
-7,8,V0fQyTgfSBiVWR090xbYPqccTl0=,BFCD7PueMwiM7XHT41p4+hLLTR4=
-7,7,V0fQyTgfSBiVWR090xbYPqccTl0=,dgE0f96f8nmN3PJN04J+Mab32Mw=
-10,1,V0fQyTgfSBiVWR090xbYPqccTl0=,h+wGps5zdfzDJ6ca+hLyx5OnsWw=
-10,2,V0fQyTgfSBiVWR090xbYPqccTl0=,h+wGps5zdfzDJ6ca+hLyx5OnsWw=
-11,2,V0fQyTgfSBiVWR090xbYPqccTl0=,h+wGps5zdfzDJ6ca+hLyx5OnsWw=
-11,1,V0fQyTgfSBiVWR090xbYPqccTl0=,h+wGps5zdfzDJ6ca+hLyx5OnsWw=
-12,2,V0fQyTgfSBiVWR090xbYPqccTl0=,h+wGps5zdfzDJ6ca+hLyx5OnsWw=
-15,2,V0fQyTgfSBiVWR090xbYPqccTl0=,JYLwd8rPAHRXbC/DKXc0/ALPVKM=
-12,1,V0fQyTgfSBiVWR090xbYPqccTl0=,h+wGps5zdfzDJ6ca+hLyx5OnsWw=
-13,2,V0fQyTgfSBiVWR090xbYPqccTl0=,JYLwd8rPAHRXbC/DKXc0/ALPVKM=
-13,1,V0fQyTgfSBiVWR090xbYPqccTl0=,JYLwd8rPAHRXbC/DKXc0/ALPVKM=
-14,1,V0fQyTgfSBiVWR090xbYPqccTl0=,JYLwd8rPAHRXbC/DKXc0/ALPVKM=
-15,1,V0fQyTgfSBiVWR090xbYPqccTl0=,JYLwd8rPAHRXbC/DKXc0/ALPVKM=
-14,2,V0fQyTgfSBiVWR090xbYPqccTl0=,JYLwd8rPAHRXbC/DKXc0/ALPVKM=
-5,6,V0fQyTgfSBiVWR090xbYPqccTl0=,dgE0f96f8nmN3PJN04J+Mab32Mw=
-4,9,V0fQyTgfSBiVWR090xbYPqccTl0=,losMalv+Gf/j0lz1czL/Nz43cxY=
-6,8,V0fQyTgfSBiVWR090xbYPqccTl0=,BFCD7PueMwiM7XHT41p4+hLLTR4=
-5,7,V0fQyTgfSBiVWR090xbYPqccTl0=,dgE0f96f8nmN3PJN04J+Mab32Mw=
-6,7,V0fQyTgfSBiVWR090xbYPqccTl0=,dgE0f96f8nmN3PJN04J+Mab32Mw=
-4,7,V0fQyTgfSBiVWR090xbYPqccTl0=,Dk/N77fYcKSI06cBo4a6IYkHTBY=
-4,8,V0fQyTgfSBiVWR090xbYPqccTl0=,losMalv+Gf/j0lz1czL/Nz43cxY=
-5,8,V0fQyTgfSBiVWR090xbYPqccTl0=,BFCD7PueMwiM7XHT41p4+hLLTR4=
-6,6,V0fQyTgfSBiVWR090xbYPqccTl0=,dgE0f96f8nmN3PJN04J+Mab32Mw=
-4,6,V0fQyTgfSBiVWR090xbYPqccTl0=,Dk/N77fYcKSI06cBo4a6IYkHTBY=
-3,8,V0fQyTgfSBiVWR090xbYPqccTl0=,losMalv+Gf/j0lz1czL/Nz43cxY=
-3,9,V0fQyTgfSBiVWR090xbYPqccTl0=,losMalv+Gf/j0lz1czL/Nz43cxY=
-3,6,V0fQyTgfSBiVWR090xbYPqccTl0=,Dk/N77fYcKSI06cBo4a6IYkHTBY=
-3,7,V0fQyTgfSBiVWR090xbYPqccTl0=,Dk/N77fYcKSI06cBo4a6IYkHTBY=
-3,5,V0fQyTgfSBiVWR090xbYPqccTl0=,Dk/N77fYcKSI06cBo4a6IYkHTBY=
-5,2,V0fQyTgfSBiVWR090xbYPqccTl0=,k1zezD9jHYLmdq17iSA8YspVOdY=
-1,5,V0fQyTgfSBiVWR090xbYPqccTl0=,Dk/N77fYcKSI06cBo4a6IYkHTBY=
-5,4,QGyHzsPg4MyoTCUKeESUsSDrimg=,dgE0f96f8nmN3PJN04J+Mab32Mw=
-1,4,QGyHzsPg4MyoTCUKeESUsSDrimg=,Dk/N77fYcKSI06cBo4a6IYkHTBY=
-2,4,QGyHzsPg4MyoTCUKeESUsSDrimg=,Dk/N77fYcKSI06cBo4a6IYkHTBY=
-2,5,QGyHzsPg4MyoTCUKeESUsSDrimg=,Dk/N77fYcKSI06cBo4a6IYkHTBY=
-5,3,QGyHzsPg4MyoTCUKeESUsSDrimg=,k1zezD9jHYLmdq17iSA8YspVOdY=
-4,2,QGyHzsPg4MyoTCUKeESUsSDrimg=,3md9btCKWwtBamqxFagWIK/pVKA=
-4,5,QGyHzsPg4MyoTCUKeESUsSDrimg=,Dk/N77fYcKSI06cBo4a6IYkHTBY=
-3,4,QGyHzsPg4MyoTCUKeESUsSDrimg=,Dk/N77fYcKSI06cBo4a6IYkHTBY=
-5,5,QGyHzsPg4MyoTCUKeESUsSDrimg=,dgE0f96f8nmN3PJN04J+Mab32Mw=
-6,5,QGyHzsPg4MyoTCUKeESUsSDrimg=,dgE0f96f8nmN3PJN04J+Mab32Mw=
-6,4,QGyHzsPg4MyoTCUKeESUsSDrimg=,dgE0f96f8nmN3PJN04J+Mab32Mw=
-1,3,QGyHzsPg4MyoTCUKeESUsSDrimg=,3md9btCKWwtBamqxFagWIK/pVKA=
-6,2,QGyHzsPg4MyoTCUKeESUsSDrimg=,k1zezD9jHYLmdq17iSA8YspVOdY=
-4,4,QGyHzsPg4MyoTCUKeESUsSDrimg=,Dk/N77fYcKSI06cBo4a6IYkHTBY=
-1,2,QGyHzsPg4MyoTCUKeESUsSDrimg=,3md9btCKWwtBamqxFagWIK/pVKA=
-2,2,QGyHzsPg4MyoTCUKeESUsSDrimg=,3md9btCKWwtBamqxFagWIK/pVKA=
-6,3,QGyHzsPg4MyoTCUKeESUsSDrimg=,k1zezD9jHYLmdq17iSA8YspVOdY=
-4,3,QGyHzsPg4MyoTCUKeESUsSDrimg=,3md9btCKWwtBamqxFagWIK/pVKA=
-2,3,QGyHzsPg4MyoTCUKeESUsSDrimg=,3md9btCKWwtBamqxFagWIK/pVKA=
-3,3,QGyHzsPg4MyoTCUKeESUsSDrimg=,3md9btCKWwtBamqxFagWIK/pVKA=
-3,2,QGyHzsPg4MyoTCUKeESUsSDrimg=,3md9btCKWwtBamqxFagWIK/pVKA=
-14,3,QGyHzsPg4MyoTCUKeESUsSDrimg=,JYLwd8rPAHRXbC/DKXc0/ALPVKM=
-15,3,QGyHzsPg4MyoTCUKeESUsSDrimg=,JYLwd8rPAHRXbC/DKXc0/ALPVKM=
-6,1,QGyHzsPg4MyoTCUKeESUsSDrimg=,k1zezD9jHYLmdq17iSA8YspVOdY=
-5,1,QGyHzsPg4MyoTCUKeESUsSDrimg=,k1zezD9jHYLmdq17iSA8YspVOdY=
-1,10,QGyHzsPg4MyoTCUKeESUsSDrimg=,losMalv+Gf/j0lz1czL/Nz43cxY=
-1,7,QGyHzsPg4MyoTCUKeESUsSDrimg=,Dk/N77fYcKSI06cBo4a6IYkHTBY=
-1,8,QGyHzsPg4MyoTCUKeESUsSDrimg=,losMalv+Gf/j0lz1czL/Nz43cxY=
-1,9,QGyHzsPg4MyoTCUKeESUsSDrimg=,losMalv+Gf/j0lz1czL/Nz43cxY=
-1,11,QGyHzsPg4MyoTCUKeESUsSDrimg=,losMalv+Gf/j0lz1czL/Nz43cxY=
-8,9,QGyHzsPg4MyoTCUKeESUsSDrimg=,BFCD7PueMwiM7XHT41p4+hLLTR4=
-8,10,QGyHzsPg4MyoTCUKeESUsSDrimg=,BFCD7PueMwiM7XHT41p4+hLLTR4=
-8,5,QGyHzsPg4MyoTCUKeESUsSDrimg=,dgE0f96f8nmN3PJN04J+Mab32Mw=
-8,4,QGyHzsPg4MyoTCUKeESUsSDrimg=,dgE0f96f8nmN3PJN04J+Mab32Mw=
-10,3,QGyHzsPg4MyoTCUKeESUsSDrimg=,h+wGps5zdfzDJ6ca+hLyx5OnsWw=
-12,3,QGyHzsPg4MyoTCUKeESUsSDrimg=,h+wGps5zdfzDJ6ca+hLyx5OnsWw=
-9,3,QGyHzsPg4MyoTCUKeESUsSDrimg=,h+wGps5zdfzDJ6ca+hLyx5OnsWw=
-8,6,QGyHzsPg4MyoTCUKeESUsSDrimg=,dgE0f96f8nmN3PJN04J+Mab32Mw=
-8,8,QGyHzsPg4MyoTCUKeESUsSDrimg=,BFCD7PueMwiM7XHT41p4+hLLTR4=
-13,3,QGyHzsPg4MyoTCUKeESUsSDrimg=,JYLwd8rPAHRXbC/DKXc0/ALPVKM=
-2,9,QGyHzsPg4MyoTCUKeESUsSDrimg=,losMalv+Gf/j0lz1czL/Nz43cxY=
-2,8,QGyHzsPg4MyoTCUKeESUsSDrimg=,losMalv+Gf/j0lz1czL/Nz43cxY=
-11,3,QGyHzsPg4MyoTCUKeESUsSDrimg=,h+wGps5zdfzDJ6ca+hLyx5OnsWw=
-8,3,QGyHzsPg4MyoTCUKeESUsSDrimg=,k1zezD9jHYLmdq17iSA8YspVOdY=
-8,7,QGyHzsPg4MyoTCUKeESUsSDrimg=,dgE0f96f8nmN3PJN04J+Mab32Mw=
-4,11,QGyHzsPg4MyoTCUKeESUsSDrimg=,losMalv+Gf/j0lz1czL/Nz43cxY=
-7,11,QGyHzsPg4MyoTCUKeESUsSDrimg=,BFCD7PueMwiM7XHT41p4+hLLTR4=
-6,11,QGyHzsPg4MyoTCUKeESUsSDrimg=,BFCD7PueMwiM7XHT41p4+hLLTR4=
-5,11,QGyHzsPg4MyoTCUKeESUsSDrimg=,BFCD7PueMwiM7XHT41p4+hLLTR4=
-8,11,QGyHzsPg4MyoTCUKeESUsSDrimg=,BFCD7PueMwiM7XHT41p4+hLLTR4=
-4,1,QGyHzsPg4MyoTCUKeESUsSDrimg=,3md9btCKWwtBamqxFagWIK/pVKA=
-7,5,QGyHzsPg4MyoTCUKeESUsSDrimg=,dgE0f96f8nmN3PJN04J+Mab32Mw=
-10,0,QGyHzsPg4MyoTCUKeESUsSDrimg=,h+wGps5zdfzDJ6ca+hLyx5OnsWw=
-11,0,QGyHzsPg4MyoTCUKeESUsSDrimg=,h+wGps5zdfzDJ6ca+hLyx5OnsWw=
-2,7,QGyHzsPg4MyoTCUKeESUsSDrimg=,Dk/N77fYcKSI06cBo4a6IYkHTBY=
-9,2,QGyHzsPg4MyoTCUKeESUsSDrimg=,h+wGps5zdfzDJ6ca+hLyx5OnsWw=
-7,4,QGyHzsPg4MyoTCUKeESUsSDrimg=,dgE0f96f8nmN3PJN04J+Mab32Mw=
-7,6,QGyHzsPg4MyoTCUKeESUsSDrimg=,dgE0f96f8nmN3PJN04J+Mab32Mw=
-9,1,QGyHzsPg4MyoTCUKeESUsSDrimg=,h+wGps5zdfzDJ6ca+hLyx5OnsWw=
-7,3,QGyHzsPg4MyoTCUKeESUsSDrimg=,k1zezD9jHYLmdq17iSA8YspVOdY=
-3,1,QGyHzsPg4MyoTCUKeESUsSDrimg=,3md9btCKWwtBamqxFagWIK/pVKA=
-1,6,QGyHzsPg4MyoTCUKeESUsSDrimg=,Dk/N77fYcKSI06cBo4a6IYkHTBY=
-8,1,QGyHzsPg4MyoTCUKeESUsSDrimg=,k1zezD9jHYLmdq17iSA8YspVOdY=
-7,2,QGyHzsPg4MyoTCUKeESUsSDrimg=,k1zezD9jHYLmdq17iSA8YspVOdY=
-8,2,QGyHzsPg4MyoTCUKeESUsSDrimg=,k1zezD9jHYLmdq17iSA8YspVOdY=
-3,0,QGyHzsPg4MyoTCUKeESUsSDrimg=,3md9btCKWwtBamqxFagWIK/pVKA=
-5,0,QGyHzsPg4MyoTCUKeESUsSDrimg=,k1zezD9jHYLmdq17iSA8YspVOdY=
-9,0,QGyHzsPg4MyoTCUKeESUsSDrimg=,h+wGps5zdfzDJ6ca+hLyx5OnsWw=
-14,0,QGyHzsPg4MyoTCUKeESUsSDrimg=,JYLwd8rPAHRXbC/DKXc0/ALPVKM=
-12,0,QGyHzsPg4MyoTCUKeESUsSDrimg=,h+wGps5zdfzDJ6ca+hLyx5OnsWw=
-13,0,QGyHzsPg4MyoTCUKeESUsSDrimg=,JYLwd8rPAHRXbC/DKXc0/ALPVKM=
-15,0,QGyHzsPg4MyoTCUKeESUsSDrimg=,JYLwd8rPAHRXbC/DKXc0/ALPVKM=
-7,0,QGyHzsPg4MyoTCUKeESUsSDrimg=,k1zezD9jHYLmdq17iSA8YspVOdY=
-7,1,QGyHzsPg4MyoTCUKeESUsSDrimg=,k1zezD9jHYLmdq17iSA8YspVOdY=
-4,0,QGyHzsPg4MyoTCUKeESUsSDrimg=,3md9btCKWwtBamqxFagWIK/pVKA=
-8,0,QGyHzsPg4MyoTCUKeESUsSDrimg=,k1zezD9jHYLmdq17iSA8YspVOdY=
-6,0,QGyHzsPg4MyoTCUKeESUsSDrimg=,k1zezD9jHYLmdq17iSA8YspVOdY=
-16,2,QGyHzsPg4MyoTCUKeESUsSDrimg=,JYLwd8rPAHRXbC/DKXc0/ALPVKM=
-16,1,QGyHzsPg4MyoTCUKeESUsSDrimg=,JYLwd8rPAHRXbC/DKXc0/ALPVKM=
-16,3,QGyHzsPg4MyoTCUKeESUsSDrimg=,JYLwd8rPAHRXbC/DKXc0/ALPVKM=
-16,0,QGyHzsPg4MyoTCUKeESUsSDrimg=,JYLwd8rPAHRXbC/DKXc0/ALPVKM=
-2,1,QGyHzsPg4MyoTCUKeESUsSDrimg=,3md9btCKWwtBamqxFagWIK/pVKA=
-2,6,QGyHzsPg4MyoTCUKeESUsSDrimg=,Dk/N77fYcKSI06cBo4a6IYkHTBY=
-1,1,QGyHzsPg4MyoTCUKeESUsSDrimg=,3md9btCKWwtBamqxFagWIK/pVKA=
-2,0,QGyHzsPg4MyoTCUKeESUsSDrimg=,3md9btCKWwtBamqxFagWIK/pVKA=
-1,0,QGyHzsPg4MyoTCUKeESUsSDrimg=,3md9btCKWwtBamqxFagWIK/pVKA=
-31,2,agFUHcPcpPH8rM2fLxnHGG9O2kI=,z9pIwnsVlNZ+kel5wQJ6QR96elQ=
-31,1,agFUHcPcpPH8rM2fLxnHGG9O2kI=,z9pIwnsVlNZ+kel5wQJ6QR96elQ=
-30,1,agFUHcPcpPH8rM2fLxnHGG9O2kI=,z9pIwnsVlNZ+kel5wQJ6QR96elQ=
-30,2,agFUHcPcpPH8rM2fLxnHGG9O2kI=,z9pIwnsVlNZ+kel5wQJ6QR96elQ=
-27,1,agFUHcPcpPH8rM2fLxnHGG9O2kI=,qUNPNnpm3eh77UmTIVkaPAKZZ8Q=
-29,1,agFUHcPcpPH8rM2fLxnHGG9O2kI=,z9pIwnsVlNZ+kel5wQJ6QR96elQ=
-28,1,agFUHcPcpPH8rM2fLxnHGG9O2kI=,qUNPNnpm3eh77UmTIVkaPAKZZ8Q=
-27,6,agFUHcPcpPH8rM2fLxnHGG9O2kI=,zqspghKd+pxdYkbxz0i1gD7tFqE=
-29,5,agFUHcPcpPH8rM2fLxnHGG9O2kI=,+knVgme6stg/2fBCgZoJ/nFQPI4=
-28,4,agFUHcPcpPH8rM2fLxnHGG9O2kI=,zqspghKd+pxdYkbxz0i1gD7tFqE=
-28,5,agFUHcPcpPH8rM2fLxnHGG9O2kI=,zqspghKd+pxdYkbxz0i1gD7tFqE=
-27,2,agFUHcPcpPH8rM2fLxnHGG9O2kI=,qUNPNnpm3eh77UmTIVkaPAKZZ8Q=
-30,3,agFUHcPcpPH8rM2fLxnHGG9O2kI=,z9pIwnsVlNZ+kel5wQJ6QR96elQ=
-29,2,agFUHcPcpPH8rM2fLxnHGG9O2kI=,z9pIwnsVlNZ+kel5wQJ6QR96elQ=
-30,5,agFUHcPcpPH8rM2fLxnHGG9O2kI=,+knVgme6stg/2fBCgZoJ/nFQPI4=
-28,3,agFUHcPcpPH8rM2fLxnHGG9O2kI=,qUNPNnpm3eh77UmTIVkaPAKZZ8Q=
-27,3,agFUHcPcpPH8rM2fLxnHGG9O2kI=,qUNPNnpm3eh77UmTIVkaPAKZZ8Q=
-30,0,agFUHcPcpPH8rM2fLxnHGG9O2kI=,z9pIwnsVlNZ+kel5wQJ6QR96elQ=
-31,0,agFUHcPcpPH8rM2fLxnHGG9O2kI=,z9pIwnsVlNZ+kel5wQJ6QR96elQ=
-28,2,bDzK+10AyNaoyQ/dXMbMceD/2SE=,qUNPNnpm3eh77UmTIVkaPAKZZ8Q=
-27,4,bDzK+10AyNaoyQ/dXMbMceD/2SE=,zqspghKd+pxdYkbxz0i1gD7tFqE=
-25,10,bDzK+10AyNaoyQ/dXMbMceD/2SE=,11OndeUAD+OFxSUNKeNq2PX9tJ0=
-25,8,bDzK+10AyNaoyQ/dXMbMceD/2SE=,11OndeUAD+OFxSUNKeNq2PX9tJ0=
-25,11,bDzK+10AyNaoyQ/dXMbMceD/2SE=,11OndeUAD+OFxSUNKeNq2PX9tJ0=
-27,5,bDzK+10AyNaoyQ/dXMbMceD/2SE=,zqspghKd+pxdYkbxz0i1gD7tFqE=
-25,7,bDzK+10AyNaoyQ/dXMbMceD/2SE=,zqspghKd+pxdYkbxz0i1gD7tFqE=
-25,9,bDzK+10AyNaoyQ/dXMbMceD/2SE=,11OndeUAD+OFxSUNKeNq2PX9tJ0=
-32,2,bDzK+10AyNaoyQ/dXMbMceD/2SE=,z9pIwnsVlNZ+kel5wQJ6QR96elQ=
-32,1,bDzK+10AyNaoyQ/dXMbMceD/2SE=,z9pIwnsVlNZ+kel5wQJ6QR96elQ=
-32,0,bDzK+10AyNaoyQ/dXMbMceD/2SE=,z9pIwnsVlNZ+kel5wQJ6QR96elQ=
-25,6,bDzK+10AyNaoyQ/dXMbMceD/2SE=,zqspghKd+pxdYkbxz0i1gD7tFqE=
-26,11,bDzK+10AyNaoyQ/dXMbMceD/2SE=,11OndeUAD+OFxSUNKeNq2PX9tJ0=
-26,8,bDzK+10AyNaoyQ/dXMbMceD/2SE=,11OndeUAD+OFxSUNKeNq2PX9tJ0=
-31,5,bDzK+10AyNaoyQ/dXMbMceD/2SE=,+knVgme6stg/2fBCgZoJ/nFQPI4=
-31,3,bDzK+10AyNaoyQ/dXMbMceD/2SE=,z9pIwnsVlNZ+kel5wQJ6QR96elQ=
-29,4,bDzK+10AyNaoyQ/dXMbMceD/2SE=,+knVgme6stg/2fBCgZoJ/nFQPI4=
-31,4,bDzK+10AyNaoyQ/dXMbMceD/2SE=,+knVgme6stg/2fBCgZoJ/nFQPI4=
-29,3,bDzK+10AyNaoyQ/dXMbMceD/2SE=,z9pIwnsVlNZ+kel5wQJ6QR96elQ=
-32,4,bDzK+10AyNaoyQ/dXMbMceD/2SE=,+knVgme6stg/2fBCgZoJ/nFQPI4=
-32,5,bDzK+10AyNaoyQ/dXMbMceD/2SE=,+knVgme6stg/2fBCgZoJ/nFQPI4=
-26,10,bDzK+10AyNaoyQ/dXMbMceD/2SE=,11OndeUAD+OFxSUNKeNq2PX9tJ0=
-32,3,bDzK+10AyNaoyQ/dXMbMceD/2SE=,z9pIwnsVlNZ+kel5wQJ6QR96elQ=
-30,4,bDzK+10AyNaoyQ/dXMbMceD/2SE=,+knVgme6stg/2fBCgZoJ/nFQPI4=
-26,9,bDzK+10AyNaoyQ/dXMbMceD/2SE=,11OndeUAD+OFxSUNKeNq2PX9tJ0=
-26,6,bDzK+10AyNaoyQ/dXMbMceD/2SE=,zqspghKd+pxdYkbxz0i1gD7tFqE=
-26,7,bDzK+10AyNaoyQ/dXMbMceD/2SE=,zqspghKd+pxdYkbxz0i1gD7tFqE=
-32,8,bDzK+10AyNaoyQ/dXMbMceD/2SE=,Vb7zToxavitGqk4F3toCut4BKjI=
-31,11,bDzK+10AyNaoyQ/dXMbMceD/2SE=,Vb7zToxavitGqk4F3toCut4BKjI=
-30,11,bDzK+10AyNaoyQ/dXMbMceD/2SE=,Vb7zToxavitGqk4F3toCut4BKjI=
-32,11,bDzK+10AyNaoyQ/dXMbMceD/2SE=,Vb7zToxavitGqk4F3toCut4BKjI=
-30,7,bDzK+10AyNaoyQ/dXMbMceD/2SE=,+knVgme6stg/2fBCgZoJ/nFQPI4=
-29,11,bDzK+10AyNaoyQ/dXMbMceD/2SE=,Vb7zToxavitGqk4F3toCut4BKjI=
-32,10,bDzK+10AyNaoyQ/dXMbMceD/2SE=,Vb7zToxavitGqk4F3toCut4BKjI=
-28,11,bDzK+10AyNaoyQ/dXMbMceD/2SE=,11OndeUAD+OFxSUNKeNq2PX9tJ0=
-27,9,bDzK+10AyNaoyQ/dXMbMceD/2SE=,11OndeUAD+OFxSUNKeNq2PX9tJ0=
-32,7,bDzK+10AyNaoyQ/dXMbMceD/2SE=,+knVgme6stg/2fBCgZoJ/nFQPI4=
-29,0,bDzK+10AyNaoyQ/dXMbMceD/2SE=,z9pIwnsVlNZ+kel5wQJ6QR96elQ=
-28,0,bDzK+10AyNaoyQ/dXMbMceD/2SE=,qUNPNnpm3eh77UmTIVkaPAKZZ8Q=
-27,0,bDzK+10AyNaoyQ/dXMbMceD/2SE=,qUNPNnpm3eh77UmTIVkaPAKZZ8Q=
-27,11,bDzK+10AyNaoyQ/dXMbMceD/2SE=,11OndeUAD+OFxSUNKeNq2PX9tJ0=
-32,9,bDzK+10AyNaoyQ/dXMbMceD/2SE=,Vb7zToxavitGqk4F3toCut4BKjI=
-27,8,bDzK+10AyNaoyQ/dXMbMceD/2SE=,11OndeUAD+OFxSUNKeNq2PX9tJ0=
-28,9,bDzK+10AyNaoyQ/dXMbMceD/2SE=,11OndeUAD+OFxSUNKeNq2PX9tJ0=
-28,8,bDzK+10AyNaoyQ/dXMbMceD/2SE=,11OndeUAD+OFxSUNKeNq2PX9tJ0=
-29,9,bDzK+10AyNaoyQ/dXMbMceD/2SE=,Vb7zToxavitGqk4F3toCut4BKjI=
-27,10,bDzK+10AyNaoyQ/dXMbMceD/2SE=,11OndeUAD+OFxSUNKeNq2PX9tJ0=
-28,6,bDzK+10AyNaoyQ/dXMbMceD/2SE=,zqspghKd+pxdYkbxz0i1gD7tFqE=
-29,8,bDzK+10AyNaoyQ/dXMbMceD/2SE=,Vb7zToxavitGqk4F3toCut4BKjI=
-27,7,bDzK+10AyNaoyQ/dXMbMceD/2SE=,zqspghKd+pxdYkbxz0i1gD7tFqE=
-29,6,bDzK+10AyNaoyQ/dXMbMceD/2SE=,+knVgme6stg/2fBCgZoJ/nFQPI4=
-30,8,bDzK+10AyNaoyQ/dXMbMceD/2SE=,Vb7zToxavitGqk4F3toCut4BKjI=
-28,10,bDzK+10AyNaoyQ/dXMbMceD/2SE=,11OndeUAD+OFxSUNKeNq2PX9tJ0=
-30,6,bDzK+10AyNaoyQ/dXMbMceD/2SE=,+knVgme6stg/2fBCgZoJ/nFQPI4=
-29,10,bDzK+10AyNaoyQ/dXMbMceD/2SE=,Vb7zToxavitGqk4F3toCut4BKjI=
-31,7,bDzK+10AyNaoyQ/dXMbMceD/2SE=,+knVgme6stg/2fBCgZoJ/nFQPI4=
-32,6,bDzK+10AyNaoyQ/dXMbMceD/2SE=,+knVgme6stg/2fBCgZoJ/nFQPI4=
-29,7,bDzK+10AyNaoyQ/dXMbMceD/2SE=,+knVgme6stg/2fBCgZoJ/nFQPI4=
-31,10,bDzK+10AyNaoyQ/dXMbMceD/2SE=,Vb7zToxavitGqk4F3toCut4BKjI=
-31,6,bDzK+10AyNaoyQ/dXMbMceD/2SE=,+knVgme6stg/2fBCgZoJ/nFQPI4=
-30,9,bDzK+10AyNaoyQ/dXMbMceD/2SE=,Vb7zToxavitGqk4F3toCut4BKjI=
-31,8,bDzK+10AyNaoyQ/dXMbMceD/2SE=,Vb7zToxavitGqk4F3toCut4BKjI=
-28,7,bDzK+10AyNaoyQ/dXMbMceD/2SE=,zqspghKd+pxdYkbxz0i1gD7tFqE=
-31,9,bDzK+10AyNaoyQ/dXMbMceD/2SE=,Vb7zToxavitGqk4F3toCut4BKjI=
-30,10,bDzK+10AyNaoyQ/dXMbMceD/2SE=,Vb7zToxavitGqk4F3toCut4BKjI=
-23,2,bDzK+10AyNaoyQ/dXMbMceD/2SE=,bSi+MBbDTFzAnvHfmkwESznWy1Q=
-22,2,bDzK+10AyNaoyQ/dXMbMceD/2SE=,bSi+MBbDTFzAnvHfmkwESznWy1Q=
-24,3,bDzK+10AyNaoyQ/dXMbMceD/2SE=,bSi+MBbDTFzAnvHfmkwESznWy1Q=
-23,3,bDzK+10AyNaoyQ/dXMbMceD/2SE=,bSi+MBbDTFzAnvHfmkwESznWy1Q=
-24,0,bDzK+10AyNaoyQ/dXMbMceD/2SE=,bSi+MBbDTFzAnvHfmkwESznWy1Q=
-22,3,bDzK+10AyNaoyQ/dXMbMceD/2SE=,bSi+MBbDTFzAnvHfmkwESznWy1Q=
-24,2,bDzK+10AyNaoyQ/dXMbMceD/2SE=,bSi+MBbDTFzAnvHfmkwESznWy1Q=
-25,3,bDzK+10AyNaoyQ/dXMbMceD/2SE=,qUNPNnpm3eh77UmTIVkaPAKZZ8Q=
-25,1,bDzK+10AyNaoyQ/dXMbMceD/2SE=,qUNPNnpm3eh77UmTIVkaPAKZZ8Q=
-26,3,bDzK+10AyNaoyQ/dXMbMceD/2SE=,qUNPNnpm3eh77UmTIVkaPAKZZ8Q=
-23,0,bDzK+10AyNaoyQ/dXMbMceD/2SE=,bSi+MBbDTFzAnvHfmkwESznWy1Q=
-26,1,bDzK+10AyNaoyQ/dXMbMceD/2SE=,qUNPNnpm3eh77UmTIVkaPAKZZ8Q=
-25,2,bDzK+10AyNaoyQ/dXMbMceD/2SE=,qUNPNnpm3eh77UmTIVkaPAKZZ8Q=
-24,1,bDzK+10AyNaoyQ/dXMbMceD/2SE=,bSi+MBbDTFzAnvHfmkwESznWy1Q=
-26,2,bDzK+10AyNaoyQ/dXMbMceD/2SE=,qUNPNnpm3eh77UmTIVkaPAKZZ8Q=
-25,5,bDzK+10AyNaoyQ/dXMbMceD/2SE=,zqspghKd+pxdYkbxz0i1gD7tFqE=
-25,0,bDzK+10AyNaoyQ/dXMbMceD/2SE=,qUNPNnpm3eh77UmTIVkaPAKZZ8Q=
-23,1,bDzK+10AyNaoyQ/dXMbMceD/2SE=,bSi+MBbDTFzAnvHfmkwESznWy1Q=
-17,3,bDzK+10AyNaoyQ/dXMbMceD/2SE=,nQcYz2upJXH+4yHL+MLzbhdlJpU=
-19,3,bDzK+10AyNaoyQ/dXMbMceD/2SE=,nQcYz2upJXH+4yHL+MLzbhdlJpU=
-21,3,bDzK+10AyNaoyQ/dXMbMceD/2SE=,bSi+MBbDTFzAnvHfmkwESznWy1Q=
-18,3,bDzK+10AyNaoyQ/dXMbMceD/2SE=,nQcYz2upJXH+4yHL+MLzbhdlJpU=
-20,3,bDzK+10AyNaoyQ/dXMbMceD/2SE=,nQcYz2upJXH+4yHL+MLzbhdlJpU=
-21,2,bDzK+10AyNaoyQ/dXMbMceD/2SE=,bSi+MBbDTFzAnvHfmkwESznWy1Q=
-19,2,bDzK+10AyNaoyQ/dXMbMceD/2SE=,nQcYz2upJXH+4yHL+MLzbhdlJpU=
-26,4,bDzK+10AyNaoyQ/dXMbMceD/2SE=,zqspghKd+pxdYkbxz0i1gD7tFqE=
-20,2,bDzK+10AyNaoyQ/dXMbMceD/2SE=,nQcYz2upJXH+4yHL+MLzbhdlJpU=
-19,0,bDzK+10AyNaoyQ/dXMbMceD/2SE=,nQcYz2upJXH+4yHL+MLzbhdlJpU=
-25,4,bDzK+10AyNaoyQ/dXMbMceD/2SE=,zqspghKd+pxdYkbxz0i1gD7tFqE=
-18,2,bDzK+10AyNaoyQ/dXMbMceD/2SE=,nQcYz2upJXH+4yHL+MLzbhdlJpU=
-17,2,bDzK+10AyNaoyQ/dXMbMceD/2SE=,nQcYz2upJXH+4yHL+MLzbhdlJpU=
-20,1,bDzK+10AyNaoyQ/dXMbMceD/2SE=,nQcYz2upJXH+4yHL+MLzbhdlJpU=
-26,0,bDzK+10AyNaoyQ/dXMbMceD/2SE=,qUNPNnpm3eh77UmTIVkaPAKZZ8Q=
-19,1,bDzK+10AyNaoyQ/dXMbMceD/2SE=,nQcYz2upJXH+4yHL+MLzbhdlJpU=
-26,5,bDzK+10AyNaoyQ/dXMbMceD/2SE=,zqspghKd+pxdYkbxz0i1gD7tFqE=
-20,0,bDzK+10AyNaoyQ/dXMbMceD/2SE=,nQcYz2upJXH+4yHL+MLzbhdlJpU=
-21,0,bDzK+10AyNaoyQ/dXMbMceD/2SE=,bSi+MBbDTFzAnvHfmkwESznWy1Q=
-22,0,bDzK+10AyNaoyQ/dXMbMceD/2SE=,bSi+MBbDTFzAnvHfmkwESznWy1Q=
-22,1,bDzK+10AyNaoyQ/dXMbMceD/2SE=,bSi+MBbDTFzAnvHfmkwESznWy1Q=
-17,1,bDzK+10AyNaoyQ/dXMbMceD/2SE=,nQcYz2upJXH+4yHL+MLzbhdlJpU=
-21,1,bDzK+10AyNaoyQ/dXMbMceD/2SE=,bSi+MBbDTFzAnvHfmkwESznWy1Q=
-18,1,bDzK+10AyNaoyQ/dXMbMceD/2SE=,nQcYz2upJXH+4yHL+MLzbhdlJpU=
-18,0,bDzK+10AyNaoyQ/dXMbMceD/2SE=,nQcYz2upJXH+4yHL+MLzbhdlJpU=
-17,0,bDzK+10AyNaoyQ/dXMbMceD/2SE=,nQcYz2upJXH+4yHL+MLzbhdlJpU=
