-1,-5,qbucbCVcvol1WKpw45N9MdqfGCk=,HoOr5zLXOJP4OQcCQ5PZ6Z5gX3M=
-1,-4,qbucbCVcvol1WKpw45N9MdqfGCk=,Ma/oXCMQbwul6dYkdlNQDpFmbrs=
-6,-2,qbucbCVcvol1WKpw45N9MdqfGCk=,wDuMLjI8xcV2mjl3wyMiH9lDc2Q=
-4,-2,qbucbCVcvol1WKpw45N9MdqfGCk=,hn7OvN0f2uPFipgo3tSSfyW5vyA=
-5,-2,qbucbCVcvol1WKpw45N9MdqfGCk=,wDuMLjI8xcV2mjl3wyMiH9lDc2Q=
-2,-4,qbucbCVcvol1WKpw45N9MdqfGCk=,Ma/oXCMQbwul6dYkdlNQDpFmbrs=
-2,-5,qbucbCVcvol1WKpw45N9MdqfGCk=,HoOr5zLXOJP4OQcCQ5PZ6Z5gX3M=
-1,-6,qbucbCVcvol1WKpw45N9MdqfGCk=,HoOr5zLXOJP4OQcCQ5PZ6Z5gX3M=
-2,-6,qbucbCVcvol1WKpw45N9MdqfGCk=,HoOr5zLXOJP4OQcCQ5PZ6Z5gX3M=
-7,-1,qbucbCVcvol1WKpw45N9MdqfGCk=,UfXhLK7rJ8uyBVm2V45qyjkIjEQ=
-7,-2,qbucbCVcvol1WKpw45N9MdqfGCk=,UfXhLK7rJ8uyBVm2V45qyjkIjEQ=
-6,-1,qbucbCVcvol1WKpw45N9MdqfGCk=,wDuMLjI8xcV2mjl3wyMiH9lDc2Q=
-8,-1,qbucbCVcvol1WKpw45N9MdqfGCk=,UfXhLK7rJ8uyBVm2V45qyjkIjEQ=
-8,-2,qbucbCVcvol1WKpw45N9MdqfGCk=,UfXhLK7rJ8uyBVm2V45qyjkIjEQ=
-5,-1,qbucbCVcvol1WKpw45N9MdqfGCk=,wDuMLjI8xcV2mjl3wyMiH9lDc2Q=
-4,-1,qbucbCVcvol1WKpw45N9MdqfGCk=,hn7OvN0f2uPFipgo3tSSfyW5vyA=
-3,-2,qbucbCVcvol1WKpw45N9MdqfGCk=,hn7OvN0f2uPFipgo3tSSfyW5vyA=
-2,-3,qbucbCVcvol1WKpw45N9MdqfGCk=,Ma/oXCMQbwul6dYkdlNQDpFmbrs=
-3,-1,qbucbCVcvol1WKpw45N9MdqfGCk=,hn7OvN0f2uPFipgo3tSSfyW5vyA=
-2,-1,qbucbCVcvol1WKpw45N9MdqfGCk=,FVV5eELxYi83bN3ONII5XCctrF8=
-2,-2,qbucbCVcvol1WKpw45N9MdqfGCk=,FVV5eELxYi83bN3ONII5XCctrF8=
-1,-3,gAANXKMLINhHB0brzsxPZ0IjMHU=,Ma/oXCMQbwul6dYkdlNQDpFmbrs=
-1,-1,gAANXKMLINhHB0brzsxPZ0IjMHU=,FVV5eELxYi83bN3ONII5XCctrF8=
-1,-2,gAANXKMLINhHB0brzsxPZ0IjMHU=,FVV5eELxYi83bN3ONII5XCctrF8=
