-59,99,8t/rZyB1T8/1lvA8azPE06Imq/k=,/YtHmwpDAUDNa6bCd1nDQH+/O20=
-60,99,8t/rZyB1T8/1lvA8azPE06Imq/k=,/YtHmwpDAUDNa6bCd1nDQH+/O20=
-63,96,8t/rZyB1T8/1lvA8azPE06Imq/k=,/YtHmwpDAUDNa6bCd1nDQH+/O20=
-60,98,8t/rZyB1T8/1lvA8azPE06Imq/k=,/YtHmwpDAUDNa6bCd1nDQH+/O20=
-62,99,8t/rZyB1T8/1lvA8azPE06Imq/k=,/YtHmwpDAUDNa6bCd1nDQH+/O20=
-50,111,8t/rZyB1T8/1lvA8azPE06Imq/k=,/YtHmwpDAUDNa6bCd1nDQH+/O20=
-49,111,8t/rZyB1T8/1lvA8azPE06Imq/k=,/YtHmwpDAUDNa6bCd1nDQH+/O20=
-51,111,8t/rZyB1T8/1lvA8azPE06Imq/k=,/YtHmwpDAUDNa6bCd1nDQH+/O20=
-52,111,8t/rZyB1T8/1lvA8azPE06Imq/k=,/YtHmwpDAUDNa6bCd1nDQH+/O20=
-53,111,8t/rZyB1T8/1lvA8azPE06Imq/k=,/YtHmwpDAUDNa6bCd1nDQH+/O20=
-55,111,8t/rZyB1T8/1lvA8azPE06Imq/k=,/YtHmwpDAUDNa6bCd1nDQH+/O20=
-56,111,8t/rZyB1T8/1lvA8azPE06Imq/k=,/YtHmwpDAUDNa6bCd1nDQH+/O20=
-54,111,8t/rZyB1T8/1lvA8azPE06Imq/k=,/YtHmwpDAUDNa6bCd1nDQH+/O20=
-58,111,8t/rZyB1T8/1lvA8azPE06Imq/k=,/YtHmwpDAUDNa6bCd1nDQH+/O20=
-57,111,8t/rZyB1T8/1lvA8azPE06Imq/k=,/YtHmwpDAUDNa6bCd1nDQH+/O20=
-59,111,8t/rZyB1T8/1lvA8azPE06Imq/k=,/YtHmwpDAUDNa6bCd1nDQH+/O20=
-64,111,8t/rZyB1T8/1lvA8azPE06Imq/k=,/YtHmwpDAUDNa6bCd1nDQH+/O20=
-63,99,8t/rZyB1T8/1lvA8azPE06Imq/k=,/YtHmwpDAUDNa6bCd1nDQH+/O20=
-60,111,8t/rZyB1T8/1lvA8azPE06Imq/k=,/YtHmwpDAUDNa6bCd1nDQH+/O20=
-60,96,8t/rZyB1T8/1lvA8azPE06Imq/k=,/YtHmwpDAUDNa6bCd1nDQH+/O20=
-49,110,8t/rZyB1T8/1lvA8azPE06Imq/k=,/YtHmwpDAUDNa6bCd1nDQH+/O20=
-51,110,8t/rZyB1T8/1lvA8azPE06Imq/k=,/YtHmwpDAUDNa6bCd1nDQH+/O20=
-52,110,8t/rZyB1T8/1lvA8azPE06Imq/k=,/YtHmwpDAUDNa6bCd1nDQH+/O20=
-50,110,8t/rZyB1T8/1lvA8azPE06Imq/k=,/YtHmwpDAUDNa6bCd1nDQH+/O20=
-53,110,8t/rZyB1T8/1lvA8azPE06Imq/k=,/YtHmwpDAUDNa6bCd1nDQH+/O20=
-54,110,8t/rZyB1T8/1lvA8azPE06Imq/k=,/YtHmwpDAUDNa6bCd1nDQH+/O20=
-55,110,8t/rZyB1T8/1lvA8azPE06Imq/k=,/YtHmwpDAUDNa6bCd1nDQH+/O20=
-56,110,8t/rZyB1T8/1lvA8azPE06Imq/k=,/YtHmwpDAUDNa6bCd1nDQH+/O20=
-58,110,8t/rZyB1T8/1lvA8azPE06Imq/k=,/YtHmwpDAUDNa6bCd1nDQH+/O20=
-57,110,8t/rZyB1T8/1lvA8azPE06Imq/k=,/YtHmwpDAUDNa6bCd1nDQH+/O20=
-59,110,8t/rZyB1T8/1lvA8azPE06Imq/k=,/YtHmwpDAUDNa6bCd1nDQH+/O20=
-61,110,8t/rZyB1T8/1lvA8azPE06Imq/k=,/YtHmwpDAUDNa6bCd1nDQH+/O20=
-60,110,8t/rZyB1T8/1lvA8azPE06Imq/k=,/YtHmwpDAUDNa6bCd1nDQH+/O20=
-59,98,8t/rZyB1T8/1lvA8azPE06Imq/k=,/YtHmwpDAUDNa6bCd1nDQH+/O20=
-61,97,8t/rZyB1T8/1lvA8azPE06Imq/k=,/YtHmwpDAUDNa6bCd1nDQH+/O20=
-62,98,8t/rZyB1T8/1lvA8azPE06Imq/k=,/YtHmwpDAUDNa6bCd1nDQH+/O20=
-64,110,8t/rZyB1T8/1lvA8azPE06Imq/k=,/YtHmwpDAUDNa6bCd1nDQH+/O20=
-62,110,8t/rZyB1T8/1lvA8azPE06Imq/k=,/YtHmwpDAUDNa6bCd1nDQH+/O20=
-50,109,8t/rZyB1T8/1lvA8azPE06Imq/k=,/YtHmwpDAUDNa6bCd1nDQH+/O20=
-61,96,8t/rZyB1T8/1lvA8azPE06Imq/k=,/YtHmwpDAUDNa6bCd1nDQH+/O20=
-52,109,8t/rZyB1T8/1lvA8azPE06Imq/k=,/YtHmwpDAUDNa6bCd1nDQH+/O20=
-53,109,8t/rZyB1T8/1lvA8azPE06Imq/k=,/YtHmwpDAUDNa6bCd1nDQH+/O20=
-54,109,8t/rZyB1T8/1lvA8azPE06Imq/k=,/YtHmwpDAUDNa6bCd1nDQH+/O20=
-55,109,8t/rZyB1T8/1lvA8azPE06Imq/k=,/YtHmwpDAUDNa6bCd1nDQH+/O20=
-56,109,8t/rZyB1T8/1lvA8azPE06Imq/k=,/YtHmwpDAUDNa6bCd1nDQH+/O20=
-57,109,8t/rZyB1T8/1lvA8azPE06Imq/k=,/YtHmwpDAUDNa6bCd1nDQH+/O20=
-58,109,8t/rZyB1T8/1lvA8azPE06Imq/k=,/YtHmwpDAUDNa6bCd1nDQH+/O20=
-59,109,8t/rZyB1T8/1lvA8azPE06Imq/k=,/YtHmwpDAUDNa6bCd1nDQH+/O20=
-60,97,8t/rZyB1T8/1lvA8azPE06Imq/k=,/YtHmwpDAUDNa6bCd1nDQH+/O20=
-57,99,8t/rZyB1T8/1lvA8azPE06Imq/k=,/YtHmwpDAUDNa6bCd1nDQH+/O20=
-56,99,8t/rZyB1T8/1lvA8azPE06Imq/k=,/YtHmwpDAUDNa6bCd1nDQH+/O20=
-63,110,8t/rZyB1T8/1lvA8azPE06Imq/k=,/YtHmwpDAUDNa6bCd1nDQH+/O20=
-62,109,8t/rZyB1T8/1lvA8azPE06Imq/k=,/YtHmwpDAUDNa6bCd1nDQH+/O20=
-55,99,8t/rZyB1T8/1lvA8azPE06Imq/k=,/YtHmwpDAUDNa6bCd1nDQH+/O20=
-54,99,8t/rZyB1T8/1lvA8azPE06Imq/k=,/YtHmwpDAUDNa6bCd1nDQH+/O20=
-58,98,8t/rZyB1T8/1lvA8azPE06Imq/k=,/YtHmwpDAUDNa6bCd1nDQH+/O20=
-58,99,8t/rZyB1T8/1lvA8azPE06Imq/k=,/YtHmwpDAUDNa6bCd1nDQH+/O20=
-63,98,8t/rZyB1T8/1lvA8azPE06Imq/k=,/YtHmwpDAUDNa6bCd1nDQH+/O20=
-49,108,8t/rZyB1T8/1lvA8azPE06Imq/k=,/YtHmwpDAUDNa6bCd1nDQH+/O20=
-59,97,8t/rZyB1T8/1lvA8azPE06Imq/k=,/YtHmwpDAUDNa6bCd1nDQH+/O20=
-64,109,8t/rZyB1T8/1lvA8azPE06Imq/k=,/YtHmwpDAUDNa6bCd1nDQH+/O20=
-51,108,8t/rZyB1T8/1lvA8azPE06Imq/k=,/YtHmwpDAUDNa6bCd1nDQH+/O20=
-53,99,8t/rZyB1T8/1lvA8azPE06Imq/k=,/YtHmwpDAUDNa6bCd1nDQH+/O20=
-52,99,8t/rZyB1T8/1lvA8azPE06Imq/k=,/YtHmwpDAUDNa6bCd1nDQH+/O20=
-51,99,8t/rZyB1T8/1lvA8azPE06Imq/k=,/YtHmwpDAUDNa6bCd1nDQH+/O20=
-50,99,8t/rZyB1T8/1lvA8azPE06Imq/k=,/YtHmwpDAUDNa6bCd1nDQH+/O20=
-63,111,8t/rZyB1T8/1lvA8azPE06Imq/k=,/YtHmwpDAUDNa6bCd1nDQH+/O20=
-54,108,8t/rZyB1T8/1lvA8azPE06Imq/k=,/YtHmwpDAUDNa6bCd1nDQH+/O20=
-55,108,8t/rZyB1T8/1lvA8azPE06Imq/k=,/YtHmwpDAUDNa6bCd1nDQH+/O20=
-53,108,8t/rZyB1T8/1lvA8azPE06Imq/k=,/YtHmwpDAUDNa6bCd1nDQH+/O20=
-56,108,8t/rZyB1T8/1lvA8azPE06Imq/k=,/YtHmwpDAUDNa6bCd1nDQH+/O20=
-57,108,8t/rZyB1T8/1lvA8azPE06Imq/k=,/YtHmwpDAUDNa6bCd1nDQH+/O20=
-58,108,8t/rZyB1T8/1lvA8azPE06Imq/k=,/YtHmwpDAUDNa6bCd1nDQH+/O20=
-59,108,8t/rZyB1T8/1lvA8azPE06Imq/k=,/YtHmwpDAUDNa6bCd1nDQH+/O20=
-63,109,8t/rZyB1T8/1lvA8azPE06Imq/k=,/YtHmwpDAUDNa6bCd1nDQH+/O20=
-62,111,8t/rZyB1T8/1lvA8azPE06Imq/k=,/YtHmwpDAUDNa6bCd1nDQH+/O20=
-62,108,8t/rZyB1T8/1lvA8azPE06Imq/k=,/YtHmwpDAUDNa6bCd1nDQH+/O20=
-51,109,8t/rZyB1T8/1lvA8azPE06Imq/k=,/YtHmwpDAUDNa6bCd1nDQH+/O20=
-64,108,8t/rZyB1T8/1lvA8azPE06Imq/k=,/YtHmwpDAUDNa6bCd1nDQH+/O20=
-63,97,8t/rZyB1T8/1lvA8azPE06Imq/k=,/YtHmwpDAUDNa6bCd1nDQH+/O20=
-60,109,8t/rZyB1T8/1lvA8azPE06Imq/k=,/YtHmwpDAUDNa6bCd1nDQH+/O20=
-64,99,8t/rZyB1T8/1lvA8azPE06Imq/k=,/YtHmwpDAUDNa6bCd1nDQH+/O20=
-49,96,8t/rZyB1T8/1lvA8azPE06Imq/k=,/YtHmwpDAUDNa6bCd1nDQH+/O20=
-49,98,8t/rZyB1T8/1lvA8azPE06Imq/k=,/YtHmwpDAUDNa6bCd1nDQH+/O20=
-64,97,8t/rZyB1T8/1lvA8azPE06Imq/k=,/YtHmwpDAUDNa6bCd1nDQH+/O20=
-50,96,8t/rZyB1T8/1lvA8azPE06Imq/k=,/YtHmwpDAUDNa6bCd1nDQH+/O20=
-64,98,8t/rZyB1T8/1lvA8azPE06Imq/k=,/YtHmwpDAUDNa6bCd1nDQH+/O20=
-49,97,8t/rZyB1T8/1lvA8azPE06Imq/k=,/YtHmwpDAUDNa6bCd1nDQH+/O20=
-49,107,8t/rZyB1T8/1lvA8azPE06Imq/k=,/YtHmwpDAUDNa6bCd1nDQH+/O20=
-50,97,8t/rZyB1T8/1lvA8azPE06Imq/k=,/YtHmwpDAUDNa6bCd1nDQH+/O20=
-50,107,8t/rZyB1T8/1lvA8azPE06Imq/k=,/YtHmwpDAUDNa6bCd1nDQH+/O20=
-63,108,8t/rZyB1T8/1lvA8azPE06Imq/k=,/YtHmwpDAUDNa6bCd1nDQH+/O20=
-62,96,8t/rZyB1T8/1lvA8azPE06Imq/k=,/YtHmwpDAUDNa6bCd1nDQH+/O20=
-52,107,8t/rZyB1T8/1lvA8azPE06Imq/k=,/YtHmwpDAUDNa6bCd1nDQH+/O20=
-53,107,8t/rZyB1T8/1lvA8azPE06Imq/k=,/YtHmwpDAUDNa6bCd1nDQH+/O20=
-54,107,8t/rZyB1T8/1lvA8azPE06Imq/k=,/YtHmwpDAUDNa6bCd1nDQH+/O20=
-55,107,8t/rZyB1T8/1lvA8azPE06Imq/k=,/YtHmwpDAUDNa6bCd1nDQH+/O20=
-57,107,8t/rZyB1T8/1lvA8azPE06Imq/k=,/YtHmwpDAUDNa6bCd1nDQH+/O20=
-56,107,8t/rZyB1T8/1lvA8azPE06Imq/k=,/YtHmwpDAUDNa6bCd1nDQH+/O20=
-58,107,8t/rZyB1T8/1lvA8azPE06Imq/k=,/YtHmwpDAUDNa6bCd1nDQH+/O20=
-59,107,8t/rZyB1T8/1lvA8azPE06Imq/k=,/YtHmwpDAUDNa6bCd1nDQH+/O20=
-60,107,8t/rZyB1T8/1lvA8azPE06Imq/k=,/YtHmwpDAUDNa6bCd1nDQH+/O20=
-61,109,8t/rZyB1T8/1lvA8azPE06Imq/k=,/YtHmwpDAUDNa6bCd1nDQH+/O20=
-63,107,8t/rZyB1T8/1lvA8azPE06Imq/k=,/YtHmwpDAUDNa6bCd1nDQH+/O20=
-64,107,8t/rZyB1T8/1lvA8azPE06Imq/k=,/YtHmwpDAUDNa6bCd1nDQH+/O20=
-64,96,8t/rZyB1T8/1lvA8azPE06Imq/k=,/YtHmwpDAUDNa6bCd1nDQH+/O20=
-51,96,8t/rZyB1T8/1lvA8azPE06Imq/k=,/YtHmwpDAUDNa6bCd1nDQH+/O20=
-51,97,8t/rZyB1T8/1lvA8azPE06Imq/k=,/YtHmwpDAUDNa6bCd1nDQH+/O20=
-50,108,8t/rZyB1T8/1lvA8azPE06Imq/k=,/YtHmwpDAUDNa6bCd1nDQH+/O20=
-58,97,8t/rZyB1T8/1lvA8azPE06Imq/k=,/YtHmwpDAUDNa6bCd1nDQH+/O20=
-49,99,8t/rZyB1T8/1lvA8azPE06Imq/k=,/YtHmwpDAUDNa6bCd1nDQH+/O20=
-50,98,8t/rZyB1T8/1lvA8azPE06Imq/k=,/YtHmwpDAUDNa6bCd1nDQH+/O20=
-64,100,8t/rZyB1T8/1lvA8azPE06Imq/k=,/YtHmwpDAUDNa6bCd1nDQH+/O20=
-49,109,8t/rZyB1T8/1lvA8azPE06Imq/k=,/YtHmwpDAUDNa6bCd1nDQH+/O20=
-60,108,8t/rZyB1T8/1lvA8azPE06Imq/k=,/YtHmwpDAUDNa6bCd1nDQH+/O20=
-57,98,8t/rZyB1T8/1lvA8azPE06Imq/k=,/YtHmwpDAUDNa6bCd1nDQH+/O20=
-52,108,8t/rZyB1T8/1lvA8azPE06Imq/k=,/YtHmwpDAUDNa6bCd1nDQH+/O20=
-62,97,8t/rZyB1T8/1lvA8azPE06Imq/k=,/YtHmwpDAUDNa6bCd1nDQH+/O20=
-58,96,8t/rZyB1T8/1lvA8azPE06Imq/k=,/YtHmwpDAUDNa6bCd1nDQH+/O20=
-63,100,8t/rZyB1T8/1lvA8azPE06Imq/k=,/YtHmwpDAUDNa6bCd1nDQH+/O20=
-54,106,8t/rZyB1T8/1lvA8azPE06Imq/k=,/YtHmwpDAUDNa6bCd1nDQH+/O20=
-61,98,8t/rZyB1T8/1lvA8azPE06Imq/k=,/YtHmwpDAUDNa6bCd1nDQH+/O20=
-57,106,8t/rZyB1T8/1lvA8azPE06Imq/k=,/YtHmwpDAUDNa6bCd1nDQH+/O20=
-58,106,8t/rZyB1T8/1lvA8azPE06Imq/k=,/YtHmwpDAUDNa6bCd1nDQH+/O20=
-59,106,8t/rZyB1T8/1lvA8azPE06Imq/k=,/YtHmwpDAUDNa6bCd1nDQH+/O20=
-61,111,8t/rZyB1T8/1lvA8azPE06Imq/k=,/YtHmwpDAUDNa6bCd1nDQH+/O20=
-59,96,8t/rZyB1T8/1lvA8azPE06Imq/k=,/YtHmwpDAUDNa6bCd1nDQH+/O20=
-62,106,8t/rZyB1T8/1lvA8azPE06Imq/k=,/YtHmwpDAUDNa6bCd1nDQH+/O20=
-63,106,8t/rZyB1T8/1lvA8azPE06Imq/k=,/YtHmwpDAUDNa6bCd1nDQH+/O20=
-51,98,8t/rZyB1T8/1lvA8azPE06Imq/k=,/YtHmwpDAUDNa6bCd1nDQH+/O20=
-64,106,8t/rZyB1T8/1lvA8azPE06Imq/k=,/YtHmwpDAUDNa6bCd1nDQH+/O20=
-61,106,8t/rZyB1T8/1lvA8azPE06Imq/k=,/YtHmwpDAUDNa6bCd1nDQH+/O20=
-52,96,8t/rZyB1T8/1lvA8azPE06Imq/k=,/YtHmwpDAUDNa6bCd1nDQH+/O20=
-62,107,8t/rZyB1T8/1lvA8azPE06Imq/k=,/YtHmwpDAUDNa6bCd1nDQH+/O20=
-52,97,8t/rZyB1T8/1lvA8azPE06Imq/k=,/YtHmwpDAUDNa6bCd1nDQH+/O20=
-49,106,8t/rZyB1T8/1lvA8azPE06Imq/k=,/YtHmwpDAUDNa6bCd1nDQH+/O20=
-61,99,8t/rZyB1T8/1lvA8azPE06Imq/k=,/YtHmwpDAUDNa6bCd1nDQH+/O20=
-61,107,8t/rZyB1T8/1lvA8azPE06Imq/k=,/YtHmwpDAUDNa6bCd1nDQH+/O20=
-51,107,8t/rZyB1T8/1lvA8azPE06Imq/k=,/YtHmwpDAUDNa6bCd1nDQH+/O20=
-56,106,8t/rZyB1T8/1lvA8azPE06Imq/k=,/YtHmwpDAUDNa6bCd1nDQH+/O20=
-54,105,8t/rZyB1T8/1lvA8azPE06Imq/k=,/YtHmwpDAUDNa6bCd1nDQH+/O20=
-53,106,8t/rZyB1T8/1lvA8azPE06Imq/k=,/YtHmwpDAUDNa6bCd1nDQH+/O20=
-57,105,8t/rZyB1T8/1lvA8azPE06Imq/k=,/YtHmwpDAUDNa6bCd1nDQH+/O20=
-59,105,8t/rZyB1T8/1lvA8azPE06Imq/k=,/YtHmwpDAUDNa6bCd1nDQH+/O20=
-58,105,8t/rZyB1T8/1lvA8azPE06Imq/k=,/YtHmwpDAUDNa6bCd1nDQH+/O20=
-60,106,8t/rZyB1T8/1lvA8azPE06Imq/k=,/YtHmwpDAUDNa6bCd1nDQH+/O20=
-55,106,8t/rZyB1T8/1lvA8azPE06Imq/k=,/YtHmwpDAUDNa6bCd1nDQH+/O20=
-60,105,8t/rZyB1T8/1lvA8azPE06Imq/k=,/YtHmwpDAUDNa6bCd1nDQH+/O20=
-64,105,8t/rZyB1T8/1lvA8azPE06Imq/k=,/YtHmwpDAUDNa6bCd1nDQH+/O20=
-52,98,8t/rZyB1T8/1lvA8azPE06Imq/k=,/YtHmwpDAUDNa6bCd1nDQH+/O20=
-53,96,8t/rZyB1T8/1lvA8azPE06Imq/k=,/YtHmwpDAUDNa6bCd1nDQH+/O20=
-63,105,8t/rZyB1T8/1lvA8azPE06Imq/k=,/YtHmwpDAUDNa6bCd1nDQH+/O20=
-53,97,8t/rZyB1T8/1lvA8azPE06Imq/k=,/YtHmwpDAUDNa6bCd1nDQH+/O20=
-50,106,8t/rZyB1T8/1lvA8azPE06Imq/k=,/YtHmwpDAUDNa6bCd1nDQH+/O20=
-61,108,8t/rZyB1T8/1lvA8azPE06Imq/k=,/YtHmwpDAUDNa6bCd1nDQH+/O20=
-62,100,8t/rZyB1T8/1lvA8azPE06Imq/k=,/YtHmwpDAUDNa6bCd1nDQH+/O20=
-53,105,8t/rZyB1T8/1lvA8azPE06Imq/k=,/YtHmwpDAUDNa6bCd1nDQH+/O20=
-56,105,8t/rZyB1T8/1lvA8azPE06Imq/k=,/YtHmwpDAUDNa6bCd1nDQH+/O20=
-55,105,8t/rZyB1T8/1lvA8azPE06Imq/k=,/YtHmwpDAUDNa6bCd1nDQH+/O20=
-61,105,8t/rZyB1T8/1lvA8azPE06Imq/k=,/YtHmwpDAUDNa6bCd1nDQH+/O20=
-52,106,8t/rZyB1T8/1lvA8azPE06Imq/k=,/YtHmwpDAUDNa6bCd1nDQH+/O20=
-53,104,8t/rZyB1T8/1lvA8azPE06Imq/k=,/YtHmwpDAUDNa6bCd1nDQH+/O20=
-57,104,8t/rZyB1T8/1lvA8azPE06Imq/k=,/YtHmwpDAUDNa6bCd1nDQH+/O20=
-58,104,8t/rZyB1T8/1lvA8azPE06Imq/k=,/YtHmwpDAUDNa6bCd1nDQH+/O20=
-60,104,8t/rZyB1T8/1lvA8azPE06Imq/k=,/YtHmwpDAUDNa6bCd1nDQH+/O20=
-61,104,8t/rZyB1T8/1lvA8azPE06Imq/k=,/YtHmwpDAUDNa6bCd1nDQH+/O20=
-59,104,8t/rZyB1T8/1lvA8azPE06Imq/k=,/YtHmwpDAUDNa6bCd1nDQH+/O20=
-62,104,8t/rZyB1T8/1lvA8azPE06Imq/k=,/YtHmwpDAUDNa6bCd1nDQH+/O20=
-63,104,8t/rZyB1T8/1lvA8azPE06Imq/k=,/YtHmwpDAUDNa6bCd1nDQH+/O20=
-54,96,8t/rZyB1T8/1lvA8azPE06Imq/k=,/YtHmwpDAUDNa6bCd1nDQH+/O20=
-54,104,8t/rZyB1T8/1lvA8azPE06Imq/k=,/YtHmwpDAUDNa6bCd1nDQH+/O20=
-53,98,8t/rZyB1T8/1lvA8azPE06Imq/k=,/YtHmwpDAUDNa6bCd1nDQH+/O20=
-54,97,8t/rZyB1T8/1lvA8azPE06Imq/k=,/YtHmwpDAUDNa6bCd1nDQH+/O20=
-64,104,8t/rZyB1T8/1lvA8azPE06Imq/k=,/YtHmwpDAUDNa6bCd1nDQH+/O20=
-52,105,8t/rZyB1T8/1lvA8azPE06Imq/k=,/YtHmwpDAUDNa6bCd1nDQH+/O20=
-51,106,8t/rZyB1T8/1lvA8azPE06Imq/k=,/YtHmwpDAUDNa6bCd1nDQH+/O20=
-55,104,8t/rZyB1T8/1lvA8azPE06Imq/k=,/YtHmwpDAUDNa6bCd1nDQH+/O20=
-61,100,8t/rZyB1T8/1lvA8azPE06Imq/k=,/YtHmwpDAUDNa6bCd1nDQH+/O20=
-60,100,8t/rZyB1T8/1lvA8azPE06Imq/k=,/YtHmwpDAUDNa6bCd1nDQH+/O20=
-56,104,8t/rZyB1T8/1lvA8azPE06Imq/k=,/YtHmwpDAUDNa6bCd1nDQH+/O20=
-52,104,8t/rZyB1T8/1lvA8azPE06Imq/k=,/YtHmwpDAUDNa6bCd1nDQH+/O20=
-54,103,8t/rZyB1T8/1lvA8azPE06Imq/k=,/YtHmwpDAUDNa6bCd1nDQH+/O20=
-53,103,8t/rZyB1T8/1lvA8azPE06Imq/k=,/YtHmwpDAUDNa6bCd1nDQH+/O20=
-57,103,8t/rZyB1T8/1lvA8azPE06Imq/k=,/YtHmwpDAUDNa6bCd1nDQH+/O20=
-58,103,8t/rZyB1T8/1lvA8azPE06Imq/k=,/YtHmwpDAUDNa6bCd1nDQH+/O20=
-59,103,8t/rZyB1T8/1lvA8azPE06Imq/k=,/YtHmwpDAUDNa6bCd1nDQH+/O20=
-62,105,8t/rZyB1T8/1lvA8azPE06Imq/k=,/YtHmwpDAUDNa6bCd1nDQH+/O20=
-55,103,8t/rZyB1T8/1lvA8azPE06Imq/k=,/YtHmwpDAUDNa6bCd1nDQH+/O20=
-50,103,8t/rZyB1T8/1lvA8azPE06Imq/k=,/YtHmwpDAUDNa6bCd1nDQH+/O20=
-50,105,8t/rZyB1T8/1lvA8azPE06Imq/k=,/YtHmwpDAUDNa6bCd1nDQH+/O20=
-49,105,8t/rZyB1T8/1lvA8azPE06Imq/k=,/YtHmwpDAUDNa6bCd1nDQH+/O20=
-64,103,8t/rZyB1T8/1lvA8azPE06Imq/k=,/YtHmwpDAUDNa6bCd1nDQH+/O20=
-56,103,8t/rZyB1T8/1lvA8azPE06Imq/k=,/YtHmwpDAUDNa6bCd1nDQH+/O20=
-55,97,8t/rZyB1T8/1lvA8azPE06Imq/k=,/YtHmwpDAUDNa6bCd1nDQH+/O20=
-50,102,8t/rZyB1T8/1lvA8azPE06Imq/k=,/YtHmwpDAUDNa6bCd1nDQH+/O20=
-54,98,8t/rZyB1T8/1lvA8azPE06Imq/k=,/YtHmwpDAUDNa6bCd1nDQH+/O20=
-52,103,8t/rZyB1T8/1lvA8azPE06Imq/k=,/YtHmwpDAUDNa6bCd1nDQH+/O20=
-55,96,8t/rZyB1T8/1lvA8azPE06Imq/k=,/YtHmwpDAUDNa6bCd1nDQH+/O20=
-54,102,8t/rZyB1T8/1lvA8azPE06Imq/k=,/YtHmwpDAUDNa6bCd1nDQH+/O20=
-63,103,8t/rZyB1T8/1lvA8azPE06Imq/k=,/YtHmwpDAUDNa6bCd1nDQH+/O20=
-53,102,8t/rZyB1T8/1lvA8azPE06Imq/k=,/YtHmwpDAUDNa6bCd1nDQH+/O20=
-49,104,8t/rZyB1T8/1lvA8azPE06Imq/k=,/YtHmwpDAUDNa6bCd1nDQH+/O20=
-52,102,8t/rZyB1T8/1lvA8azPE06Imq/k=,/YtHmwpDAUDNa6bCd1nDQH+/O20=
-55,102,8t/rZyB1T8/1lvA8azPE06Imq/k=,/YtHmwpDAUDNa6bCd1nDQH+/O20=
-59,102,8t/rZyB1T8/1lvA8azPE06Imq/k=,/YtHmwpDAUDNa6bCd1nDQH+/O20=
-60,102,8t/rZyB1T8/1lvA8azPE06Imq/k=,/YtHmwpDAUDNa6bCd1nDQH+/O20=
-49,102,8t/rZyB1T8/1lvA8azPE06Imq/k=,/YtHmwpDAUDNa6bCd1nDQH+/O20=
-51,105,8t/rZyB1T8/1lvA8azPE06Imq/k=,/YtHmwpDAUDNa6bCd1nDQH+/O20=
-59,100,8t/rZyB1T8/1lvA8azPE06Imq/k=,/YtHmwpDAUDNa6bCd1nDQH+/O20=
-63,102,8t/rZyB1T8/1lvA8azPE06Imq/k=,/YtHmwpDAUDNa6bCd1nDQH+/O20=
-58,102,8t/rZyB1T8/1lvA8azPE06Imq/k=,/YtHmwpDAUDNa6bCd1nDQH+/O20=
-64,102,8t/rZyB1T8/1lvA8azPE06Imq/k=,/YtHmwpDAUDNa6bCd1nDQH+/O20=
-55,98,8t/rZyB1T8/1lvA8azPE06Imq/k=,/YtHmwpDAUDNa6bCd1nDQH+/O20=
-49,101,8t/rZyB1T8/1lvA8azPE06Imq/k=,/YtHmwpDAUDNa6bCd1nDQH+/O20=
-56,97,8t/rZyB1T8/1lvA8azPE06Imq/k=,/YtHmwpDAUDNa6bCd1nDQH+/O20=
-61,102,8t/rZyB1T8/1lvA8azPE06Imq/k=,/YtHmwpDAUDNa6bCd1nDQH+/O20=
-50,101,8t/rZyB1T8/1lvA8azPE06Imq/k=,/YtHmwpDAUDNa6bCd1nDQH+/O20=
-56,96,8t/rZyB1T8/1lvA8azPE06Imq/k=,/YtHmwpDAUDNa6bCd1nDQH+/O20=
-61,103,8t/rZyB1T8/1lvA8azPE06Imq/k=,/YtHmwpDAUDNa6bCd1nDQH+/O20=
-51,104,8t/rZyB1T8/1lvA8azPE06Imq/k=,/YtHmwpDAUDNa6bCd1nDQH+/O20=
-55,101,8t/rZyB1T8/1lvA8azPE06Imq/k=,/YtHmwpDAUDNa6bCd1nDQH+/O20=
-58,100,8t/rZyB1T8/1lvA8azPE06Imq/k=,/YtHmwpDAUDNa6bCd1nDQH+/O20=
-54,101,8t/rZyB1T8/1lvA8azPE06Imq/k=,/YtHmwpDAUDNa6bCd1nDQH+/O20=
-53,101,8t/rZyB1T8/1lvA8azPE06Imq/k=,/YtHmwpDAUDNa6bCd1nDQH+/O20=
-56,101,8t/rZyB1T8/1lvA8azPE06Imq/k=,/YtHmwpDAUDNa6bCd1nDQH+/O20=
-49,103,8t/rZyB1T8/1lvA8azPE06Imq/k=,/YtHmwpDAUDNa6bCd1nDQH+/O20=
-52,101,8t/rZyB1T8/1lvA8azPE06Imq/k=,/YtHmwpDAUDNa6bCd1nDQH+/O20=
-51,101,8t/rZyB1T8/1lvA8azPE06Imq/k=,/YtHmwpDAUDNa6bCd1nDQH+/O20=
-57,101,8t/rZyB1T8/1lvA8azPE06Imq/k=,/YtHmwpDAUDNa6bCd1nDQH+/O20=
-60,103,8t/rZyB1T8/1lvA8azPE06Imq/k=,/YtHmwpDAUDNa6bCd1nDQH+/O20=
-63,101,8t/rZyB1T8/1lvA8azPE06Imq/k=,/YtHmwpDAUDNa6bCd1nDQH+/O20=
-64,101,8t/rZyB1T8/1lvA8azPE06Imq/k=,/YtHmwpDAUDNa6bCd1nDQH+/O20=
-50,104,8t/rZyB1T8/1lvA8azPE06Imq/k=,/YtHmwpDAUDNa6bCd1nDQH+/O20=
-49,100,8t/rZyB1T8/1lvA8azPE06Imq/k=,/YtHmwpDAUDNa6bCd1nDQH+/O20=
-57,100,8t/rZyB1T8/1lvA8azPE06Imq/k=,/YtHmwpDAUDNa6bCd1nDQH+/O20=
-50,100,8t/rZyB1T8/1lvA8azPE06Imq/k=,/YtHmwpDAUDNa6bCd1nDQH+/O20=
-56,98,8t/rZyB1T8/1lvA8azPE06Imq/k=,/YtHmwpDAUDNa6bCd1nDQH+/O20=
-57,97,8t/rZyB1T8/1lvA8azPE06Imq/k=,/YtHmwpDAUDNa6bCd1nDQH+/O20=
-51,100,8t/rZyB1T8/1lvA8azPE06Imq/k=,/YtHmwpDAUDNa6bCd1nDQH+/O20=
-56,100,8t/rZyB1T8/1lvA8azPE06Imq/k=,/YtHmwpDAUDNa6bCd1nDQH+/O20=
-58,101,8t/rZyB1T8/1lvA8azPE06Imq/k=,/YtHmwpDAUDNa6bCd1nDQH+/O20=
-55,100,8t/rZyB1T8/1lvA8azPE06Imq/k=,/YtHmwpDAUDNa6bCd1nDQH+/O20=
-57,96,8t/rZyB1T8/1lvA8azPE06Imq/k=,/YtHmwpDAUDNa6bCd1nDQH+/O20=
-54,100,8t/rZyB1T8/1lvA8azPE06Imq/k=,/YtHmwpDAUDNa6bCd1nDQH+/O20=
-59,101,8t/rZyB1T8/1lvA8azPE06Imq/k=,/YtHmwpDAUDNa6bCd1nDQH+/O20=
-52,100,8t/rZyB1T8/1lvA8azPE06Imq/k=,/YtHmwpDAUDNa6bCd1nDQH+/O20=
-56,102,8t/rZyB1T8/1lvA8azPE06Imq/k=,/YtHmwpDAUDNa6bCd1nDQH+/O20=
-62,103,8t/rZyB1T8/1lvA8azPE06Imq/k=,/YtHmwpDAUDNa6bCd1nDQH+/O20=
-53,100,8t/rZyB1T8/1lvA8azPE06Imq/k=,/YtHmwpDAUDNa6bCd1nDQH+/O20=
-51,102,8t/rZyB1T8/1lvA8azPE06Imq/k=,/YtHmwpDAUDNa6bCd1nDQH+/O20=
-62,102,8t/rZyB1T8/1lvA8azPE06Imq/k=,/YtHmwpDAUDNa6bCd1nDQH+/O20=
-51,103,8t/rZyB1T8/1lvA8azPE06Imq/k=,/YtHmwpDAUDNa6bCd1nDQH+/O20=
-57,102,8t/rZyB1T8/1lvA8azPE06Imq/k=,/YtHmwpDAUDNa6bCd1nDQH+/O20=
-60,101,8t/rZyB1T8/1lvA8azPE06Imq/k=,/YtHmwpDAUDNa6bCd1nDQH+/O20=
-62,101,8t/rZyB1T8/1lvA8azPE06Imq/k=,/YtHmwpDAUDNa6bCd1nDQH+/O20=
-61,101,8t/rZyB1T8/1lvA8azPE06Imq/k=,/YtHmwpDAUDNa6bCd1nDQH+/O20=
-57,115,z45ubwNsVZin/M3AdLPdNI1sOEU=,KV4pKjSLa5z5EVbohFeg7dnr0v4=
-58,115,z45ubwNsVZin/M3AdLPdNI1sOEU=,KV4pKjSLa5z5EVbohFeg7dnr0v4=
-58,114,z45ubwNsVZin/M3AdLPdNI1sOEU=,KV4pKjSLa5z5EVbohFeg7dnr0v4=
-59,114,z45ubwNsVZin/M3AdLPdNI1sOEU=,KV4pKjSLa5z5EVbohFeg7dnr0v4=
-59,115,z45ubwNsVZin/M3AdLPdNI1sOEU=,KV4pKjSLa5z5EVbohFeg7dnr0v4=
-60,115,z45ubwNsVZin/M3AdLPdNI1sOEU=,KV4pKjSLa5z5EVbohFeg7dnr0v4=
-59,113,z45ubwNsVZin/M3AdLPdNI1sOEU=,KV4pKjSLa5z5EVbohFeg7dnr0v4=
-60,113,z45ubwNsVZin/M3AdLPdNI1sOEU=,KV4pKjSLa5z5EVbohFeg7dnr0v4=
-63,112,z45ubwNsVZin/M3AdLPdNI1sOEU=,KV4pKjSLa5z5EVbohFeg7dnr0v4=
-62,115,z45ubwNsVZin/M3AdLPdNI1sOEU=,KV4pKjSLa5z5EVbohFeg7dnr0v4=
-60,114,z45ubwNsVZin/M3AdLPdNI1sOEU=,KV4pKjSLa5z5EVbohFeg7dnr0v4=
-52,127,z45ubwNsVZin/M3AdLPdNI1sOEU=,KV4pKjSLa5z5EVbohFeg7dnr0v4=
-53,127,z45ubwNsVZin/M3AdLPdNI1sOEU=,KV4pKjSLa5z5EVbohFeg7dnr0v4=
-56,127,z45ubwNsVZin/M3AdLPdNI1sOEU=,KV4pKjSLa5z5EVbohFeg7dnr0v4=
-57,127,z45ubwNsVZin/M3AdLPdNI1sOEU=,KV4pKjSLa5z5EVbohFeg7dnr0v4=
-58,127,z45ubwNsVZin/M3AdLPdNI1sOEU=,KV4pKjSLa5z5EVbohFeg7dnr0v4=
-60,127,z45ubwNsVZin/M3AdLPdNI1sOEU=,KV4pKjSLa5z5EVbohFeg7dnr0v4=
-59,127,z45ubwNsVZin/M3AdLPdNI1sOEU=,KV4pKjSLa5z5EVbohFeg7dnr0v4=
-61,127,OnVwnCSa5B0IxLjKTYtimzb0d/M=,KV4pKjSLa5z5EVbohFeg7dnr0v4=
-62,127,OnVwnCSa5B0IxLjKTYtimzb0d/M=,KV4pKjSLa5z5EVbohFeg7dnr0v4=
-64,127,OnVwnCSa5B0IxLjKTYtimzb0d/M=,KV4pKjSLa5z5EVbohFeg7dnr0v4=
-63,127,OnVwnCSa5B0IxLjKTYtimzb0d/M=,KV4pKjSLa5z5EVbohFeg7dnr0v4=
-63,115,OnVwnCSa5B0IxLjKTYtimzb0d/M=,KV4pKjSLa5z5EVbohFeg7dnr0v4=
-61,114,OnVwnCSa5B0IxLjKTYtimzb0d/M=,KV4pKjSLa5z5EVbohFeg7dnr0v4=
-52,126,OnVwnCSa5B0IxLjKTYtimzb0d/M=,KV4pKjSLa5z5EVbohFeg7dnr0v4=
-53,126,OnVwnCSa5B0IxLjKTYtimzb0d/M=,KV4pKjSLa5z5EVbohFeg7dnr0v4=
-57,126,OnVwnCSa5B0IxLjKTYtimzb0d/M=,KV4pKjSLa5z5EVbohFeg7dnr0v4=
-58,126,OnVwnCSa5B0IxLjKTYtimzb0d/M=,KV4pKjSLa5z5EVbohFeg7dnr0v4=
-59,126,OnVwnCSa5B0IxLjKTYtimzb0d/M=,KV4pKjSLa5z5EVbohFeg7dnr0v4=
-61,126,OnVwnCSa5B0IxLjKTYtimzb0d/M=,KV4pKjSLa5z5EVbohFeg7dnr0v4=
-60,126,OnVwnCSa5B0IxLjKTYtimzb0d/M=,KV4pKjSLa5z5EVbohFeg7dnr0v4=
-62,126,OnVwnCSa5B0IxLjKTYtimzb0d/M=,KV4pKjSLa5z5EVbohFeg7dnr0v4=
-63,126,OnVwnCSa5B0IxLjKTYtimzb0d/M=,KV4pKjSLa5z5EVbohFeg7dnr0v4=
-64,126,OnVwnCSa5B0IxLjKTYtimzb0d/M=,KV4pKjSLa5z5EVbohFeg7dnr0v4=
-61,113,OnVwnCSa5B0IxLjKTYtimzb0d/M=,KV4pKjSLa5z5EVbohFeg7dnr0v4=
-51,125,OnVwnCSa5B0IxLjKTYtimzb0d/M=,KV4pKjSLa5z5EVbohFeg7dnr0v4=
-52,125,OnVwnCSa5B0IxLjKTYtimzb0d/M=,KV4pKjSLa5z5EVbohFeg7dnr0v4=
-54,125,OnVwnCSa5B0IxLjKTYtimzb0d/M=,KV4pKjSLa5z5EVbohFeg7dnr0v4=
-56,125,OnVwnCSa5B0IxLjKTYtimzb0d/M=,KV4pKjSLa5z5EVbohFeg7dnr0v4=
-58,125,OnVwnCSa5B0IxLjKTYtimzb0d/M=,KV4pKjSLa5z5EVbohFeg7dnr0v4=
-59,125,OnVwnCSa5B0IxLjKTYtimzb0d/M=,KV4pKjSLa5z5EVbohFeg7dnr0v4=
-60,125,OnVwnCSa5B0IxLjKTYtimzb0d/M=,KV4pKjSLa5z5EVbohFeg7dnr0v4=
-61,125,OnVwnCSa5B0IxLjKTYtimzb0d/M=,KV4pKjSLa5z5EVbohFeg7dnr0v4=
-62,125,OnVwnCSa5B0IxLjKTYtimzb0d/M=,KV4pKjSLa5z5EVbohFeg7dnr0v4=
-63,125,OnVwnCSa5B0IxLjKTYtimzb0d/M=,KV4pKjSLa5z5EVbohFeg7dnr0v4=
-64,125,OnVwnCSa5B0IxLjKTYtimzb0d/M=,KV4pKjSLa5z5EVbohFeg7dnr0v4=
-62,113,OnVwnCSa5B0IxLjKTYtimzb0d/M=,KV4pKjSLa5z5EVbohFeg7dnr0v4=
-63,114,OnVwnCSa5B0IxLjKTYtimzb0d/M=,KV4pKjSLa5z5EVbohFeg7dnr0v4=
-52,124,OnVwnCSa5B0IxLjKTYtimzb0d/M=,KV4pKjSLa5z5EVbohFeg7dnr0v4=
-53,124,OnVwnCSa5B0IxLjKTYtimzb0d/M=,KV4pKjSLa5z5EVbohFeg7dnr0v4=
-61,115,OnVwnCSa5B0IxLjKTYtimzb0d/M=,KV4pKjSLa5z5EVbohFeg7dnr0v4=
-56,124,OnVwnCSa5B0IxLjKTYtimzb0d/M=,KV4pKjSLa5z5EVbohFeg7dnr0v4=
-58,124,OnVwnCSa5B0IxLjKTYtimzb0d/M=,KV4pKjSLa5z5EVbohFeg7dnr0v4=
-59,124,OnVwnCSa5B0IxLjKTYtimzb0d/M=,KV4pKjSLa5z5EVbohFeg7dnr0v4=
-60,124,OnVwnCSa5B0IxLjKTYtimzb0d/M=,KV4pKjSLa5z5EVbohFeg7dnr0v4=
-61,124,OnVwnCSa5B0IxLjKTYtimzb0d/M=,KV4pKjSLa5z5EVbohFeg7dnr0v4=
-62,114,OnVwnCSa5B0IxLjKTYtimzb0d/M=,KV4pKjSLa5z5EVbohFeg7dnr0v4=
-62,124,OnVwnCSa5B0IxLjKTYtimzb0d/M=,KV4pKjSLa5z5EVbohFeg7dnr0v4=
-63,124,OnVwnCSa5B0IxLjKTYtimzb0d/M=,KV4pKjSLa5z5EVbohFeg7dnr0v4=
-64,124,OnVwnCSa5B0IxLjKTYtimzb0d/M=,KV4pKjSLa5z5EVbohFeg7dnr0v4=
-64,113,OnVwnCSa5B0IxLjKTYtimzb0d/M=,KV4pKjSLa5z5EVbohFeg7dnr0v4=
-64,115,OnVwnCSa5B0IxLjKTYtimzb0d/M=,KV4pKjSLa5z5EVbohFeg7dnr0v4=
-59,112,OnVwnCSa5B0IxLjKTYtimzb0d/M=,KV4pKjSLa5z5EVbohFeg7dnr0v4=
-64,114,OnVwnCSa5B0IxLjKTYtimzb0d/M=,KV4pKjSLa5z5EVbohFeg7dnr0v4=
-52,123,OnVwnCSa5B0IxLjKTYtimzb0d/M=,KV4pKjSLa5z5EVbohFeg7dnr0v4=
-53,123,OnVwnCSa5B0IxLjKTYtimzb0d/M=,KV4pKjSLa5z5EVbohFeg7dnr0v4=
-54,123,OnVwnCSa5B0IxLjKTYtimzb0d/M=,KV4pKjSLa5z5EVbohFeg7dnr0v4=
-57,123,OnVwnCSa5B0IxLjKTYtimzb0d/M=,KV4pKjSLa5z5EVbohFeg7dnr0v4=
-59,123,OnVwnCSa5B0IxLjKTYtimzb0d/M=,KV4pKjSLa5z5EVbohFeg7dnr0v4=
-60,123,OnVwnCSa5B0IxLjKTYtimzb0d/M=,KV4pKjSLa5z5EVbohFeg7dnr0v4=
-61,123,OnVwnCSa5B0IxLjKTYtimzb0d/M=,KV4pKjSLa5z5EVbohFeg7dnr0v4=
-62,123,OnVwnCSa5B0IxLjKTYtimzb0d/M=,KV4pKjSLa5z5EVbohFeg7dnr0v4=
-63,123,OnVwnCSa5B0IxLjKTYtimzb0d/M=,KV4pKjSLa5z5EVbohFeg7dnr0v4=
-51,112,OnVwnCSa5B0IxLjKTYtimzb0d/M=,KV4pKjSLa5z5EVbohFeg7dnr0v4=
-64,112,OnVwnCSa5B0IxLjKTYtimzb0d/M=,KV4pKjSLa5z5EVbohFeg7dnr0v4=
-64,123,OnVwnCSa5B0IxLjKTYtimzb0d/M=,KV4pKjSLa5z5EVbohFeg7dnr0v4=
-51,113,OnVwnCSa5B0IxLjKTYtimzb0d/M=,KV4pKjSLa5z5EVbohFeg7dnr0v4=
-52,122,OnVwnCSa5B0IxLjKTYtimzb0d/M=,KV4pKjSLa5z5EVbohFeg7dnr0v4=
-53,122,OnVwnCSa5B0IxLjKTYtimzb0d/M=,KV4pKjSLa5z5EVbohFeg7dnr0v4=
-54,122,OnVwnCSa5B0IxLjKTYtimzb0d/M=,KV4pKjSLa5z5EVbohFeg7dnr0v4=
-55,122,OnVwnCSa5B0IxLjKTYtimzb0d/M=,KV4pKjSLa5z5EVbohFeg7dnr0v4=
-56,122,OnVwnCSa5B0IxLjKTYtimzb0d/M=,KV4pKjSLa5z5EVbohFeg7dnr0v4=
-57,122,OnVwnCSa5B0IxLjKTYtimzb0d/M=,KV4pKjSLa5z5EVbohFeg7dnr0v4=
-57,125,OnVwnCSa5B0IxLjKTYtimzb0d/M=,KV4pKjSLa5z5EVbohFeg7dnr0v4=
-60,122,OnVwnCSa5B0IxLjKTYtimzb0d/M=,KV4pKjSLa5z5EVbohFeg7dnr0v4=
-61,122,OnVwnCSa5B0IxLjKTYtimzb0d/M=,KV4pKjSLa5z5EVbohFeg7dnr0v4=
-62,122,OnVwnCSa5B0IxLjKTYtimzb0d/M=,KV4pKjSLa5z5EVbohFeg7dnr0v4=
-63,122,OnVwnCSa5B0IxLjKTYtimzb0d/M=,KV4pKjSLa5z5EVbohFeg7dnr0v4=
-64,122,OnVwnCSa5B0IxLjKTYtimzb0d/M=,KV4pKjSLa5z5EVbohFeg7dnr0v4=
-52,112,OnVwnCSa5B0IxLjKTYtimzb0d/M=,KV4pKjSLa5z5EVbohFeg7dnr0v4=
-51,114,OnVwnCSa5B0IxLjKTYtimzb0d/M=,KV4pKjSLa5z5EVbohFeg7dnr0v4=
-52,113,OnVwnCSa5B0IxLjKTYtimzb0d/M=,KV4pKjSLa5z5EVbohFeg7dnr0v4=
-51,121,OnVwnCSa5B0IxLjKTYtimzb0d/M=,KV4pKjSLa5z5EVbohFeg7dnr0v4=
-52,121,OnVwnCSa5B0IxLjKTYtimzb0d/M=,KV4pKjSLa5z5EVbohFeg7dnr0v4=
-53,121,OnVwnCSa5B0IxLjKTYtimzb0d/M=,KV4pKjSLa5z5EVbohFeg7dnr0v4=
-54,121,OnVwnCSa5B0IxLjKTYtimzb0d/M=,KV4pKjSLa5z5EVbohFeg7dnr0v4=
-55,121,OnVwnCSa5B0IxLjKTYtimzb0d/M=,KV4pKjSLa5z5EVbohFeg7dnr0v4=
-56,121,OnVwnCSa5B0IxLjKTYtimzb0d/M=,KV4pKjSLa5z5EVbohFeg7dnr0v4=
-57,121,OnVwnCSa5B0IxLjKTYtimzb0d/M=,KV4pKjSLa5z5EVbohFeg7dnr0v4=
-60,121,OnVwnCSa5B0IxLjKTYtimzb0d/M=,KV4pKjSLa5z5EVbohFeg7dnr0v4=
-61,121,OnVwnCSa5B0IxLjKTYtimzb0d/M=,KV4pKjSLa5z5EVbohFeg7dnr0v4=
-57,124,OnVwnCSa5B0IxLjKTYtimzb0d/M=,KV4pKjSLa5z5EVbohFeg7dnr0v4=
-62,121,OnVwnCSa5B0IxLjKTYtimzb0d/M=,KV4pKjSLa5z5EVbohFeg7dnr0v4=
-63,121,OnVwnCSa5B0IxLjKTYtimzb0d/M=,KV4pKjSLa5z5EVbohFeg7dnr0v4=
-64,121,OnVwnCSa5B0IxLjKTYtimzb0d/M=,KV4pKjSLa5z5EVbohFeg7dnr0v4=
-52,114,OnVwnCSa5B0IxLjKTYtimzb0d/M=,KV4pKjSLa5z5EVbohFeg7dnr0v4=
-53,112,OnVwnCSa5B0IxLjKTYtimzb0d/M=,KV4pKjSLa5z5EVbohFeg7dnr0v4=
-53,113,OnVwnCSa5B0IxLjKTYtimzb0d/M=,KV4pKjSLa5z5EVbohFeg7dnr0v4=
-50,120,OnVwnCSa5B0IxLjKTYtimzb0d/M=,KV4pKjSLa5z5EVbohFeg7dnr0v4=
-51,120,OnVwnCSa5B0IxLjKTYtimzb0d/M=,KV4pKjSLa5z5EVbohFeg7dnr0v4=
-52,120,OnVwnCSa5B0IxLjKTYtimzb0d/M=,KV4pKjSLa5z5EVbohFeg7dnr0v4=
-53,120,OnVwnCSa5B0IxLjKTYtimzb0d/M=,KV4pKjSLa5z5EVbohFeg7dnr0v4=
-55,120,OnVwnCSa5B0IxLjKTYtimzb0d/M=,KV4pKjSLa5z5EVbohFeg7dnr0v4=
-54,120,OnVwnCSa5B0IxLjKTYtimzb0d/M=,KV4pKjSLa5z5EVbohFeg7dnr0v4=
-57,120,OnVwnCSa5B0IxLjKTYtimzb0d/M=,KV4pKjSLa5z5EVbohFeg7dnr0v4=
-56,120,OnVwnCSa5B0IxLjKTYtimzb0d/M=,KV4pKjSLa5z5EVbohFeg7dnr0v4=
-62,120,OnVwnCSa5B0IxLjKTYtimzb0d/M=,KV4pKjSLa5z5EVbohFeg7dnr0v4=
-63,120,OnVwnCSa5B0IxLjKTYtimzb0d/M=,KV4pKjSLa5z5EVbohFeg7dnr0v4=
-53,114,OnVwnCSa5B0IxLjKTYtimzb0d/M=,KV4pKjSLa5z5EVbohFeg7dnr0v4=
-64,120,OnVwnCSa5B0IxLjKTYtimzb0d/M=,KV4pKjSLa5z5EVbohFeg7dnr0v4=
-54,112,OnVwnCSa5B0IxLjKTYtimzb0d/M=,KV4pKjSLa5z5EVbohFeg7dnr0v4=
-54,113,OnVwnCSa5B0IxLjKTYtimzb0d/M=,KV4pKjSLa5z5EVbohFeg7dnr0v4=
-50,119,OnVwnCSa5B0IxLjKTYtimzb0d/M=,KV4pKjSLa5z5EVbohFeg7dnr0v4=
-51,119,OnVwnCSa5B0IxLjKTYtimzb0d/M=,KV4pKjSLa5z5EVbohFeg7dnr0v4=
-52,119,OnVwnCSa5B0IxLjKTYtimzb0d/M=,KV4pKjSLa5z5EVbohFeg7dnr0v4=
-53,119,OnVwnCSa5B0IxLjKTYtimzb0d/M=,KV4pKjSLa5z5EVbohFeg7dnr0v4=
-54,119,OnVwnCSa5B0IxLjKTYtimzb0d/M=,KV4pKjSLa5z5EVbohFeg7dnr0v4=
-55,119,OnVwnCSa5B0IxLjKTYtimzb0d/M=,KV4pKjSLa5z5EVbohFeg7dnr0v4=
-56,119,OnVwnCSa5B0IxLjKTYtimzb0d/M=,KV4pKjSLa5z5EVbohFeg7dnr0v4=
-57,119,OnVwnCSa5B0IxLjKTYtimzb0d/M=,KV4pKjSLa5z5EVbohFeg7dnr0v4=
-59,122,OnVwnCSa5B0IxLjKTYtimzb0d/M=,KV4pKjSLa5z5EVbohFeg7dnr0v4=
-60,120,OnVwnCSa5B0IxLjKTYtimzb0d/M=,KV4pKjSLa5z5EVbohFeg7dnr0v4=
-63,113,OnVwnCSa5B0IxLjKTYtimzb0d/M=,KV4pKjSLa5z5EVbohFeg7dnr0v4=
-61,119,OnVwnCSa5B0IxLjKTYtimzb0d/M=,KV4pKjSLa5z5EVbohFeg7dnr0v4=
-62,119,OnVwnCSa5B0IxLjKTYtimzb0d/M=,KV4pKjSLa5z5EVbohFeg7dnr0v4=
-63,119,OnVwnCSa5B0IxLjKTYtimzb0d/M=,KV4pKjSLa5z5EVbohFeg7dnr0v4=
-54,114,OnVwnCSa5B0IxLjKTYtimzb0d/M=,KV4pKjSLa5z5EVbohFeg7dnr0v4=
-64,119,OnVwnCSa5B0IxLjKTYtimzb0d/M=,KV4pKjSLa5z5EVbohFeg7dnr0v4=
-55,112,OnVwnCSa5B0IxLjKTYtimzb0d/M=,KV4pKjSLa5z5EVbohFeg7dnr0v4=
-55,113,OnVwnCSa5B0IxLjKTYtimzb0d/M=,KV4pKjSLa5z5EVbohFeg7dnr0v4=
-50,118,OnVwnCSa5B0IxLjKTYtimzb0d/M=,KV4pKjSLa5z5EVbohFeg7dnr0v4=
-51,118,OnVwnCSa5B0IxLjKTYtimzb0d/M=,KV4pKjSLa5z5EVbohFeg7dnr0v4=
-52,118,OnVwnCSa5B0IxLjKTYtimzb0d/M=,KV4pKjSLa5z5EVbohFeg7dnr0v4=
-53,118,OnVwnCSa5B0IxLjKTYtimzb0d/M=,KV4pKjSLa5z5EVbohFeg7dnr0v4=
-54,118,OnVwnCSa5B0IxLjKTYtimzb0d/M=,KV4pKjSLa5z5EVbohFeg7dnr0v4=
-55,118,OnVwnCSa5B0IxLjKTYtimzb0d/M=,KV4pKjSLa5z5EVbohFeg7dnr0v4=
-56,118,OnVwnCSa5B0IxLjKTYtimzb0d/M=,KV4pKjSLa5z5EVbohFeg7dnr0v4=
-57,118,OnVwnCSa5B0IxLjKTYtimzb0d/M=,KV4pKjSLa5z5EVbohFeg7dnr0v4=
-58,118,OnVwnCSa5B0IxLjKTYtimzb0d/M=,KV4pKjSLa5z5EVbohFeg7dnr0v4=
-59,118,OnVwnCSa5B0IxLjKTYtimzb0d/M=,KV4pKjSLa5z5EVbohFeg7dnr0v4=
-60,118,OnVwnCSa5B0IxLjKTYtimzb0d/M=,KV4pKjSLa5z5EVbohFeg7dnr0v4=
-61,120,OnVwnCSa5B0IxLjKTYtimzb0d/M=,KV4pKjSLa5z5EVbohFeg7dnr0v4=
-62,118,OnVwnCSa5B0IxLjKTYtimzb0d/M=,KV4pKjSLa5z5EVbohFeg7dnr0v4=
-63,118,OnVwnCSa5B0IxLjKTYtimzb0d/M=,KV4pKjSLa5z5EVbohFeg7dnr0v4=
-55,114,OnVwnCSa5B0IxLjKTYtimzb0d/M=,KV4pKjSLa5z5EVbohFeg7dnr0v4=
-64,118,OnVwnCSa5B0IxLjKTYtimzb0d/M=,KV4pKjSLa5z5EVbohFeg7dnr0v4=
-56,112,OnVwnCSa5B0IxLjKTYtimzb0d/M=,KV4pKjSLa5z5EVbohFeg7dnr0v4=
-56,113,OnVwnCSa5B0IxLjKTYtimzb0d/M=,KV4pKjSLa5z5EVbohFeg7dnr0v4=
-50,117,OnVwnCSa5B0IxLjKTYtimzb0d/M=,KV4pKjSLa5z5EVbohFeg7dnr0v4=
-51,117,OnVwnCSa5B0IxLjKTYtimzb0d/M=,KV4pKjSLa5z5EVbohFeg7dnr0v4=
-52,117,OnVwnCSa5B0IxLjKTYtimzb0d/M=,KV4pKjSLa5z5EVbohFeg7dnr0v4=
-53,117,OnVwnCSa5B0IxLjKTYtimzb0d/M=,KV4pKjSLa5z5EVbohFeg7dnr0v4=
-54,117,OnVwnCSa5B0IxLjKTYtimzb0d/M=,KV4pKjSLa5z5EVbohFeg7dnr0v4=
-55,117,OnVwnCSa5B0IxLjKTYtimzb0d/M=,KV4pKjSLa5z5EVbohFeg7dnr0v4=
-56,117,OnVwnCSa5B0IxLjKTYtimzb0d/M=,KV4pKjSLa5z5EVbohFeg7dnr0v4=
-57,117,OnVwnCSa5B0IxLjKTYtimzb0d/M=,KV4pKjSLa5z5EVbohFeg7dnr0v4=
-58,117,OnVwnCSa5B0IxLjKTYtimzb0d/M=,KV4pKjSLa5z5EVbohFeg7dnr0v4=
-59,117,OnVwnCSa5B0IxLjKTYtimzb0d/M=,KV4pKjSLa5z5EVbohFeg7dnr0v4=
-60,117,OnVwnCSa5B0IxLjKTYtimzb0d/M=,KV4pKjSLa5z5EVbohFeg7dnr0v4=
-59,119,OnVwnCSa5B0IxLjKTYtimzb0d/M=,KV4pKjSLa5z5EVbohFeg7dnr0v4=
-62,117,OnVwnCSa5B0IxLjKTYtimzb0d/M=,KV4pKjSLa5z5EVbohFeg7dnr0v4=
-63,117,OnVwnCSa5B0IxLjKTYtimzb0d/M=,KV4pKjSLa5z5EVbohFeg7dnr0v4=
-56,114,OnVwnCSa5B0IxLjKTYtimzb0d/M=,KV4pKjSLa5z5EVbohFeg7dnr0v4=
-64,117,OnVwnCSa5B0IxLjKTYtimzb0d/M=,KV4pKjSLa5z5EVbohFeg7dnr0v4=
-57,112,OnVwnCSa5B0IxLjKTYtimzb0d/M=,KV4pKjSLa5z5EVbohFeg7dnr0v4=
-57,113,OnVwnCSa5B0IxLjKTYtimzb0d/M=,KV4pKjSLa5z5EVbohFeg7dnr0v4=
-50,116,OnVwnCSa5B0IxLjKTYtimzb0d/M=,KV4pKjSLa5z5EVbohFeg7dnr0v4=
-51,116,OnVwnCSa5B0IxLjKTYtimzb0d/M=,KV4pKjSLa5z5EVbohFeg7dnr0v4=
-52,116,OnVwnCSa5B0IxLjKTYtimzb0d/M=,KV4pKjSLa5z5EVbohFeg7dnr0v4=
-53,116,OnVwnCSa5B0IxLjKTYtimzb0d/M=,KV4pKjSLa5z5EVbohFeg7dnr0v4=
-54,116,OnVwnCSa5B0IxLjKTYtimzb0d/M=,KV4pKjSLa5z5EVbohFeg7dnr0v4=
-55,116,OnVwnCSa5B0IxLjKTYtimzb0d/M=,KV4pKjSLa5z5EVbohFeg7dnr0v4=
-56,116,OnVwnCSa5B0IxLjKTYtimzb0d/M=,KV4pKjSLa5z5EVbohFeg7dnr0v4=
-57,116,OnVwnCSa5B0IxLjKTYtimzb0d/M=,KV4pKjSLa5z5EVbohFeg7dnr0v4=
-58,116,OnVwnCSa5B0IxLjKTYtimzb0d/M=,KV4pKjSLa5z5EVbohFeg7dnr0v4=
-59,116,OnVwnCSa5B0IxLjKTYtimzb0d/M=,KV4pKjSLa5z5EVbohFeg7dnr0v4=
-58,121,OnVwnCSa5B0IxLjKTYtimzb0d/M=,KV4pKjSLa5z5EVbohFeg7dnr0v4=
-59,120,OnVwnCSa5B0IxLjKTYtimzb0d/M=,KV4pKjSLa5z5EVbohFeg7dnr0v4=
-61,118,OnVwnCSa5B0IxLjKTYtimzb0d/M=,KV4pKjSLa5z5EVbohFeg7dnr0v4=
-63,116,OnVwnCSa5B0IxLjKTYtimzb0d/M=,KV4pKjSLa5z5EVbohFeg7dnr0v4=
-57,114,OnVwnCSa5B0IxLjKTYtimzb0d/M=,KV4pKjSLa5z5EVbohFeg7dnr0v4=
-64,116,OnVwnCSa5B0IxLjKTYtimzb0d/M=,KV4pKjSLa5z5EVbohFeg7dnr0v4=
-58,112,OnVwnCSa5B0IxLjKTYtimzb0d/M=,KV4pKjSLa5z5EVbohFeg7dnr0v4=
-58,113,OnVwnCSa5B0IxLjKTYtimzb0d/M=,KV4pKjSLa5z5EVbohFeg7dnr0v4=
-50,115,OnVwnCSa5B0IxLjKTYtimzb0d/M=,KV4pKjSLa5z5EVbohFeg7dnr0v4=
-51,115,OnVwnCSa5B0IxLjKTYtimzb0d/M=,KV4pKjSLa5z5EVbohFeg7dnr0v4=
-52,115,OnVwnCSa5B0IxLjKTYtimzb0d/M=,KV4pKjSLa5z5EVbohFeg7dnr0v4=
-53,115,OnVwnCSa5B0IxLjKTYtimzb0d/M=,KV4pKjSLa5z5EVbohFeg7dnr0v4=
-54,115,OnVwnCSa5B0IxLjKTYtimzb0d/M=,KV4pKjSLa5z5EVbohFeg7dnr0v4=
-55,115,OnVwnCSa5B0IxLjKTYtimzb0d/M=,KV4pKjSLa5z5EVbohFeg7dnr0v4=
-56,115,OnVwnCSa5B0IxLjKTYtimzb0d/M=,KV4pKjSLa5z5EVbohFeg7dnr0v4=
-62,112,OnVwnCSa5B0IxLjKTYtimzb0d/M=,KV4pKjSLa5z5EVbohFeg7dnr0v4=
-61,112,OnVwnCSa5B0IxLjKTYtimzb0d/M=,KV4pKjSLa5z5EVbohFeg7dnr0v4=
-60,119,OnVwnCSa5B0IxLjKTYtimzb0d/M=,KV4pKjSLa5z5EVbohFeg7dnr0v4=
-58,122,OnVwnCSa5B0IxLjKTYtimzb0d/M=,KV4pKjSLa5z5EVbohFeg7dnr0v4=
-59,121,OnVwnCSa5B0IxLjKTYtimzb0d/M=,KV4pKjSLa5z5EVbohFeg7dnr0v4=
-62,116,OnVwnCSa5B0IxLjKTYtimzb0d/M=,KV4pKjSLa5z5EVbohFeg7dnr0v4=
-58,119,OnVwnCSa5B0IxLjKTYtimzb0d/M=,KV4pKjSLa5z5EVbohFeg7dnr0v4=
-61,116,OnVwnCSa5B0IxLjKTYtimzb0d/M=,KV4pKjSLa5z5EVbohFeg7dnr0v4=
-60,112,OnVwnCSa5B0IxLjKTYtimzb0d/M=,KV4pKjSLa5z5EVbohFeg7dnr0v4=
-61,117,OnVwnCSa5B0IxLjKTYtimzb0d/M=,KV4pKjSLa5z5EVbohFeg7dnr0v4=
-58,120,OnVwnCSa5B0IxLjKTYtimzb0d/M=,KV4pKjSLa5z5EVbohFeg7dnr0v4=
-58,123,OnVwnCSa5B0IxLjKTYtimzb0d/M=,KV4pKjSLa5z5EVbohFeg7dnr0v4=
-60,116,OnVwnCSa5B0IxLjKTYtimzb0d/M=,KV4pKjSLa5z5EVbohFeg7dnr0v4=
-49,127,OnVwnCSa5B0IxLjKTYtimzb0d/M=,KV4pKjSLa5z5EVbohFeg7dnr0v4=
-49,112,OnVwnCSa5B0IxLjKTYtimzb0d/M=,KV4pKjSLa5z5EVbohFeg7dnr0v4=
-54,126,OnVwnCSa5B0IxLjKTYtimzb0d/M=,KV4pKjSLa5z5EVbohFeg7dnr0v4=
-55,127,OnVwnCSa5B0IxLjKTYtimzb0d/M=,KV4pKjSLa5z5EVbohFeg7dnr0v4=
-56,126,OnVwnCSa5B0IxLjKTYtimzb0d/M=,KV4pKjSLa5z5EVbohFeg7dnr0v4=
-54,127,OnVwnCSa5B0IxLjKTYtimzb0d/M=,KV4pKjSLa5z5EVbohFeg7dnr0v4=
-49,115,OnVwnCSa5B0IxLjKTYtimzb0d/M=,KV4pKjSLa5z5EVbohFeg7dnr0v4=
-53,125,OnVwnCSa5B0IxLjKTYtimzb0d/M=,KV4pKjSLa5z5EVbohFeg7dnr0v4=
-55,125,OnVwnCSa5B0IxLjKTYtimzb0d/M=,KV4pKjSLa5z5EVbohFeg7dnr0v4=
-55,126,OnVwnCSa5B0IxLjKTYtimzb0d/M=,KV4pKjSLa5z5EVbohFeg7dnr0v4=
-49,124,OnVwnCSa5B0IxLjKTYtimzb0d/M=,KV4pKjSLa5z5EVbohFeg7dnr0v4=
-50,125,OnVwnCSa5B0IxLjKTYtimzb0d/M=,KV4pKjSLa5z5EVbohFeg7dnr0v4=
-49,120,OnVwnCSa5B0IxLjKTYtimzb0d/M=,KV4pKjSLa5z5EVbohFeg7dnr0v4=
-49,116,OnVwnCSa5B0IxLjKTYtimzb0d/M=,KV4pKjSLa5z5EVbohFeg7dnr0v4=
-51,126,OnVwnCSa5B0IxLjKTYtimzb0d/M=,KV4pKjSLa5z5EVbohFeg7dnr0v4=
-49,125,OnVwnCSa5B0IxLjKTYtimzb0d/M=,KV4pKjSLa5z5EVbohFeg7dnr0v4=
-51,127,OnVwnCSa5B0IxLjKTYtimzb0d/M=,KV4pKjSLa5z5EVbohFeg7dnr0v4=
-51,124,OnVwnCSa5B0IxLjKTYtimzb0d/M=,KV4pKjSLa5z5EVbohFeg7dnr0v4=
-49,119,OnVwnCSa5B0IxLjKTYtimzb0d/M=,KV4pKjSLa5z5EVbohFeg7dnr0v4=
-50,121,OnVwnCSa5B0IxLjKTYtimzb0d/M=,KV4pKjSLa5z5EVbohFeg7dnr0v4=
-50,124,OnVwnCSa5B0IxLjKTYtimzb0d/M=,KV4pKjSLa5z5EVbohFeg7dnr0v4=
-49,121,OnVwnCSa5B0IxLjKTYtimzb0d/M=,KV4pKjSLa5z5EVbohFeg7dnr0v4=
-55,124,OnVwnCSa5B0IxLjKTYtimzb0d/M=,KV4pKjSLa5z5EVbohFeg7dnr0v4=
-49,117,OnVwnCSa5B0IxLjKTYtimzb0d/M=,KV4pKjSLa5z5EVbohFeg7dnr0v4=
-49,114,OnVwnCSa5B0IxLjKTYtimzb0d/M=,KV4pKjSLa5z5EVbohFeg7dnr0v4=
-51,123,OnVwnCSa5B0IxLjKTYtimzb0d/M=,KV4pKjSLa5z5EVbohFeg7dnr0v4=
-55,123,OnVwnCSa5B0IxLjKTYtimzb0d/M=,KV4pKjSLa5z5EVbohFeg7dnr0v4=
-49,118,OnVwnCSa5B0IxLjKTYtimzb0d/M=,KV4pKjSLa5z5EVbohFeg7dnr0v4=
-54,124,OnVwnCSa5B0IxLjKTYtimzb0d/M=,KV4pKjSLa5z5EVbohFeg7dnr0v4=
-49,122,OnVwnCSa5B0IxLjKTYtimzb0d/M=,KV4pKjSLa5z5EVbohFeg7dnr0v4=
-56,123,OnVwnCSa5B0IxLjKTYtimzb0d/M=,KV4pKjSLa5z5EVbohFeg7dnr0v4=
-49,123,OnVwnCSa5B0IxLjKTYtimzb0d/M=,KV4pKjSLa5z5EVbohFeg7dnr0v4=
-50,114,OnVwnCSa5B0IxLjKTYtimzb0d/M=,KV4pKjSLa5z5EVbohFeg7dnr0v4=
-50,122,OnVwnCSa5B0IxLjKTYtimzb0d/M=,KV4pKjSLa5z5EVbohFeg7dnr0v4=
-50,123,OnVwnCSa5B0IxLjKTYtimzb0d/M=,KV4pKjSLa5z5EVbohFeg7dnr0v4=
-50,113,OnVwnCSa5B0IxLjKTYtimzb0d/M=,KV4pKjSLa5z5EVbohFeg7dnr0v4=
-51,122,OnVwnCSa5B0IxLjKTYtimzb0d/M=,KV4pKjSLa5z5EVbohFeg7dnr0v4=
-49,113,OnVwnCSa5B0IxLjKTYtimzb0d/M=,KV4pKjSLa5z5EVbohFeg7dnr0v4=
-50,126,OnVwnCSa5B0IxLjKTYtimzb0d/M=,KV4pKjSLa5z5EVbohFeg7dnr0v4=
-50,127,OnVwnCSa5B0IxLjKTYtimzb0d/M=,KV4pKjSLa5z5EVbohFeg7dnr0v4=
-50,112,OnVwnCSa5B0IxLjKTYtimzb0d/M=,KV4pKjSLa5z5EVbohFeg7dnr0v4=
-49,126,OnVwnCSa5B0IxLjKTYtimzb0d/M=,KV4pKjSLa5z5EVbohFeg7dnr0v4=
-43,112,fQfQNnxrvj9P/V8yStW8BSOL2CM=,SND2plwiIFEvUHY9XADRrkVlkkg=
-40,115,fQfQNnxrvj9P/V8yStW8BSOL2CM=,SND2plwiIFEvUHY9XADRrkVlkkg=
-39,115,fQfQNnxrvj9P/V8yStW8BSOL2CM=,SND2plwiIFEvUHY9XADRrkVlkkg=
-38,115,fQfQNnxrvj9P/V8yStW8BSOL2CM=,SND2plwiIFEvUHY9XADRrkVlkkg=
-37,115,fQfQNnxrvj9P/V8yStW8BSOL2CM=,SND2plwiIFEvUHY9XADRrkVlkkg=
-35,115,fQfQNnxrvj9P/V8yStW8BSOL2CM=,SND2plwiIFEvUHY9XADRrkVlkkg=
-36,115,fQfQNnxrvj9P/V8yStW8BSOL2CM=,SND2plwiIFEvUHY9XADRrkVlkkg=
-34,115,fQfQNnxrvj9P/V8yStW8BSOL2CM=,SND2plwiIFEvUHY9XADRrkVlkkg=
-46,115,fQfQNnxrvj9P/V8yStW8BSOL2CM=,SND2plwiIFEvUHY9XADRrkVlkkg=
-45,115,fQfQNnxrvj9P/V8yStW8BSOL2CM=,SND2plwiIFEvUHY9XADRrkVlkkg=
-42,114,t+V/5bBwu4T4q38AgDjEOvO2ln0=,SND2plwiIFEvUHY9XADRrkVlkkg=
-44,114,t+V/5bBwu4T4q38AgDjEOvO2ln0=,SND2plwiIFEvUHY9XADRrkVlkkg=
-43,113,t+V/5bBwu4T4q38AgDjEOvO2ln0=,SND2plwiIFEvUHY9XADRrkVlkkg=
-38,127,t+V/5bBwu4T4q38AgDjEOvO2ln0=,SND2plwiIFEvUHY9XADRrkVlkkg=
-43,114,t+V/5bBwu4T4q38AgDjEOvO2ln0=,SND2plwiIFEvUHY9XADRrkVlkkg=
-37,127,t+V/5bBwu4T4q38AgDjEOvO2ln0=,SND2plwiIFEvUHY9XADRrkVlkkg=
-44,115,t+V/5bBwu4T4q38AgDjEOvO2ln0=,SND2plwiIFEvUHY9XADRrkVlkkg=
-44,113,t+V/5bBwu4T4q38AgDjEOvO2ln0=,SND2plwiIFEvUHY9XADRrkVlkkg=
-33,127,t+V/5bBwu4T4q38AgDjEOvO2ln0=,SND2plwiIFEvUHY9XADRrkVlkkg=
-36,127,t+V/5bBwu4T4q38AgDjEOvO2ln0=,SND2plwiIFEvUHY9XADRrkVlkkg=
-34,127,t+V/5bBwu4T4q38AgDjEOvO2ln0=,SND2plwiIFEvUHY9XADRrkVlkkg=
-35,127,t+V/5bBwu4T4q38AgDjEOvO2ln0=,SND2plwiIFEvUHY9XADRrkVlkkg=
-46,127,t+V/5bBwu4T4q38AgDjEOvO2ln0=,SND2plwiIFEvUHY9XADRrkVlkkg=
-43,127,t+V/5bBwu4T4q38AgDjEOvO2ln0=,SND2plwiIFEvUHY9XADRrkVlkkg=
-43,115,t+V/5bBwu4T4q38AgDjEOvO2ln0=,SND2plwiIFEvUHY9XADRrkVlkkg=
-41,115,t+V/5bBwu4T4q38AgDjEOvO2ln0=,SND2plwiIFEvUHY9XADRrkVlkkg=
-45,114,t+V/5bBwu4T4q38AgDjEOvO2ln0=,SND2plwiIFEvUHY9XADRrkVlkkg=
-47,115,t+V/5bBwu4T4q38AgDjEOvO2ln0=,SND2plwiIFEvUHY9XADRrkVlkkg=
-42,113,t+V/5bBwu4T4q38AgDjEOvO2ln0=,SND2plwiIFEvUHY9XADRrkVlkkg=
-33,115,t+V/5bBwu4T4q38AgDjEOvO2ln0=,SND2plwiIFEvUHY9XADRrkVlkkg=
-41,114,t+V/5bBwu4T4q38AgDjEOvO2ln0=,SND2plwiIFEvUHY9XADRrkVlkkg=
-42,112,t+V/5bBwu4T4q38AgDjEOvO2ln0=,SND2plwiIFEvUHY9XADRrkVlkkg=
-44,112,t+V/5bBwu4T4q38AgDjEOvO2ln0=,SND2plwiIFEvUHY9XADRrkVlkkg=
-42,115,t+V/5bBwu4T4q38AgDjEOvO2ln0=,SND2plwiIFEvUHY9XADRrkVlkkg=
-48,116,t+V/5bBwu4T4q38AgDjEOvO2ln0=,SND2plwiIFEvUHY9XADRrkVlkkg=
-47,116,t+V/5bBwu4T4q38AgDjEOvO2ln0=,SND2plwiIFEvUHY9XADRrkVlkkg=
-45,112,t+V/5bBwu4T4q38AgDjEOvO2ln0=,SND2plwiIFEvUHY9XADRrkVlkkg=
-37,126,t+V/5bBwu4T4q38AgDjEOvO2ln0=,SND2plwiIFEvUHY9XADRrkVlkkg=
-38,126,t+V/5bBwu4T4q38AgDjEOvO2ln0=,SND2plwiIFEvUHY9XADRrkVlkkg=
-46,116,t+V/5bBwu4T4q38AgDjEOvO2ln0=,SND2plwiIFEvUHY9XADRrkVlkkg=
-40,126,t+V/5bBwu4T4q38AgDjEOvO2ln0=,SND2plwiIFEvUHY9XADRrkVlkkg=
-35,126,t+V/5bBwu4T4q38AgDjEOvO2ln0=,SND2plwiIFEvUHY9XADRrkVlkkg=
-39,127,t+V/5bBwu4T4q38AgDjEOvO2ln0=,SND2plwiIFEvUHY9XADRrkVlkkg=
-34,126,t+V/5bBwu4T4q38AgDjEOvO2ln0=,SND2plwiIFEvUHY9XADRrkVlkkg=
-48,127,t+V/5bBwu4T4q38AgDjEOvO2ln0=,SND2plwiIFEvUHY9XADRrkVlkkg=
-42,127,t+V/5bBwu4T4q38AgDjEOvO2ln0=,SND2plwiIFEvUHY9XADRrkVlkkg=
-45,127,t+V/5bBwu4T4q38AgDjEOvO2ln0=,SND2plwiIFEvUHY9XADRrkVlkkg=
-36,126,t+V/5bBwu4T4q38AgDjEOvO2ln0=,SND2plwiIFEvUHY9XADRrkVlkkg=
-46,114,t+V/5bBwu4T4q38AgDjEOvO2ln0=,SND2plwiIFEvUHY9XADRrkVlkkg=
-45,116,t+V/5bBwu4T4q38AgDjEOvO2ln0=,SND2plwiIFEvUHY9XADRrkVlkkg=
-44,127,t+V/5bBwu4T4q38AgDjEOvO2ln0=,SND2plwiIFEvUHY9XADRrkVlkkg=
-45,126,t+V/5bBwu4T4q38AgDjEOvO2ln0=,SND2plwiIFEvUHY9XADRrkVlkkg=
-46,126,t+V/5bBwu4T4q38AgDjEOvO2ln0=,SND2plwiIFEvUHY9XADRrkVlkkg=
-36,125,t+V/5bBwu4T4q38AgDjEOvO2ln0=,SND2plwiIFEvUHY9XADRrkVlkkg=
-37,125,t+V/5bBwu4T4q38AgDjEOvO2ln0=,SND2plwiIFEvUHY9XADRrkVlkkg=
-38,125,t+V/5bBwu4T4q38AgDjEOvO2ln0=,SND2plwiIFEvUHY9XADRrkVlkkg=
-39,125,t+V/5bBwu4T4q38AgDjEOvO2ln0=,SND2plwiIFEvUHY9XADRrkVlkkg=
-40,125,t+V/5bBwu4T4q38AgDjEOvO2ln0=,SND2plwiIFEvUHY9XADRrkVlkkg=
-45,113,t+V/5bBwu4T4q38AgDjEOvO2ln0=,SND2plwiIFEvUHY9XADRrkVlkkg=
-35,125,t+V/5bBwu4T4q38AgDjEOvO2ln0=,SND2plwiIFEvUHY9XADRrkVlkkg=
-44,116,t+V/5bBwu4T4q38AgDjEOvO2ln0=,SND2plwiIFEvUHY9XADRrkVlkkg=
-39,126,t+V/5bBwu4T4q38AgDjEOvO2ln0=,SND2plwiIFEvUHY9XADRrkVlkkg=
-47,112,t+V/5bBwu4T4q38AgDjEOvO2ln0=,SND2plwiIFEvUHY9XADRrkVlkkg=
-40,127,t+V/5bBwu4T4q38AgDjEOvO2ln0=,SND2plwiIFEvUHY9XADRrkVlkkg=
-47,127,t+V/5bBwu4T4q38AgDjEOvO2ln0=,SND2plwiIFEvUHY9XADRrkVlkkg=
-43,116,t+V/5bBwu4T4q38AgDjEOvO2ln0=,SND2plwiIFEvUHY9XADRrkVlkkg=
-41,125,t+V/5bBwu4T4q38AgDjEOvO2ln0=,SND2plwiIFEvUHY9XADRrkVlkkg=
-34,125,t+V/5bBwu4T4q38AgDjEOvO2ln0=,SND2plwiIFEvUHY9XADRrkVlkkg=
-33,126,t+V/5bBwu4T4q38AgDjEOvO2ln0=,SND2plwiIFEvUHY9XADRrkVlkkg=
-33,125,t+V/5bBwu4T4q38AgDjEOvO2ln0=,SND2plwiIFEvUHY9XADRrkVlkkg=
-46,113,t+V/5bBwu4T4q38AgDjEOvO2ln0=,SND2plwiIFEvUHY9XADRrkVlkkg=
-47,126,t+V/5bBwu4T4q38AgDjEOvO2ln0=,SND2plwiIFEvUHY9XADRrkVlkkg=
-36,124,t+V/5bBwu4T4q38AgDjEOvO2ln0=,SND2plwiIFEvUHY9XADRrkVlkkg=
-37,124,t+V/5bBwu4T4q38AgDjEOvO2ln0=,SND2plwiIFEvUHY9XADRrkVlkkg=
-39,124,t+V/5bBwu4T4q38AgDjEOvO2ln0=,SND2plwiIFEvUHY9XADRrkVlkkg=
-38,124,t+V/5bBwu4T4q38AgDjEOvO2ln0=,SND2plwiIFEvUHY9XADRrkVlkkg=
-40,124,t+V/5bBwu4T4q38AgDjEOvO2ln0=,SND2plwiIFEvUHY9XADRrkVlkkg=
-41,124,t+V/5bBwu4T4q38AgDjEOvO2ln0=,SND2plwiIFEvUHY9XADRrkVlkkg=
-42,124,t+V/5bBwu4T4q38AgDjEOvO2ln0=,SND2plwiIFEvUHY9XADRrkVlkkg=
-43,124,t+V/5bBwu4T4q38AgDjEOvO2ln0=,SND2plwiIFEvUHY9XADRrkVlkkg=
-43,126,t+V/5bBwu4T4q38AgDjEOvO2ln0=,SND2plwiIFEvUHY9XADRrkVlkkg=
-44,125,t+V/5bBwu4T4q38AgDjEOvO2ln0=,SND2plwiIFEvUHY9XADRrkVlkkg=
-45,125,t+V/5bBwu4T4q38AgDjEOvO2ln0=,SND2plwiIFEvUHY9XADRrkVlkkg=
-47,114,t+V/5bBwu4T4q38AgDjEOvO2ln0=,SND2plwiIFEvUHY9XADRrkVlkkg=
-47,125,t+V/5bBwu4T4q38AgDjEOvO2ln0=,SND2plwiIFEvUHY9XADRrkVlkkg=
-42,116,t+V/5bBwu4T4q38AgDjEOvO2ln0=,SND2plwiIFEvUHY9XADRrkVlkkg=
-41,116,t+V/5bBwu4T4q38AgDjEOvO2ln0=,SND2plwiIFEvUHY9XADRrkVlkkg=
-40,116,t+V/5bBwu4T4q38AgDjEOvO2ln0=,SND2plwiIFEvUHY9XADRrkVlkkg=
-39,116,t+V/5bBwu4T4q38AgDjEOvO2ln0=,SND2plwiIFEvUHY9XADRrkVlkkg=
-38,116,t+V/5bBwu4T4q38AgDjEOvO2ln0=,SND2plwiIFEvUHY9XADRrkVlkkg=
-37,116,t+V/5bBwu4T4q38AgDjEOvO2ln0=,SND2plwiIFEvUHY9XADRrkVlkkg=
-36,116,t+V/5bBwu4T4q38AgDjEOvO2ln0=,SND2plwiIFEvUHY9XADRrkVlkkg=
-35,116,t+V/5bBwu4T4q38AgDjEOvO2ln0=,SND2plwiIFEvUHY9XADRrkVlkkg=
-34,116,t+V/5bBwu4T4q38AgDjEOvO2ln0=,SND2plwiIFEvUHY9XADRrkVlkkg=
-47,124,t+V/5bBwu4T4q38AgDjEOvO2ln0=,SND2plwiIFEvUHY9XADRrkVlkkg=
-35,124,t+V/5bBwu4T4q38AgDjEOvO2ln0=,SND2plwiIFEvUHY9XADRrkVlkkg=
-33,112,t+V/5bBwu4T4q38AgDjEOvO2ln0=,SND2plwiIFEvUHY9XADRrkVlkkg=
-46,124,t+V/5bBwu4T4q38AgDjEOvO2ln0=,SND2plwiIFEvUHY9XADRrkVlkkg=
-45,124,t+V/5bBwu4T4q38AgDjEOvO2ln0=,SND2plwiIFEvUHY9XADRrkVlkkg=
-34,112,t+V/5bBwu4T4q38AgDjEOvO2ln0=,SND2plwiIFEvUHY9XADRrkVlkkg=
-47,113,t+V/5bBwu4T4q38AgDjEOvO2ln0=,SND2plwiIFEvUHY9XADRrkVlkkg=
-33,114,t+V/5bBwu4T4q38AgDjEOvO2ln0=,SND2plwiIFEvUHY9XADRrkVlkkg=
-33,113,t+V/5bBwu4T4q38AgDjEOvO2ln0=,SND2plwiIFEvUHY9XADRrkVlkkg=
-43,125,t+V/5bBwu4T4q38AgDjEOvO2ln0=,SND2plwiIFEvUHY9XADRrkVlkkg=
-34,113,t+V/5bBwu4T4q38AgDjEOvO2ln0=,SND2plwiIFEvUHY9XADRrkVlkkg=
-34,123,t+V/5bBwu4T4q38AgDjEOvO2ln0=,SND2plwiIFEvUHY9XADRrkVlkkg=
-35,123,t+V/5bBwu4T4q38AgDjEOvO2ln0=,SND2plwiIFEvUHY9XADRrkVlkkg=
-36,123,t+V/5bBwu4T4q38AgDjEOvO2ln0=,SND2plwiIFEvUHY9XADRrkVlkkg=
-37,123,t+V/5bBwu4T4q38AgDjEOvO2ln0=,SND2plwiIFEvUHY9XADRrkVlkkg=
-38,123,t+V/5bBwu4T4q38AgDjEOvO2ln0=,SND2plwiIFEvUHY9XADRrkVlkkg=
-39,123,t+V/5bBwu4T4q38AgDjEOvO2ln0=,SND2plwiIFEvUHY9XADRrkVlkkg=
-40,123,t+V/5bBwu4T4q38AgDjEOvO2ln0=,SND2plwiIFEvUHY9XADRrkVlkkg=
-41,123,t+V/5bBwu4T4q38AgDjEOvO2ln0=,SND2plwiIFEvUHY9XADRrkVlkkg=
-42,123,t+V/5bBwu4T4q38AgDjEOvO2ln0=,SND2plwiIFEvUHY9XADRrkVlkkg=
-46,125,t+V/5bBwu4T4q38AgDjEOvO2ln0=,SND2plwiIFEvUHY9XADRrkVlkkg=
-44,126,t+V/5bBwu4T4q38AgDjEOvO2ln0=,SND2plwiIFEvUHY9XADRrkVlkkg=
-48,124,t+V/5bBwu4T4q38AgDjEOvO2ln0=,SND2plwiIFEvUHY9XADRrkVlkkg=
-41,113,t+V/5bBwu4T4q38AgDjEOvO2ln0=,SND2plwiIFEvUHY9XADRrkVlkkg=
-46,123,t+V/5bBwu4T4q38AgDjEOvO2ln0=,SND2plwiIFEvUHY9XADRrkVlkkg=
-34,114,t+V/5bBwu4T4q38AgDjEOvO2ln0=,SND2plwiIFEvUHY9XADRrkVlkkg=
-48,115,t+V/5bBwu4T4q38AgDjEOvO2ln0=,SND2plwiIFEvUHY9XADRrkVlkkg=
-35,112,t+V/5bBwu4T4q38AgDjEOvO2ln0=,SND2plwiIFEvUHY9XADRrkVlkkg=
-48,114,t+V/5bBwu4T4q38AgDjEOvO2ln0=,SND2plwiIFEvUHY9XADRrkVlkkg=
-35,113,t+V/5bBwu4T4q38AgDjEOvO2ln0=,SND2plwiIFEvUHY9XADRrkVlkkg=
-33,116,t+V/5bBwu4T4q38AgDjEOvO2ln0=,SND2plwiIFEvUHY9XADRrkVlkkg=
-40,114,t+V/5bBwu4T4q38AgDjEOvO2ln0=,SND2plwiIFEvUHY9XADRrkVlkkg=
-41,112,t+V/5bBwu4T4q38AgDjEOvO2ln0=,SND2plwiIFEvUHY9XADRrkVlkkg=
-48,117,t+V/5bBwu4T4q38AgDjEOvO2ln0=,SND2plwiIFEvUHY9XADRrkVlkkg=
-44,123,t+V/5bBwu4T4q38AgDjEOvO2ln0=,SND2plwiIFEvUHY9XADRrkVlkkg=
-47,117,t+V/5bBwu4T4q38AgDjEOvO2ln0=,SND2plwiIFEvUHY9XADRrkVlkkg=
-46,117,t+V/5bBwu4T4q38AgDjEOvO2ln0=,SND2plwiIFEvUHY9XADRrkVlkkg=
-45,123,t+V/5bBwu4T4q38AgDjEOvO2ln0=,SND2plwiIFEvUHY9XADRrkVlkkg=
-35,122,t+V/5bBwu4T4q38AgDjEOvO2ln0=,SND2plwiIFEvUHY9XADRrkVlkkg=
-36,122,t+V/5bBwu4T4q38AgDjEOvO2ln0=,SND2plwiIFEvUHY9XADRrkVlkkg=
-37,122,t+V/5bBwu4T4q38AgDjEOvO2ln0=,SND2plwiIFEvUHY9XADRrkVlkkg=
-38,122,t+V/5bBwu4T4q38AgDjEOvO2ln0=,SND2plwiIFEvUHY9XADRrkVlkkg=
-39,122,t+V/5bBwu4T4q38AgDjEOvO2ln0=,SND2plwiIFEvUHY9XADRrkVlkkg=
-40,122,t+V/5bBwu4T4q38AgDjEOvO2ln0=,SND2plwiIFEvUHY9XADRrkVlkkg=
-41,122,t+V/5bBwu4T4q38AgDjEOvO2ln0=,SND2plwiIFEvUHY9XADRrkVlkkg=
-42,122,t+V/5bBwu4T4q38AgDjEOvO2ln0=,SND2plwiIFEvUHY9XADRrkVlkkg=
-43,122,t+V/5bBwu4T4q38AgDjEOvO2ln0=,SND2plwiIFEvUHY9XADRrkVlkkg=
-48,113,t+V/5bBwu4T4q38AgDjEOvO2ln0=,SND2plwiIFEvUHY9XADRrkVlkkg=
-41,126,t+V/5bBwu4T4q38AgDjEOvO2ln0=,SND2plwiIFEvUHY9XADRrkVlkkg=
-46,122,t+V/5bBwu4T4q38AgDjEOvO2ln0=,SND2plwiIFEvUHY9XADRrkVlkkg=
-47,122,t+V/5bBwu4T4q38AgDjEOvO2ln0=,SND2plwiIFEvUHY9XADRrkVlkkg=
-36,112,t+V/5bBwu4T4q38AgDjEOvO2ln0=,SND2plwiIFEvUHY9XADRrkVlkkg=
-35,114,t+V/5bBwu4T4q38AgDjEOvO2ln0=,SND2plwiIFEvUHY9XADRrkVlkkg=
-33,124,t+V/5bBwu4T4q38AgDjEOvO2ln0=,SND2plwiIFEvUHY9XADRrkVlkkg=
-34,122,t+V/5bBwu4T4q38AgDjEOvO2ln0=,SND2plwiIFEvUHY9XADRrkVlkkg=
-36,113,t+V/5bBwu4T4q38AgDjEOvO2ln0=,SND2plwiIFEvUHY9XADRrkVlkkg=
-33,123,t+V/5bBwu4T4q38AgDjEOvO2ln0=,SND2plwiIFEvUHY9XADRrkVlkkg=
-35,121,t+V/5bBwu4T4q38AgDjEOvO2ln0=,SND2plwiIFEvUHY9XADRrkVlkkg=
-36,121,t+V/5bBwu4T4q38AgDjEOvO2ln0=,SND2plwiIFEvUHY9XADRrkVlkkg=
-37,121,t+V/5bBwu4T4q38AgDjEOvO2ln0=,SND2plwiIFEvUHY9XADRrkVlkkg=
-38,121,t+V/5bBwu4T4q38AgDjEOvO2ln0=,SND2plwiIFEvUHY9XADRrkVlkkg=
-39,121,t+V/5bBwu4T4q38AgDjEOvO2ln0=,SND2plwiIFEvUHY9XADRrkVlkkg=
-40,121,t+V/5bBwu4T4q38AgDjEOvO2ln0=,SND2plwiIFEvUHY9XADRrkVlkkg=
-41,121,t+V/5bBwu4T4q38AgDjEOvO2ln0=,SND2plwiIFEvUHY9XADRrkVlkkg=
-42,121,t+V/5bBwu4T4q38AgDjEOvO2ln0=,SND2plwiIFEvUHY9XADRrkVlkkg=
-48,125,t+V/5bBwu4T4q38AgDjEOvO2ln0=,SND2plwiIFEvUHY9XADRrkVlkkg=
-48,112,t+V/5bBwu4T4q38AgDjEOvO2ln0=,SND2plwiIFEvUHY9XADRrkVlkkg=
-48,122,t+V/5bBwu4T4q38AgDjEOvO2ln0=,SND2plwiIFEvUHY9XADRrkVlkkg=
-46,121,t+V/5bBwu4T4q38AgDjEOvO2ln0=,SND2plwiIFEvUHY9XADRrkVlkkg=
-34,121,t+V/5bBwu4T4q38AgDjEOvO2ln0=,SND2plwiIFEvUHY9XADRrkVlkkg=
-37,112,t+V/5bBwu4T4q38AgDjEOvO2ln0=,SND2plwiIFEvUHY9XADRrkVlkkg=
-45,122,t+V/5bBwu4T4q38AgDjEOvO2ln0=,SND2plwiIFEvUHY9XADRrkVlkkg=
-36,114,t+V/5bBwu4T4q38AgDjEOvO2ln0=,SND2plwiIFEvUHY9XADRrkVlkkg=
-48,123,t+V/5bBwu4T4q38AgDjEOvO2ln0=,SND2plwiIFEvUHY9XADRrkVlkkg=
-37,113,t+V/5bBwu4T4q38AgDjEOvO2ln0=,SND2plwiIFEvUHY9XADRrkVlkkg=
-47,121,t+V/5bBwu4T4q38AgDjEOvO2ln0=,SND2plwiIFEvUHY9XADRrkVlkkg=
-35,120,t+V/5bBwu4T4q38AgDjEOvO2ln0=,SND2plwiIFEvUHY9XADRrkVlkkg=
-36,120,t+V/5bBwu4T4q38AgDjEOvO2ln0=,SND2plwiIFEvUHY9XADRrkVlkkg=
-37,120,t+V/5bBwu4T4q38AgDjEOvO2ln0=,SND2plwiIFEvUHY9XADRrkVlkkg=
-38,120,t+V/5bBwu4T4q38AgDjEOvO2ln0=,SND2plwiIFEvUHY9XADRrkVlkkg=
-39,120,t+V/5bBwu4T4q38AgDjEOvO2ln0=,SND2plwiIFEvUHY9XADRrkVlkkg=
-40,120,t+V/5bBwu4T4q38AgDjEOvO2ln0=,SND2plwiIFEvUHY9XADRrkVlkkg=
-41,120,t+V/5bBwu4T4q38AgDjEOvO2ln0=,SND2plwiIFEvUHY9XADRrkVlkkg=
-42,120,t+V/5bBwu4T4q38AgDjEOvO2ln0=,SND2plwiIFEvUHY9XADRrkVlkkg=
-43,120,t+V/5bBwu4T4q38AgDjEOvO2ln0=,SND2plwiIFEvUHY9XADRrkVlkkg=
-48,126,t+V/5bBwu4T4q38AgDjEOvO2ln0=,SND2plwiIFEvUHY9XADRrkVlkkg=
-44,122,t+V/5bBwu4T4q38AgDjEOvO2ln0=,SND2plwiIFEvUHY9XADRrkVlkkg=
-48,121,t+V/5bBwu4T4q38AgDjEOvO2ln0=,SND2plwiIFEvUHY9XADRrkVlkkg=
-47,123,t+V/5bBwu4T4q38AgDjEOvO2ln0=,SND2plwiIFEvUHY9XADRrkVlkkg=
-48,120,t+V/5bBwu4T4q38AgDjEOvO2ln0=,SND2plwiIFEvUHY9XADRrkVlkkg=
-38,112,t+V/5bBwu4T4q38AgDjEOvO2ln0=,SND2plwiIFEvUHY9XADRrkVlkkg=
-37,114,t+V/5bBwu4T4q38AgDjEOvO2ln0=,SND2plwiIFEvUHY9XADRrkVlkkg=
-33,119,t+V/5bBwu4T4q38AgDjEOvO2ln0=,SND2plwiIFEvUHY9XADRrkVlkkg=
-38,113,t+V/5bBwu4T4q38AgDjEOvO2ln0=,SND2plwiIFEvUHY9XADRrkVlkkg=
-34,119,t+V/5bBwu4T4q38AgDjEOvO2ln0=,SND2plwiIFEvUHY9XADRrkVlkkg=
-35,119,t+V/5bBwu4T4q38AgDjEOvO2ln0=,SND2plwiIFEvUHY9XADRrkVlkkg=
-36,119,t+V/5bBwu4T4q38AgDjEOvO2ln0=,SND2plwiIFEvUHY9XADRrkVlkkg=
-37,119,t+V/5bBwu4T4q38AgDjEOvO2ln0=,SND2plwiIFEvUHY9XADRrkVlkkg=
-38,119,t+V/5bBwu4T4q38AgDjEOvO2ln0=,SND2plwiIFEvUHY9XADRrkVlkkg=
-39,119,t+V/5bBwu4T4q38AgDjEOvO2ln0=,SND2plwiIFEvUHY9XADRrkVlkkg=
-40,119,t+V/5bBwu4T4q38AgDjEOvO2ln0=,SND2plwiIFEvUHY9XADRrkVlkkg=
-41,119,t+V/5bBwu4T4q38AgDjEOvO2ln0=,SND2plwiIFEvUHY9XADRrkVlkkg=
-43,123,t+V/5bBwu4T4q38AgDjEOvO2ln0=,SND2plwiIFEvUHY9XADRrkVlkkg=
-45,117,t+V/5bBwu4T4q38AgDjEOvO2ln0=,SND2plwiIFEvUHY9XADRrkVlkkg=
-33,122,t+V/5bBwu4T4q38AgDjEOvO2ln0=,SND2plwiIFEvUHY9XADRrkVlkkg=
-45,121,t+V/5bBwu4T4q38AgDjEOvO2ln0=,SND2plwiIFEvUHY9XADRrkVlkkg=
-44,121,t+V/5bBwu4T4q38AgDjEOvO2ln0=,SND2plwiIFEvUHY9XADRrkVlkkg=
-46,120,t+V/5bBwu4T4q38AgDjEOvO2ln0=,SND2plwiIFEvUHY9XADRrkVlkkg=
-44,117,t+V/5bBwu4T4q38AgDjEOvO2ln0=,SND2plwiIFEvUHY9XADRrkVlkkg=
-43,121,t+V/5bBwu4T4q38AgDjEOvO2ln0=,SND2plwiIFEvUHY9XADRrkVlkkg=
-46,119,t+V/5bBwu4T4q38AgDjEOvO2ln0=,SND2plwiIFEvUHY9XADRrkVlkkg=
-39,112,t+V/5bBwu4T4q38AgDjEOvO2ln0=,SND2plwiIFEvUHY9XADRrkVlkkg=
-38,114,t+V/5bBwu4T4q38AgDjEOvO2ln0=,SND2plwiIFEvUHY9XADRrkVlkkg=
-33,118,t+V/5bBwu4T4q38AgDjEOvO2ln0=,SND2plwiIFEvUHY9XADRrkVlkkg=
-39,113,t+V/5bBwu4T4q38AgDjEOvO2ln0=,SND2plwiIFEvUHY9XADRrkVlkkg=
-34,118,t+V/5bBwu4T4q38AgDjEOvO2ln0=,SND2plwiIFEvUHY9XADRrkVlkkg=
-35,118,t+V/5bBwu4T4q38AgDjEOvO2ln0=,SND2plwiIFEvUHY9XADRrkVlkkg=
-36,118,t+V/5bBwu4T4q38AgDjEOvO2ln0=,SND2plwiIFEvUHY9XADRrkVlkkg=
-37,118,t+V/5bBwu4T4q38AgDjEOvO2ln0=,SND2plwiIFEvUHY9XADRrkVlkkg=
-38,118,t+V/5bBwu4T4q38AgDjEOvO2ln0=,SND2plwiIFEvUHY9XADRrkVlkkg=
-39,118,t+V/5bBwu4T4q38AgDjEOvO2ln0=,SND2plwiIFEvUHY9XADRrkVlkkg=
-40,118,t+V/5bBwu4T4q38AgDjEOvO2ln0=,SND2plwiIFEvUHY9XADRrkVlkkg=
-41,118,t+V/5bBwu4T4q38AgDjEOvO2ln0=,SND2plwiIFEvUHY9XADRrkVlkkg=
-42,118,t+V/5bBwu4T4q38AgDjEOvO2ln0=,SND2plwiIFEvUHY9XADRrkVlkkg=
-47,119,t+V/5bBwu4T4q38AgDjEOvO2ln0=,SND2plwiIFEvUHY9XADRrkVlkkg=
-45,119,t+V/5bBwu4T4q38AgDjEOvO2ln0=,SND2plwiIFEvUHY9XADRrkVlkkg=
-44,120,t+V/5bBwu4T4q38AgDjEOvO2ln0=,SND2plwiIFEvUHY9XADRrkVlkkg=
-46,118,t+V/5bBwu4T4q38AgDjEOvO2ln0=,SND2plwiIFEvUHY9XADRrkVlkkg=
-45,120,t+V/5bBwu4T4q38AgDjEOvO2ln0=,SND2plwiIFEvUHY9XADRrkVlkkg=
-48,119,t+V/5bBwu4T4q38AgDjEOvO2ln0=,SND2plwiIFEvUHY9XADRrkVlkkg=
-40,112,t+V/5bBwu4T4q38AgDjEOvO2ln0=,SND2plwiIFEvUHY9XADRrkVlkkg=
-39,114,t+V/5bBwu4T4q38AgDjEOvO2ln0=,SND2plwiIFEvUHY9XADRrkVlkkg=
-34,120,t+V/5bBwu4T4q38AgDjEOvO2ln0=,SND2plwiIFEvUHY9XADRrkVlkkg=
-40,113,t+V/5bBwu4T4q38AgDjEOvO2ln0=,SND2plwiIFEvUHY9XADRrkVlkkg=
-34,117,t+V/5bBwu4T4q38AgDjEOvO2ln0=,SND2plwiIFEvUHY9XADRrkVlkkg=
-35,117,t+V/5bBwu4T4q38AgDjEOvO2ln0=,SND2plwiIFEvUHY9XADRrkVlkkg=
-36,117,t+V/5bBwu4T4q38AgDjEOvO2ln0=,SND2plwiIFEvUHY9XADRrkVlkkg=
-37,117,t+V/5bBwu4T4q38AgDjEOvO2ln0=,SND2plwiIFEvUHY9XADRrkVlkkg=
-38,117,t+V/5bBwu4T4q38AgDjEOvO2ln0=,SND2plwiIFEvUHY9XADRrkVlkkg=
-39,117,t+V/5bBwu4T4q38AgDjEOvO2ln0=,SND2plwiIFEvUHY9XADRrkVlkkg=
-40,117,t+V/5bBwu4T4q38AgDjEOvO2ln0=,SND2plwiIFEvUHY9XADRrkVlkkg=
-41,117,t+V/5bBwu4T4q38AgDjEOvO2ln0=,SND2plwiIFEvUHY9XADRrkVlkkg=
-42,117,t+V/5bBwu4T4q38AgDjEOvO2ln0=,SND2plwiIFEvUHY9XADRrkVlkkg=
-47,120,t+V/5bBwu4T4q38AgDjEOvO2ln0=,SND2plwiIFEvUHY9XADRrkVlkkg=
-41,127,t+V/5bBwu4T4q38AgDjEOvO2ln0=,SND2plwiIFEvUHY9XADRrkVlkkg=
-44,119,t+V/5bBwu4T4q38AgDjEOvO2ln0=,SND2plwiIFEvUHY9XADRrkVlkkg=
-47,118,t+V/5bBwu4T4q38AgDjEOvO2ln0=,SND2plwiIFEvUHY9XADRrkVlkkg=
-44,124,t+V/5bBwu4T4q38AgDjEOvO2ln0=,SND2plwiIFEvUHY9XADRrkVlkkg=
-34,124,t+V/5bBwu4T4q38AgDjEOvO2ln0=,SND2plwiIFEvUHY9XADRrkVlkkg=
-42,119,t+V/5bBwu4T4q38AgDjEOvO2ln0=,SND2plwiIFEvUHY9XADRrkVlkkg=
-48,118,t+V/5bBwu4T4q38AgDjEOvO2ln0=,SND2plwiIFEvUHY9XADRrkVlkkg=
-46,112,t+V/5bBwu4T4q38AgDjEOvO2ln0=,SND2plwiIFEvUHY9XADRrkVlkkg=
-45,118,t+V/5bBwu4T4q38AgDjEOvO2ln0=,SND2plwiIFEvUHY9XADRrkVlkkg=
-33,120,t+V/5bBwu4T4q38AgDjEOvO2ln0=,SND2plwiIFEvUHY9XADRrkVlkkg=
-33,117,t+V/5bBwu4T4q38AgDjEOvO2ln0=,SND2plwiIFEvUHY9XADRrkVlkkg=
-43,117,t+V/5bBwu4T4q38AgDjEOvO2ln0=,SND2plwiIFEvUHY9XADRrkVlkkg=
-44,118,t+V/5bBwu4T4q38AgDjEOvO2ln0=,SND2plwiIFEvUHY9XADRrkVlkkg=
-43,118,t+V/5bBwu4T4q38AgDjEOvO2ln0=,SND2plwiIFEvUHY9XADRrkVlkkg=
-33,121,t+V/5bBwu4T4q38AgDjEOvO2ln0=,SND2plwiIFEvUHY9XADRrkVlkkg=
-42,125,t+V/5bBwu4T4q38AgDjEOvO2ln0=,SND2plwiIFEvUHY9XADRrkVlkkg=
-42,126,t+V/5bBwu4T4q38AgDjEOvO2ln0=,SND2plwiIFEvUHY9XADRrkVlkkg=
-43,119,t+V/5bBwu4T4q38AgDjEOvO2ln0=,SND2plwiIFEvUHY9XADRrkVlkkg=
-41,99,t+V/5bBwu4T4q38AgDjEOvO2ln0=,Kf1ohLT4t9aF4JzZ3dQETzlq/Kg=
-43,96,t+V/5bBwu4T4q38AgDjEOvO2ln0=,Kf1ohLT4t9aF4JzZ3dQETzlq/Kg=
-42,99,t+V/5bBwu4T4q38AgDjEOvO2ln0=,Kf1ohLT4t9aF4JzZ3dQETzlq/Kg=
-42,98,t+V/5bBwu4T4q38AgDjEOvO2ln0=,Kf1ohLT4t9aF4JzZ3dQETzlq/Kg=
-43,98,t+V/5bBwu4T4q38AgDjEOvO2ln0=,Kf1ohLT4t9aF4JzZ3dQETzlq/Kg=
-43,99,t+V/5bBwu4T4q38AgDjEOvO2ln0=,Kf1ohLT4t9aF4JzZ3dQETzlq/Kg=
-45,96,t+V/5bBwu4T4q38AgDjEOvO2ln0=,Kf1ohLT4t9aF4JzZ3dQETzlq/Kg=
-44,99,t+V/5bBwu4T4q38AgDjEOvO2ln0=,Kf1ohLT4t9aF4JzZ3dQETzlq/Kg=
-45,99,t+V/5bBwu4T4q38AgDjEOvO2ln0=,Kf1ohLT4t9aF4JzZ3dQETzlq/Kg=
-43,97,t+V/5bBwu4T4q38AgDjEOvO2ln0=,Kf1ohLT4t9aF4JzZ3dQETzlq/Kg=
-44,97,t+V/5bBwu4T4q38AgDjEOvO2ln0=,Kf1ohLT4t9aF4JzZ3dQETzlq/Kg=
-46,99,t+V/5bBwu4T4q38AgDjEOvO2ln0=,Kf1ohLT4t9aF4JzZ3dQETzlq/Kg=
-47,96,t+V/5bBwu4T4q38AgDjEOvO2ln0=,Kf1ohLT4t9aF4JzZ3dQETzlq/Kg=
-33,111,t+V/5bBwu4T4q38AgDjEOvO2ln0=,Kf1ohLT4t9aF4JzZ3dQETzlq/Kg=
-44,98,t+V/5bBwu4T4q38AgDjEOvO2ln0=,Kf1ohLT4t9aF4JzZ3dQETzlq/Kg=
-34,111,t+V/5bBwu4T4q38AgDjEOvO2ln0=,Kf1ohLT4t9aF4JzZ3dQETzlq/Kg=
-35,111,t+V/5bBwu4T4q38AgDjEOvO2ln0=,Kf1ohLT4t9aF4JzZ3dQETzlq/Kg=
-36,111,t+V/5bBwu4T4q38AgDjEOvO2ln0=,Kf1ohLT4t9aF4JzZ3dQETzlq/Kg=
-37,111,t+V/5bBwu4T4q38AgDjEOvO2ln0=,Kf1ohLT4t9aF4JzZ3dQETzlq/Kg=
-39,111,t+V/5bBwu4T4q38AgDjEOvO2ln0=,Kf1ohLT4t9aF4JzZ3dQETzlq/Kg=
-38,111,t+V/5bBwu4T4q38AgDjEOvO2ln0=,Kf1ohLT4t9aF4JzZ3dQETzlq/Kg=
-40,111,t+V/5bBwu4T4q38AgDjEOvO2ln0=,Kf1ohLT4t9aF4JzZ3dQETzlq/Kg=
-41,111,t+V/5bBwu4T4q38AgDjEOvO2ln0=,Kf1ohLT4t9aF4JzZ3dQETzlq/Kg=
-42,111,uNDcB6Jx4NwggS11gBAqvuO26Mw=,Kf1ohLT4t9aF4JzZ3dQETzlq/Kg=
-47,99,uNDcB6Jx4NwggS11gBAqvuO26Mw=,Kf1ohLT4t9aF4JzZ3dQETzlq/Kg=
-44,96,uNDcB6Jx4NwggS11gBAqvuO26Mw=,Kf1ohLT4t9aF4JzZ3dQETzlq/Kg=
-33,110,uNDcB6Jx4NwggS11gBAqvuO26Mw=,Kf1ohLT4t9aF4JzZ3dQETzlq/Kg=
-34,110,uNDcB6Jx4NwggS11gBAqvuO26Mw=,Kf1ohLT4t9aF4JzZ3dQETzlq/Kg=
-45,98,uNDcB6Jx4NwggS11gBAqvuO26Mw=,Kf1ohLT4t9aF4JzZ3dQETzlq/Kg=
-36,110,uNDcB6Jx4NwggS11gBAqvuO26Mw=,Kf1ohLT4t9aF4JzZ3dQETzlq/Kg=
-37,110,uNDcB6Jx4NwggS11gBAqvuO26Mw=,Kf1ohLT4t9aF4JzZ3dQETzlq/Kg=
-35,110,uNDcB6Jx4NwggS11gBAqvuO26Mw=,Kf1ohLT4t9aF4JzZ3dQETzlq/Kg=
-38,110,uNDcB6Jx4NwggS11gBAqvuO26Mw=,Kf1ohLT4t9aF4JzZ3dQETzlq/Kg=
-39,110,uNDcB6Jx4NwggS11gBAqvuO26Mw=,Kf1ohLT4t9aF4JzZ3dQETzlq/Kg=
-40,110,uNDcB6Jx4NwggS11gBAqvuO26Mw=,Kf1ohLT4t9aF4JzZ3dQETzlq/Kg=
-41,110,uNDcB6Jx4NwggS11gBAqvuO26Mw=,Kf1ohLT4t9aF4JzZ3dQETzlq/Kg=
-42,110,uNDcB6Jx4NwggS11gBAqvuO26Mw=,Kf1ohLT4t9aF4JzZ3dQETzlq/Kg=
-46,110,uNDcB6Jx4NwggS11gBAqvuO26Mw=,Kf1ohLT4t9aF4JzZ3dQETzlq/Kg=
-47,110,uNDcB6Jx4NwggS11gBAqvuO26Mw=,Kf1ohLT4t9aF4JzZ3dQETzlq/Kg=
-33,109,uNDcB6Jx4NwggS11gBAqvuO26Mw=,Kf1ohLT4t9aF4JzZ3dQETzlq/Kg=
-45,97,uNDcB6Jx4NwggS11gBAqvuO26Mw=,Kf1ohLT4t9aF4JzZ3dQETzlq/Kg=
-46,98,uNDcB6Jx4NwggS11gBAqvuO26Mw=,Kf1ohLT4t9aF4JzZ3dQETzlq/Kg=
-34,109,uNDcB6Jx4NwggS11gBAqvuO26Mw=,Kf1ohLT4t9aF4JzZ3dQETzlq/Kg=
-35,109,uNDcB6Jx4NwggS11gBAqvuO26Mw=,Kf1ohLT4t9aF4JzZ3dQETzlq/Kg=
-36,109,uNDcB6Jx4NwggS11gBAqvuO26Mw=,Kf1ohLT4t9aF4JzZ3dQETzlq/Kg=
-37,109,uNDcB6Jx4NwggS11gBAqvuO26Mw=,Kf1ohLT4t9aF4JzZ3dQETzlq/Kg=
-38,109,uNDcB6Jx4NwggS11gBAqvuO26Mw=,Kf1ohLT4t9aF4JzZ3dQETzlq/Kg=
-39,109,uNDcB6Jx4NwggS11gBAqvuO26Mw=,Kf1ohLT4t9aF4JzZ3dQETzlq/Kg=
-40,109,uNDcB6Jx4NwggS11gBAqvuO26Mw=,Kf1ohLT4t9aF4JzZ3dQETzlq/Kg=
-41,109,uNDcB6Jx4NwggS11gBAqvuO26Mw=,Kf1ohLT4t9aF4JzZ3dQETzlq/Kg=
-42,109,uNDcB6Jx4NwggS11gBAqvuO26Mw=,Kf1ohLT4t9aF4JzZ3dQETzlq/Kg=
-33,108,uNDcB6Jx4NwggS11gBAqvuO26Mw=,Kf1ohLT4t9aF4JzZ3dQETzlq/Kg=
-46,97,uNDcB6Jx4NwggS11gBAqvuO26Mw=,Kf1ohLT4t9aF4JzZ3dQETzlq/Kg=
-47,98,uNDcB6Jx4NwggS11gBAqvuO26Mw=,Kf1ohLT4t9aF4JzZ3dQETzlq/Kg=
-34,108,uNDcB6Jx4NwggS11gBAqvuO26Mw=,Kf1ohLT4t9aF4JzZ3dQETzlq/Kg=
-35,108,uNDcB6Jx4NwggS11gBAqvuO26Mw=,Kf1ohLT4t9aF4JzZ3dQETzlq/Kg=
-36,108,uNDcB6Jx4NwggS11gBAqvuO26Mw=,Kf1ohLT4t9aF4JzZ3dQETzlq/Kg=
-37,108,uNDcB6Jx4NwggS11gBAqvuO26Mw=,Kf1ohLT4t9aF4JzZ3dQETzlq/Kg=
-38,108,uNDcB6Jx4NwggS11gBAqvuO26Mw=,Kf1ohLT4t9aF4JzZ3dQETzlq/Kg=
-39,108,uNDcB6Jx4NwggS11gBAqvuO26Mw=,Kf1ohLT4t9aF4JzZ3dQETzlq/Kg=
-40,108,uNDcB6Jx4NwggS11gBAqvuO26Mw=,Kf1ohLT4t9aF4JzZ3dQETzlq/Kg=
-41,108,uNDcB6Jx4NwggS11gBAqvuO26Mw=,Kf1ohLT4t9aF4JzZ3dQETzlq/Kg=
-47,97,uNDcB6Jx4NwggS11gBAqvuO26Mw=,Kf1ohLT4t9aF4JzZ3dQETzlq/Kg=
-46,96,uNDcB6Jx4NwggS11gBAqvuO26Mw=,Kf1ohLT4t9aF4JzZ3dQETzlq/Kg=
-33,96,uNDcB6Jx4NwggS11gBAqvuO26Mw=,Kf1ohLT4t9aF4JzZ3dQETzlq/Kg=
-33,98,uNDcB6Jx4NwggS11gBAqvuO26Mw=,Kf1ohLT4t9aF4JzZ3dQETzlq/Kg=
-34,96,uNDcB6Jx4NwggS11gBAqvuO26Mw=,Kf1ohLT4t9aF4JzZ3dQETzlq/Kg=
-33,97,uNDcB6Jx4NwggS11gBAqvuO26Mw=,Kf1ohLT4t9aF4JzZ3dQETzlq/Kg=
-34,97,uNDcB6Jx4NwggS11gBAqvuO26Mw=,Kf1ohLT4t9aF4JzZ3dQETzlq/Kg=
-33,107,uNDcB6Jx4NwggS11gBAqvuO26Mw=,Kf1ohLT4t9aF4JzZ3dQETzlq/Kg=
-34,107,uNDcB6Jx4NwggS11gBAqvuO26Mw=,Kf1ohLT4t9aF4JzZ3dQETzlq/Kg=
-35,107,uNDcB6Jx4NwggS11gBAqvuO26Mw=,Kf1ohLT4t9aF4JzZ3dQETzlq/Kg=
-36,107,uNDcB6Jx4NwggS11gBAqvuO26Mw=,Kf1ohLT4t9aF4JzZ3dQETzlq/Kg=
-37,107,uNDcB6Jx4NwggS11gBAqvuO26Mw=,Kf1ohLT4t9aF4JzZ3dQETzlq/Kg=
-38,107,uNDcB6Jx4NwggS11gBAqvuO26Mw=,Kf1ohLT4t9aF4JzZ3dQETzlq/Kg=
-39,107,uNDcB6Jx4NwggS11gBAqvuO26Mw=,Kf1ohLT4t9aF4JzZ3dQETzlq/Kg=
-40,107,uNDcB6Jx4NwggS11gBAqvuO26Mw=,Kf1ohLT4t9aF4JzZ3dQETzlq/Kg=
-41,107,uNDcB6Jx4NwggS11gBAqvuO26Mw=,Kf1ohLT4t9aF4JzZ3dQETzlq/Kg=
-42,107,uNDcB6Jx4NwggS11gBAqvuO26Mw=,Kf1ohLT4t9aF4JzZ3dQETzlq/Kg=
-35,96,uNDcB6Jx4NwggS11gBAqvuO26Mw=,Kf1ohLT4t9aF4JzZ3dQETzlq/Kg=
-34,98,uNDcB6Jx4NwggS11gBAqvuO26Mw=,Kf1ohLT4t9aF4JzZ3dQETzlq/Kg=
-33,106,uNDcB6Jx4NwggS11gBAqvuO26Mw=,Kf1ohLT4t9aF4JzZ3dQETzlq/Kg=
-35,97,uNDcB6Jx4NwggS11gBAqvuO26Mw=,Kf1ohLT4t9aF4JzZ3dQETzlq/Kg=
-34,106,uNDcB6Jx4NwggS11gBAqvuO26Mw=,Kf1ohLT4t9aF4JzZ3dQETzlq/Kg=
-35,106,uNDcB6Jx4NwggS11gBAqvuO26Mw=,Kf1ohLT4t9aF4JzZ3dQETzlq/Kg=
-36,106,uNDcB6Jx4NwggS11gBAqvuO26Mw=,Kf1ohLT4t9aF4JzZ3dQETzlq/Kg=
-37,106,uNDcB6Jx4NwggS11gBAqvuO26Mw=,Kf1ohLT4t9aF4JzZ3dQETzlq/Kg=
-38,106,uNDcB6Jx4NwggS11gBAqvuO26Mw=,Kf1ohLT4t9aF4JzZ3dQETzlq/Kg=
-39,106,uNDcB6Jx4NwggS11gBAqvuO26Mw=,Kf1ohLT4t9aF4JzZ3dQETzlq/Kg=
-40,106,uNDcB6Jx4NwggS11gBAqvuO26Mw=,Kf1ohLT4t9aF4JzZ3dQETzlq/Kg=
-41,106,uNDcB6Jx4NwggS11gBAqvuO26Mw=,Kf1ohLT4t9aF4JzZ3dQETzlq/Kg=
-42,106,uNDcB6Jx4NwggS11gBAqvuO26Mw=,Kf1ohLT4t9aF4JzZ3dQETzlq/Kg=
-35,98,uNDcB6Jx4NwggS11gBAqvuO26Mw=,Kf1ohLT4t9aF4JzZ3dQETzlq/Kg=
-36,96,uNDcB6Jx4NwggS11gBAqvuO26Mw=,Kf1ohLT4t9aF4JzZ3dQETzlq/Kg=
-36,97,uNDcB6Jx4NwggS11gBAqvuO26Mw=,Kf1ohLT4t9aF4JzZ3dQETzlq/Kg=
-33,105,uNDcB6Jx4NwggS11gBAqvuO26Mw=,Kf1ohLT4t9aF4JzZ3dQETzlq/Kg=
-34,105,uNDcB6Jx4NwggS11gBAqvuO26Mw=,Kf1ohLT4t9aF4JzZ3dQETzlq/Kg=
-35,105,uNDcB6Jx4NwggS11gBAqvuO26Mw=,Kf1ohLT4t9aF4JzZ3dQETzlq/Kg=
-36,105,uNDcB6Jx4NwggS11gBAqvuO26Mw=,Kf1ohLT4t9aF4JzZ3dQETzlq/Kg=
-37,105,uNDcB6Jx4NwggS11gBAqvuO26Mw=,Kf1ohLT4t9aF4JzZ3dQETzlq/Kg=
-38,105,uNDcB6Jx4NwggS11gBAqvuO26Mw=,Kf1ohLT4t9aF4JzZ3dQETzlq/Kg=
-39,105,uNDcB6Jx4NwggS11gBAqvuO26Mw=,Kf1ohLT4t9aF4JzZ3dQETzlq/Kg=
-40,105,uNDcB6Jx4NwggS11gBAqvuO26Mw=,Kf1ohLT4t9aF4JzZ3dQETzlq/Kg=
-41,105,uNDcB6Jx4NwggS11gBAqvuO26Mw=,Kf1ohLT4t9aF4JzZ3dQETzlq/Kg=
-42,105,uNDcB6Jx4NwggS11gBAqvuO26Mw=,Kf1ohLT4t9aF4JzZ3dQETzlq/Kg=
-43,105,uNDcB6Jx4NwggS11gBAqvuO26Mw=,Kf1ohLT4t9aF4JzZ3dQETzlq/Kg=
-36,98,uNDcB6Jx4NwggS11gBAqvuO26Mw=,Kf1ohLT4t9aF4JzZ3dQETzlq/Kg=
-37,96,uNDcB6Jx4NwggS11gBAqvuO26Mw=,Kf1ohLT4t9aF4JzZ3dQETzlq/Kg=
-37,97,uNDcB6Jx4NwggS11gBAqvuO26Mw=,Kf1ohLT4t9aF4JzZ3dQETzlq/Kg=
-33,104,uNDcB6Jx4NwggS11gBAqvuO26Mw=,Kf1ohLT4t9aF4JzZ3dQETzlq/Kg=
-34,104,uNDcB6Jx4NwggS11gBAqvuO26Mw=,Kf1ohLT4t9aF4JzZ3dQETzlq/Kg=
-35,104,uNDcB6Jx4NwggS11gBAqvuO26Mw=,Kf1ohLT4t9aF4JzZ3dQETzlq/Kg=
-36,104,uNDcB6Jx4NwggS11gBAqvuO26Mw=,Kf1ohLT4t9aF4JzZ3dQETzlq/Kg=
-37,104,uNDcB6Jx4NwggS11gBAqvuO26Mw=,Kf1ohLT4t9aF4JzZ3dQETzlq/Kg=
-38,104,uNDcB6Jx4NwggS11gBAqvuO26Mw=,Kf1ohLT4t9aF4JzZ3dQETzlq/Kg=
-39,104,uNDcB6Jx4NwggS11gBAqvuO26Mw=,Kf1ohLT4t9aF4JzZ3dQETzlq/Kg=
-40,104,uNDcB6Jx4NwggS11gBAqvuO26Mw=,Kf1ohLT4t9aF4JzZ3dQETzlq/Kg=
-41,104,uNDcB6Jx4NwggS11gBAqvuO26Mw=,Kf1ohLT4t9aF4JzZ3dQETzlq/Kg=
-42,104,uNDcB6Jx4NwggS11gBAqvuO26Mw=,Kf1ohLT4t9aF4JzZ3dQETzlq/Kg=
-43,104,uNDcB6Jx4NwggS11gBAqvuO26Mw=,Kf1ohLT4t9aF4JzZ3dQETzlq/Kg=
-38,96,uNDcB6Jx4NwggS11gBAqvuO26Mw=,Kf1ohLT4t9aF4JzZ3dQETzlq/Kg=
-37,98,uNDcB6Jx4NwggS11gBAqvuO26Mw=,Kf1ohLT4t9aF4JzZ3dQETzlq/Kg=
-38,97,uNDcB6Jx4NwggS11gBAqvuO26Mw=,Kf1ohLT4t9aF4JzZ3dQETzlq/Kg=
-33,103,uNDcB6Jx4NwggS11gBAqvuO26Mw=,Kf1ohLT4t9aF4JzZ3dQETzlq/Kg=
-34,103,uNDcB6Jx4NwggS11gBAqvuO26Mw=,Kf1ohLT4t9aF4JzZ3dQETzlq/Kg=
-35,103,uNDcB6Jx4NwggS11gBAqvuO26Mw=,Kf1ohLT4t9aF4JzZ3dQETzlq/Kg=
-36,103,uNDcB6Jx4NwggS11gBAqvuO26Mw=,Kf1ohLT4t9aF4JzZ3dQETzlq/Kg=
-37,103,uNDcB6Jx4NwggS11gBAqvuO26Mw=,Kf1ohLT4t9aF4JzZ3dQETzlq/Kg=
-38,103,uNDcB6Jx4NwggS11gBAqvuO26Mw=,Kf1ohLT4t9aF4JzZ3dQETzlq/Kg=
-39,103,uNDcB6Jx4NwggS11gBAqvuO26Mw=,Kf1ohLT4t9aF4JzZ3dQETzlq/Kg=
-40,103,uNDcB6Jx4NwggS11gBAqvuO26Mw=,Kf1ohLT4t9aF4JzZ3dQETzlq/Kg=
-41,103,uNDcB6Jx4NwggS11gBAqvuO26Mw=,Kf1ohLT4t9aF4JzZ3dQETzlq/Kg=
-42,103,uNDcB6Jx4NwggS11gBAqvuO26Mw=,Kf1ohLT4t9aF4JzZ3dQETzlq/Kg=
-43,103,uNDcB6Jx4NwggS11gBAqvuO26Mw=,Kf1ohLT4t9aF4JzZ3dQETzlq/Kg=
-39,96,uNDcB6Jx4NwggS11gBAqvuO26Mw=,Kf1ohLT4t9aF4JzZ3dQETzlq/Kg=
-38,98,uNDcB6Jx4NwggS11gBAqvuO26Mw=,Kf1ohLT4t9aF4JzZ3dQETzlq/Kg=
-39,97,uNDcB6Jx4NwggS11gBAqvuO26Mw=,Kf1ohLT4t9aF4JzZ3dQETzlq/Kg=
-33,102,uNDcB6Jx4NwggS11gBAqvuO26Mw=,Kf1ohLT4t9aF4JzZ3dQETzlq/Kg=
-34,102,uNDcB6Jx4NwggS11gBAqvuO26Mw=,Kf1ohLT4t9aF4JzZ3dQETzlq/Kg=
-35,102,uNDcB6Jx4NwggS11gBAqvuO26Mw=,Kf1ohLT4t9aF4JzZ3dQETzlq/Kg=
-36,102,uNDcB6Jx4NwggS11gBAqvuO26Mw=,Kf1ohLT4t9aF4JzZ3dQETzlq/Kg=
-37,102,uNDcB6Jx4NwggS11gBAqvuO26Mw=,Kf1ohLT4t9aF4JzZ3dQETzlq/Kg=
-38,102,uNDcB6Jx4NwggS11gBAqvuO26Mw=,Kf1ohLT4t9aF4JzZ3dQETzlq/Kg=
-39,102,uNDcB6Jx4NwggS11gBAqvuO26Mw=,Kf1ohLT4t9aF4JzZ3dQETzlq/Kg=
-40,102,uNDcB6Jx4NwggS11gBAqvuO26Mw=,Kf1ohLT4t9aF4JzZ3dQETzlq/Kg=
-41,102,uNDcB6Jx4NwggS11gBAqvuO26Mw=,Kf1ohLT4t9aF4JzZ3dQETzlq/Kg=
-42,102,uNDcB6Jx4NwggS11gBAqvuO26Mw=,Kf1ohLT4t9aF4JzZ3dQETzlq/Kg=
-43,102,uNDcB6Jx4NwggS11gBAqvuO26Mw=,Kf1ohLT4t9aF4JzZ3dQETzlq/Kg=
-44,102,uNDcB6Jx4NwggS11gBAqvuO26Mw=,Kf1ohLT4t9aF4JzZ3dQETzlq/Kg=
-45,102,uNDcB6Jx4NwggS11gBAqvuO26Mw=,Kf1ohLT4t9aF4JzZ3dQETzlq/Kg=
-40,96,uNDcB6Jx4NwggS11gBAqvuO26Mw=,Kf1ohLT4t9aF4JzZ3dQETzlq/Kg=
-39,98,uNDcB6Jx4NwggS11gBAqvuO26Mw=,Kf1ohLT4t9aF4JzZ3dQETzlq/Kg=
-40,97,uNDcB6Jx4NwggS11gBAqvuO26Mw=,Kf1ohLT4t9aF4JzZ3dQETzlq/Kg=
-33,101,uNDcB6Jx4NwggS11gBAqvuO26Mw=,Kf1ohLT4t9aF4JzZ3dQETzlq/Kg=
-34,101,uNDcB6Jx4NwggS11gBAqvuO26Mw=,Kf1ohLT4t9aF4JzZ3dQETzlq/Kg=
-35,101,uNDcB6Jx4NwggS11gBAqvuO26Mw=,Kf1ohLT4t9aF4JzZ3dQETzlq/Kg=
-36,101,uNDcB6Jx4NwggS11gBAqvuO26Mw=,Kf1ohLT4t9aF4JzZ3dQETzlq/Kg=
-37,101,uNDcB6Jx4NwggS11gBAqvuO26Mw=,Kf1ohLT4t9aF4JzZ3dQETzlq/Kg=
-38,101,uNDcB6Jx4NwggS11gBAqvuO26Mw=,Kf1ohLT4t9aF4JzZ3dQETzlq/Kg=
-39,101,uNDcB6Jx4NwggS11gBAqvuO26Mw=,Kf1ohLT4t9aF4JzZ3dQETzlq/Kg=
-40,101,uNDcB6Jx4NwggS11gBAqvuO26Mw=,Kf1ohLT4t9aF4JzZ3dQETzlq/Kg=
-41,101,uNDcB6Jx4NwggS11gBAqvuO26Mw=,Kf1ohLT4t9aF4JzZ3dQETzlq/Kg=
-42,101,uNDcB6Jx4NwggS11gBAqvuO26Mw=,Kf1ohLT4t9aF4JzZ3dQETzlq/Kg=
-43,101,uNDcB6Jx4NwggS11gBAqvuO26Mw=,Kf1ohLT4t9aF4JzZ3dQETzlq/Kg=
-44,101,uNDcB6Jx4NwggS11gBAqvuO26Mw=,Kf1ohLT4t9aF4JzZ3dQETzlq/Kg=
-45,101,uNDcB6Jx4NwggS11gBAqvuO26Mw=,Kf1ohLT4t9aF4JzZ3dQETzlq/Kg=
-46,101,uNDcB6Jx4NwggS11gBAqvuO26Mw=,Kf1ohLT4t9aF4JzZ3dQETzlq/Kg=
-47,101,uNDcB6Jx4NwggS11gBAqvuO26Mw=,Kf1ohLT4t9aF4JzZ3dQETzlq/Kg=
-41,96,uNDcB6Jx4NwggS11gBAqvuO26Mw=,Kf1ohLT4t9aF4JzZ3dQETzlq/Kg=
-40,98,uNDcB6Jx4NwggS11gBAqvuO26Mw=,Kf1ohLT4t9aF4JzZ3dQETzlq/Kg=
-41,97,uNDcB6Jx4NwggS11gBAqvuO26Mw=,Kf1ohLT4t9aF4JzZ3dQETzlq/Kg=
-33,100,uNDcB6Jx4NwggS11gBAqvuO26Mw=,Kf1ohLT4t9aF4JzZ3dQETzlq/Kg=
-34,100,uNDcB6Jx4NwggS11gBAqvuO26Mw=,Kf1ohLT4t9aF4JzZ3dQETzlq/Kg=
-35,100,uNDcB6Jx4NwggS11gBAqvuO26Mw=,Kf1ohLT4t9aF4JzZ3dQETzlq/Kg=
-36,100,uNDcB6Jx4NwggS11gBAqvuO26Mw=,Kf1ohLT4t9aF4JzZ3dQETzlq/Kg=
-37,100,uNDcB6Jx4NwggS11gBAqvuO26Mw=,Kf1ohLT4t9aF4JzZ3dQETzlq/Kg=
-38,100,uNDcB6Jx4NwggS11gBAqvuO26Mw=,Kf1ohLT4t9aF4JzZ3dQETzlq/Kg=
-39,100,uNDcB6Jx4NwggS11gBAqvuO26Mw=,Kf1ohLT4t9aF4JzZ3dQETzlq/Kg=
-40,100,uNDcB6Jx4NwggS11gBAqvuO26Mw=,Kf1ohLT4t9aF4JzZ3dQETzlq/Kg=
-41,100,uNDcB6Jx4NwggS11gBAqvuO26Mw=,Kf1ohLT4t9aF4JzZ3dQETzlq/Kg=
-42,100,uNDcB6Jx4NwggS11gBAqvuO26Mw=,Kf1ohLT4t9aF4JzZ3dQETzlq/Kg=
-43,100,uNDcB6Jx4NwggS11gBAqvuO26Mw=,Kf1ohLT4t9aF4JzZ3dQETzlq/Kg=
-44,100,uNDcB6Jx4NwggS11gBAqvuO26Mw=,Kf1ohLT4t9aF4JzZ3dQETzlq/Kg=
-45,100,uNDcB6Jx4NwggS11gBAqvuO26Mw=,Kf1ohLT4t9aF4JzZ3dQETzlq/Kg=
-46,100,uNDcB6Jx4NwggS11gBAqvuO26Mw=,Kf1ohLT4t9aF4JzZ3dQETzlq/Kg=
-47,100,uNDcB6Jx4NwggS11gBAqvuO26Mw=,Kf1ohLT4t9aF4JzZ3dQETzlq/Kg=
-42,96,uNDcB6Jx4NwggS11gBAqvuO26Mw=,Kf1ohLT4t9aF4JzZ3dQETzlq/Kg=
-41,98,uNDcB6Jx4NwggS11gBAqvuO26Mw=,Kf1ohLT4t9aF4JzZ3dQETzlq/Kg=
-42,97,uNDcB6Jx4NwggS11gBAqvuO26Mw=,Kf1ohLT4t9aF4JzZ3dQETzlq/Kg=
-33,99,uNDcB6Jx4NwggS11gBAqvuO26Mw=,Kf1ohLT4t9aF4JzZ3dQETzlq/Kg=
-34,99,uNDcB6Jx4NwggS11gBAqvuO26Mw=,Kf1ohLT4t9aF4JzZ3dQETzlq/Kg=
-35,99,uNDcB6Jx4NwggS11gBAqvuO26Mw=,Kf1ohLT4t9aF4JzZ3dQETzlq/Kg=
-36,99,uNDcB6Jx4NwggS11gBAqvuO26Mw=,Kf1ohLT4t9aF4JzZ3dQETzlq/Kg=
-37,99,uNDcB6Jx4NwggS11gBAqvuO26Mw=,Kf1ohLT4t9aF4JzZ3dQETzlq/Kg=
-38,99,uNDcB6Jx4NwggS11gBAqvuO26Mw=,Kf1ohLT4t9aF4JzZ3dQETzlq/Kg=
-39,99,uNDcB6Jx4NwggS11gBAqvuO26Mw=,Kf1ohLT4t9aF4JzZ3dQETzlq/Kg=
-40,99,uNDcB6Jx4NwggS11gBAqvuO26Mw=,Kf1ohLT4t9aF4JzZ3dQETzlq/Kg=
-48,100,uNDcB6Jx4NwggS11gBAqvuO26Mw=,Kf1ohLT4t9aF4JzZ3dQETzlq/Kg=
-48,101,uNDcB6Jx4NwggS11gBAqvuO26Mw=,Kf1ohLT4t9aF4JzZ3dQETzlq/Kg=
-48,110,uNDcB6Jx4NwggS11gBAqvuO26Mw=,Kf1ohLT4t9aF4JzZ3dQETzlq/Kg=
-45,111,uNDcB6Jx4NwggS11gBAqvuO26Mw=,Kf1ohLT4t9aF4JzZ3dQETzlq/Kg=
-45,110,uNDcB6Jx4NwggS11gBAqvuO26Mw=,Kf1ohLT4t9aF4JzZ3dQETzlq/Kg=
-45,109,uNDcB6Jx4NwggS11gBAqvuO26Mw=,Kf1ohLT4t9aF4JzZ3dQETzlq/Kg=
-43,110,uNDcB6Jx4NwggS11gBAqvuO26Mw=,Kf1ohLT4t9aF4JzZ3dQETzlq/Kg=
-42,108,uNDcB6Jx4NwggS11gBAqvuO26Mw=,Kf1ohLT4t9aF4JzZ3dQETzlq/Kg=
-43,109,uNDcB6Jx4NwggS11gBAqvuO26Mw=,Kf1ohLT4t9aF4JzZ3dQETzlq/Kg=
-46,111,uNDcB6Jx4NwggS11gBAqvuO26Mw=,Kf1ohLT4t9aF4JzZ3dQETzlq/Kg=
-43,111,uNDcB6Jx4NwggS11gBAqvuO26Mw=,Kf1ohLT4t9aF4JzZ3dQETzlq/Kg=
-44,111,uNDcB6Jx4NwggS11gBAqvuO26Mw=,Kf1ohLT4t9aF4JzZ3dQETzlq/Kg=
-44,110,uNDcB6Jx4NwggS11gBAqvuO26Mw=,Kf1ohLT4t9aF4JzZ3dQETzlq/Kg=
-44,109,uNDcB6Jx4NwggS11gBAqvuO26Mw=,Kf1ohLT4t9aF4JzZ3dQETzlq/Kg=
-43,108,uNDcB6Jx4NwggS11gBAqvuO26Mw=,Kf1ohLT4t9aF4JzZ3dQETzlq/Kg=
-43,107,uNDcB6Jx4NwggS11gBAqvuO26Mw=,Kf1ohLT4t9aF4JzZ3dQETzlq/Kg=
-47,102,uNDcB6Jx4NwggS11gBAqvuO26Mw=,Kf1ohLT4t9aF4JzZ3dQETzlq/Kg=
-44,108,uNDcB6Jx4NwggS11gBAqvuO26Mw=,Kf1ohLT4t9aF4JzZ3dQETzlq/Kg=
-48,111,uNDcB6Jx4NwggS11gBAqvuO26Mw=,Kf1ohLT4t9aF4JzZ3dQETzlq/Kg=
-48,109,uNDcB6Jx4NwggS11gBAqvuO26Mw=,Kf1ohLT4t9aF4JzZ3dQETzlq/Kg=
-45,108,uNDcB6Jx4NwggS11gBAqvuO26Mw=,Kf1ohLT4t9aF4JzZ3dQETzlq/Kg=
-46,102,uNDcB6Jx4NwggS11gBAqvuO26Mw=,Kf1ohLT4t9aF4JzZ3dQETzlq/Kg=
-46,107,uNDcB6Jx4NwggS11gBAqvuO26Mw=,Kf1ohLT4t9aF4JzZ3dQETzlq/Kg=
-47,111,uNDcB6Jx4NwggS11gBAqvuO26Mw=,Kf1ohLT4t9aF4JzZ3dQETzlq/Kg=
-44,106,uNDcB6Jx4NwggS11gBAqvuO26Mw=,Kf1ohLT4t9aF4JzZ3dQETzlq/Kg=
-43,106,uNDcB6Jx4NwggS11gBAqvuO26Mw=,Kf1ohLT4t9aF4JzZ3dQETzlq/Kg=
-45,107,uNDcB6Jx4NwggS11gBAqvuO26Mw=,Kf1ohLT4t9aF4JzZ3dQETzlq/Kg=
-46,109,uNDcB6Jx4NwggS11gBAqvuO26Mw=,Kf1ohLT4t9aF4JzZ3dQETzlq/Kg=
-48,108,uNDcB6Jx4NwggS11gBAqvuO26Mw=,Kf1ohLT4t9aF4JzZ3dQETzlq/Kg=
-45,106,uNDcB6Jx4NwggS11gBAqvuO26Mw=,Kf1ohLT4t9aF4JzZ3dQETzlq/Kg=
-44,107,uNDcB6Jx4NwggS11gBAqvuO26Mw=,Kf1ohLT4t9aF4JzZ3dQETzlq/Kg=
-47,109,uNDcB6Jx4NwggS11gBAqvuO26Mw=,Kf1ohLT4t9aF4JzZ3dQETzlq/Kg=
-48,102,uNDcB6Jx4NwggS11gBAqvuO26Mw=,Kf1ohLT4t9aF4JzZ3dQETzlq/Kg=
-46,106,uNDcB6Jx4NwggS11gBAqvuO26Mw=,Kf1ohLT4t9aF4JzZ3dQETzlq/Kg=
-46,108,uNDcB6Jx4NwggS11gBAqvuO26Mw=,Kf1ohLT4t9aF4JzZ3dQETzlq/Kg=
-47,107,uNDcB6Jx4NwggS11gBAqvuO26Mw=,Kf1ohLT4t9aF4JzZ3dQETzlq/Kg=
-44,105,uNDcB6Jx4NwggS11gBAqvuO26Mw=,Kf1ohLT4t9aF4JzZ3dQETzlq/Kg=
-48,97,uNDcB6Jx4NwggS11gBAqvuO26Mw=,Kf1ohLT4t9aF4JzZ3dQETzlq/Kg=
-48,99,uNDcB6Jx4NwggS11gBAqvuO26Mw=,Kf1ohLT4t9aF4JzZ3dQETzlq/Kg=
-48,98,uNDcB6Jx4NwggS11gBAqvuO26Mw=,Kf1ohLT4t9aF4JzZ3dQETzlq/Kg=
-48,107,uNDcB6Jx4NwggS11gBAqvuO26Mw=,Kf1ohLT4t9aF4JzZ3dQETzlq/Kg=
-48,96,uNDcB6Jx4NwggS11gBAqvuO26Mw=,Kf1ohLT4t9aF4JzZ3dQETzlq/Kg=
-46,104,uNDcB6Jx4NwggS11gBAqvuO26Mw=,Kf1ohLT4t9aF4JzZ3dQETzlq/Kg=
-47,108,uNDcB6Jx4NwggS11gBAqvuO26Mw=,Kf1ohLT4t9aF4JzZ3dQETzlq/Kg=
-45,103,uNDcB6Jx4NwggS11gBAqvuO26Mw=,Kf1ohLT4t9aF4JzZ3dQETzlq/Kg=
-46,103,uNDcB6Jx4NwggS11gBAqvuO26Mw=,Kf1ohLT4t9aF4JzZ3dQETzlq/Kg=
-44,103,uNDcB6Jx4NwggS11gBAqvuO26Mw=,Kf1ohLT4t9aF4JzZ3dQETzlq/Kg=
-46,105,uNDcB6Jx4NwggS11gBAqvuO26Mw=,Kf1ohLT4t9aF4JzZ3dQETzlq/Kg=
-47,105,uNDcB6Jx4NwggS11gBAqvuO26Mw=,Kf1ohLT4t9aF4JzZ3dQETzlq/Kg=
-47,106,uNDcB6Jx4NwggS11gBAqvuO26Mw=,Kf1ohLT4t9aF4JzZ3dQETzlq/Kg=
-47,103,uNDcB6Jx4NwggS11gBAqvuO26Mw=,Kf1ohLT4t9aF4JzZ3dQETzlq/Kg=
-45,105,uNDcB6Jx4NwggS11gBAqvuO26Mw=,Kf1ohLT4t9aF4JzZ3dQETzlq/Kg=
-48,106,uNDcB6Jx4NwggS11gBAqvuO26Mw=,Kf1ohLT4t9aF4JzZ3dQETzlq/Kg=
-48,103,uNDcB6Jx4NwggS11gBAqvuO26Mw=,Kf1ohLT4t9aF4JzZ3dQETzlq/Kg=
-44,104,uNDcB6Jx4NwggS11gBAqvuO26Mw=,Kf1ohLT4t9aF4JzZ3dQETzlq/Kg=
-45,104,uNDcB6Jx4NwggS11gBAqvuO26Mw=,Kf1ohLT4t9aF4JzZ3dQETzlq/Kg=
-47,104,uNDcB6Jx4NwggS11gBAqvuO26Mw=,Kf1ohLT4t9aF4JzZ3dQETzlq/Kg=
-48,105,uNDcB6Jx4NwggS11gBAqvuO26Mw=,Kf1ohLT4t9aF4JzZ3dQETzlq/Kg=
-48,104,uNDcB6Jx4NwggS11gBAqvuO26Mw=,Kf1ohLT4t9aF4JzZ3dQETzlq/Kg=
