30,-33,IYURGlJ1QMRWCHH/62HTNSN+Dv8=,Rrv2RLdPCzai+M84b+rcAnqD8K0=
29,-33,IYURGlJ1QMRWCHH/62HTNSN+Dv8=,Rrv2RLdPCzai+M84b+rcAnqD8K0=
28,-33,IYURGlJ1QMRWCHH/62HTNSN+Dv8=,Rrv2RLdPCzai+M84b+rcAnqD8K0=
27,-33,IYURGlJ1QMRWCHH/62HTNSN+Dv8=,Rrv2RLdPCzai+M84b+rcAnqD8K0=
26,-33,IYURGlJ1QMRWCHH/62HTNSN+Dv8=,Rrv2RLdPCzai+M84b+rcAnqD8K0=
25,-33,IYURGlJ1QMRWCHH/62HTNSN+Dv8=,Rrv2RLdPCzai+M84b+rcAnqD8K0=
23,-33,IYURGlJ1QMRWCHH/62HTNSN+Dv8=,Rrv2RLdPCzai+M84b+rcAnqD8K0=
26,-45,IYURGlJ1QMRWCHH/62HTNSN+Dv8=,Rrv2RLdPCzai+M84b+rcAnqD8K0=
27,-45,IYURGlJ1QMRWCHH/62HTNSN+Dv8=,Rrv2RLdPCzai+M84b+rcAnqD8K0=
24,-33,IYURGlJ1QMRWCHH/62HTNSN+Dv8=,Rrv2RLdPCzai+M84b+rcAnqD8K0=
31,-33,IYURGlJ1QMRWCHH/62HTNSN+Dv8=,Rrv2RLdPCzai+M84b+rcAnqD8K0=
28,-45,IYURGlJ1QMRWCHH/62HTNSN+Dv8=,Rrv2RLdPCzai+M84b+rcAnqD8K0=
22,-33,IYURGlJ1QMRWCHH/62HTNSN+Dv8=,Rrv2RLdPCzai+M84b+rcAnqD8K0=
21,-33,IYURGlJ1QMRWCHH/62HTNSN+Dv8=,Rrv2RLdPCzai+M84b+rcAnqD8K0=
23,-45,IYURGlJ1QMRWCHH/62HTNSN+Dv8=,Rrv2RLdPCzai+M84b+rcAnqD8K0=
19,-33,IYURGlJ1QMRWCHH/62HTNSN+Dv8=,Rrv2RLdPCzai+M84b+rcAnqD8K0=
18,-33,IYURGlJ1QMRWCHH/62HTNSN+Dv8=,Rrv2RLdPCzai+M84b+rcAnqD8K0=
20,-33,IYURGlJ1QMRWCHH/62HTNSN+Dv8=,Rrv2RLdPCzai+M84b+rcAnqD8K0=
17,-33,IYURGlJ1QMRWCHH/62HTNSN+Dv8=,Rrv2RLdPCzai+M84b+rcAnqD8K0=
29,-45,IYURGlJ1QMRWCHH/62HTNSN+Dv8=,Rrv2RLdPCzai+M84b+rcAnqD8K0=
16,-33,IYURGlJ1QMRWCHH/62HTNSN+Dv8=,Rrv2RLdPCzai+M84b+rcAnqD8K0=
30,-45,IYURGlJ1QMRWCHH/62HTNSN+Dv8=,Rrv2RLdPCzai+M84b+rcAnqD8K0=
31,-45,IYURGlJ1QMRWCHH/62HTNSN+Dv8=,Rrv2RLdPCzai+M84b+rcAnqD8K0=
24,-45,IYURGlJ1QMRWCHH/62HTNSN+Dv8=,Rrv2RLdPCzai+M84b+rcAnqD8K0=
17,-48,IYURGlJ1QMRWCHH/62HTNSN+Dv8=,Rrv2RLdPCzai+M84b+rcAnqD8K0=
21,-48,IYURGlJ1QMRWCHH/62HTNSN+Dv8=,Rrv2RLdPCzai+M84b+rcAnqD8K0=
20,-47,s7eCecMpLNNuIaWof6VvM0PCzGw=,Rrv2RLdPCzai+M84b+rcAnqD8K0=
31,-34,s7eCecMpLNNuIaWof6VvM0PCzGw=,Rrv2RLdPCzai+M84b+rcAnqD8K0=
21,-46,s7eCecMpLNNuIaWof6VvM0PCzGw=,Rrv2RLdPCzai+M84b+rcAnqD8K0=
25,-45,s7eCecMpLNNuIaWof6VvM0PCzGw=,Rrv2RLdPCzai+M84b+rcAnqD8K0=
18,-45,s7eCecMpLNNuIaWof6VvM0PCzGw=,Rrv2RLdPCzai+M84b+rcAnqD8K0=
17,-45,s7eCecMpLNNuIaWof6VvM0PCzGw=,Rrv2RLdPCzai+M84b+rcAnqD8K0=
30,-34,s7eCecMpLNNuIaWof6VvM0PCzGw=,Rrv2RLdPCzai+M84b+rcAnqD8K0=
29,-34,s7eCecMpLNNuIaWof6VvM0PCzGw=,Rrv2RLdPCzai+M84b+rcAnqD8K0=
19,-45,s7eCecMpLNNuIaWof6VvM0PCzGw=,Rrv2RLdPCzai+M84b+rcAnqD8K0=
27,-34,s7eCecMpLNNuIaWof6VvM0PCzGw=,Rrv2RLdPCzai+M84b+rcAnqD8K0=
26,-34,s7eCecMpLNNuIaWof6VvM0PCzGw=,Rrv2RLdPCzai+M84b+rcAnqD8K0=
28,-34,s7eCecMpLNNuIaWof6VvM0PCzGw=,Rrv2RLdPCzai+M84b+rcAnqD8K0=
19,-48,s7eCecMpLNNuIaWof6VvM0PCzGw=,Rrv2RLdPCzai+M84b+rcAnqD8K0=
25,-34,s7eCecMpLNNuIaWof6VvM0PCzGw=,Rrv2RLdPCzai+M84b+rcAnqD8K0=
24,-34,s7eCecMpLNNuIaWof6VvM0PCzGw=,Rrv2RLdPCzai+M84b+rcAnqD8K0=
22,-46,s7eCecMpLNNuIaWof6VvM0PCzGw=,Rrv2RLdPCzai+M84b+rcAnqD8K0=
23,-34,s7eCecMpLNNuIaWof6VvM0PCzGw=,Rrv2RLdPCzai+M84b+rcAnqD8K0=
21,-34,s7eCecMpLNNuIaWof6VvM0PCzGw=,Rrv2RLdPCzai+M84b+rcAnqD8K0=
22,-34,s7eCecMpLNNuIaWof6VvM0PCzGw=,Rrv2RLdPCzai+M84b+rcAnqD8K0=
20,-34,s7eCecMpLNNuIaWof6VvM0PCzGw=,Rrv2RLdPCzai+M84b+rcAnqD8K0=
19,-34,s7eCecMpLNNuIaWof6VvM0PCzGw=,Rrv2RLdPCzai+M84b+rcAnqD8K0=
18,-34,s7eCecMpLNNuIaWof6VvM0PCzGw=,Rrv2RLdPCzai+M84b+rcAnqD8K0=
31,-35,s7eCecMpLNNuIaWof6VvM0PCzGw=,Rrv2RLdPCzai+M84b+rcAnqD8K0=
20,-48,s7eCecMpLNNuIaWof6VvM0PCzGw=,Rrv2RLdPCzai+M84b+rcAnqD8K0=
17,-34,s7eCecMpLNNuIaWof6VvM0PCzGw=,Rrv2RLdPCzai+M84b+rcAnqD8K0=
30,-35,s7eCecMpLNNuIaWof6VvM0PCzGw=,Rrv2RLdPCzai+M84b+rcAnqD8K0=
29,-35,s7eCecMpLNNuIaWof6VvM0PCzGw=,Rrv2RLdPCzai+M84b+rcAnqD8K0=
27,-35,s7eCecMpLNNuIaWof6VvM0PCzGw=,Rrv2RLdPCzai+M84b+rcAnqD8K0=
28,-35,s7eCecMpLNNuIaWof6VvM0PCzGw=,Rrv2RLdPCzai+M84b+rcAnqD8K0=
20,-46,s7eCecMpLNNuIaWof6VvM0PCzGw=,Rrv2RLdPCzai+M84b+rcAnqD8K0=
16,-34,s7eCecMpLNNuIaWof6VvM0PCzGw=,Rrv2RLdPCzai+M84b+rcAnqD8K0=
26,-35,s7eCecMpLNNuIaWof6VvM0PCzGw=,Rrv2RLdPCzai+M84b+rcAnqD8K0=
24,-35,s7eCecMpLNNuIaWof6VvM0PCzGw=,Rrv2RLdPCzai+M84b+rcAnqD8K0=
23,-35,s7eCecMpLNNuIaWof6VvM0PCzGw=,Rrv2RLdPCzai+M84b+rcAnqD8K0=
22,-35,s7eCecMpLNNuIaWof6VvM0PCzGw=,Rrv2RLdPCzai+M84b+rcAnqD8K0=
22,-45,s7eCecMpLNNuIaWof6VvM0PCzGw=,Rrv2RLdPCzai+M84b+rcAnqD8K0=
25,-35,s7eCecMpLNNuIaWof6VvM0PCzGw=,Rrv2RLdPCzai+M84b+rcAnqD8K0=
20,-45,s7eCecMpLNNuIaWof6VvM0PCzGw=,Rrv2RLdPCzai+M84b+rcAnqD8K0=
31,-36,s7eCecMpLNNuIaWof6VvM0PCzGw=,Rrv2RLdPCzai+M84b+rcAnqD8K0=
21,-45,s7eCecMpLNNuIaWof6VvM0PCzGw=,Rrv2RLdPCzai+M84b+rcAnqD8K0=
21,-35,s7eCecMpLNNuIaWof6VvM0PCzGw=,Rrv2RLdPCzai+M84b+rcAnqD8K0=
18,-35,s7eCecMpLNNuIaWof6VvM0PCzGw=,Rrv2RLdPCzai+M84b+rcAnqD8K0=
21,-47,s7eCecMpLNNuIaWof6VvM0PCzGw=,Rrv2RLdPCzai+M84b+rcAnqD8K0=
20,-35,s7eCecMpLNNuIaWof6VvM0PCzGw=,Rrv2RLdPCzai+M84b+rcAnqD8K0=
19,-35,s7eCecMpLNNuIaWof6VvM0PCzGw=,Rrv2RLdPCzai+M84b+rcAnqD8K0=
29,-36,s7eCecMpLNNuIaWof6VvM0PCzGw=,Rrv2RLdPCzai+M84b+rcAnqD8K0=
30,-36,s7eCecMpLNNuIaWof6VvM0PCzGw=,Rrv2RLdPCzai+M84b+rcAnqD8K0=
16,-35,s7eCecMpLNNuIaWof6VvM0PCzGw=,Rrv2RLdPCzai+M84b+rcAnqD8K0=
27,-36,s7eCecMpLNNuIaWof6VvM0PCzGw=,Rrv2RLdPCzai+M84b+rcAnqD8K0=
25,-36,s7eCecMpLNNuIaWof6VvM0PCzGw=,Rrv2RLdPCzai+M84b+rcAnqD8K0=
28,-36,s7eCecMpLNNuIaWof6VvM0PCzGw=,Rrv2RLdPCzai+M84b+rcAnqD8K0=
24,-36,s7eCecMpLNNuIaWof6VvM0PCzGw=,Rrv2RLdPCzai+M84b+rcAnqD8K0=
23,-36,s7eCecMpLNNuIaWof6VvM0PCzGw=,Rrv2RLdPCzai+M84b+rcAnqD8K0=
17,-35,s7eCecMpLNNuIaWof6VvM0PCzGw=,Rrv2RLdPCzai+M84b+rcAnqD8K0=
22,-36,s7eCecMpLNNuIaWof6VvM0PCzGw=,Rrv2RLdPCzai+M84b+rcAnqD8K0=
21,-36,s7eCecMpLNNuIaWof6VvM0PCzGw=,Rrv2RLdPCzai+M84b+rcAnqD8K0=
26,-36,s7eCecMpLNNuIaWof6VvM0PCzGw=,Rrv2RLdPCzai+M84b+rcAnqD8K0=
22,-47,s7eCecMpLNNuIaWof6VvM0PCzGw=,Rrv2RLdPCzai+M84b+rcAnqD8K0=
17,-36,s7eCecMpLNNuIaWof6VvM0PCzGw=,Rrv2RLdPCzai+M84b+rcAnqD8K0=
20,-36,s7eCecMpLNNuIaWof6VvM0PCzGw=,Rrv2RLdPCzai+M84b+rcAnqD8K0=
31,-46,s7eCecMpLNNuIaWof6VvM0PCzGw=,Rrv2RLdPCzai+M84b+rcAnqD8K0=
16,-36,s7eCecMpLNNuIaWof6VvM0PCzGw=,Rrv2RLdPCzai+M84b+rcAnqD8K0=
19,-36,s7eCecMpLNNuIaWof6VvM0PCzGw=,Rrv2RLdPCzai+M84b+rcAnqD8K0=
31,-47,s7eCecMpLNNuIaWof6VvM0PCzGw=,Rrv2RLdPCzai+M84b+rcAnqD8K0=
16,-45,s7eCecMpLNNuIaWof6VvM0PCzGw=,Rrv2RLdPCzai+M84b+rcAnqD8K0=
19,-47,s7eCecMpLNNuIaWof6VvM0PCzGw=,Rrv2RLdPCzai+M84b+rcAnqD8K0=
31,-37,s7eCecMpLNNuIaWof6VvM0PCzGw=,Rrv2RLdPCzai+M84b+rcAnqD8K0=
18,-36,s7eCecMpLNNuIaWof6VvM0PCzGw=,Rrv2RLdPCzai+M84b+rcAnqD8K0=
19,-46,s7eCecMpLNNuIaWof6VvM0PCzGw=,Rrv2RLdPCzai+M84b+rcAnqD8K0=
26,-37,s7eCecMpLNNuIaWof6VvM0PCzGw=,Rrv2RLdPCzai+M84b+rcAnqD8K0=
31,-48,s7eCecMpLNNuIaWof6VvM0PCzGw=,Rrv2RLdPCzai+M84b+rcAnqD8K0=
30,-47,s7eCecMpLNNuIaWof6VvM0PCzGw=,Rrv2RLdPCzai+M84b+rcAnqD8K0=
29,-37,s7eCecMpLNNuIaWof6VvM0PCzGw=,Rrv2RLdPCzai+M84b+rcAnqD8K0=
27,-37,s7eCecMpLNNuIaWof6VvM0PCzGw=,Rrv2RLdPCzai+M84b+rcAnqD8K0=
25,-37,s7eCecMpLNNuIaWof6VvM0PCzGw=,Rrv2RLdPCzai+M84b+rcAnqD8K0=
24,-37,s7eCecMpLNNuIaWof6VvM0PCzGw=,Rrv2RLdPCzai+M84b+rcAnqD8K0=
23,-37,s7eCecMpLNNuIaWof6VvM0PCzGw=,Rrv2RLdPCzai+M84b+rcAnqD8K0=
30,-48,s7eCecMpLNNuIaWof6VvM0PCzGw=,Rrv2RLdPCzai+M84b+rcAnqD8K0=
17,-37,s7eCecMpLNNuIaWof6VvM0PCzGw=,Rrv2RLdPCzai+M84b+rcAnqD8K0=
18,-46,s7eCecMpLNNuIaWof6VvM0PCzGw=,Rrv2RLdPCzai+M84b+rcAnqD8K0=
30,-46,s7eCecMpLNNuIaWof6VvM0PCzGw=,Rrv2RLdPCzai+M84b+rcAnqD8K0=
30,-37,s7eCecMpLNNuIaWof6VvM0PCzGw=,Rrv2RLdPCzai+M84b+rcAnqD8K0=
18,-37,s7eCecMpLNNuIaWof6VvM0PCzGw=,Rrv2RLdPCzai+M84b+rcAnqD8K0=
20,-37,s7eCecMpLNNuIaWof6VvM0PCzGw=,Rrv2RLdPCzai+M84b+rcAnqD8K0=
22,-37,s7eCecMpLNNuIaWof6VvM0PCzGw=,Rrv2RLdPCzai+M84b+rcAnqD8K0=
28,-37,s7eCecMpLNNuIaWof6VvM0PCzGw=,Rrv2RLdPCzai+M84b+rcAnqD8K0=
18,-48,s7eCecMpLNNuIaWof6VvM0PCzGw=,Rrv2RLdPCzai+M84b+rcAnqD8K0=
19,-37,s7eCecMpLNNuIaWof6VvM0PCzGw=,Rrv2RLdPCzai+M84b+rcAnqD8K0=
16,-37,s7eCecMpLNNuIaWof6VvM0PCzGw=,Rrv2RLdPCzai+M84b+rcAnqD8K0=
31,-38,s7eCecMpLNNuIaWof6VvM0PCzGw=,Rrv2RLdPCzai+M84b+rcAnqD8K0=
30,-38,s7eCecMpLNNuIaWof6VvM0PCzGw=,Rrv2RLdPCzai+M84b+rcAnqD8K0=
25,-38,s7eCecMpLNNuIaWof6VvM0PCzGw=,Rrv2RLdPCzai+M84b+rcAnqD8K0=
21,-37,s7eCecMpLNNuIaWof6VvM0PCzGw=,Rrv2RLdPCzai+M84b+rcAnqD8K0=
26,-38,s7eCecMpLNNuIaWof6VvM0PCzGw=,Rrv2RLdPCzai+M84b+rcAnqD8K0=
28,-38,s7eCecMpLNNuIaWof6VvM0PCzGw=,Rrv2RLdPCzai+M84b+rcAnqD8K0=
29,-48,s7eCecMpLNNuIaWof6VvM0PCzGw=,Rrv2RLdPCzai+M84b+rcAnqD8K0=
27,-38,s7eCecMpLNNuIaWof6VvM0PCzGw=,Rrv2RLdPCzai+M84b+rcAnqD8K0=
17,-47,s7eCecMpLNNuIaWof6VvM0PCzGw=,Rrv2RLdPCzai+M84b+rcAnqD8K0=
29,-38,s7eCecMpLNNuIaWof6VvM0PCzGw=,Rrv2RLdPCzai+M84b+rcAnqD8K0=
16,-38,s7eCecMpLNNuIaWof6VvM0PCzGw=,Rrv2RLdPCzai+M84b+rcAnqD8K0=
24,-38,s7eCecMpLNNuIaWof6VvM0PCzGw=,Rrv2RLdPCzai+M84b+rcAnqD8K0=
18,-38,s7eCecMpLNNuIaWof6VvM0PCzGw=,Rrv2RLdPCzai+M84b+rcAnqD8K0=
17,-38,s7eCecMpLNNuIaWof6VvM0PCzGw=,Rrv2RLdPCzai+M84b+rcAnqD8K0=
29,-47,s7eCecMpLNNuIaWof6VvM0PCzGw=,Rrv2RLdPCzai+M84b+rcAnqD8K0=
16,-47,s7eCecMpLNNuIaWof6VvM0PCzGw=,Rrv2RLdPCzai+M84b+rcAnqD8K0=
22,-38,s7eCecMpLNNuIaWof6VvM0PCzGw=,Rrv2RLdPCzai+M84b+rcAnqD8K0=
21,-38,s7eCecMpLNNuIaWof6VvM0PCzGw=,Rrv2RLdPCzai+M84b+rcAnqD8K0=
23,-38,s7eCecMpLNNuIaWof6VvM0PCzGw=,Rrv2RLdPCzai+M84b+rcAnqD8K0=
31,-39,s7eCecMpLNNuIaWof6VvM0PCzGw=,Rrv2RLdPCzai+M84b+rcAnqD8K0=
27,-39,s7eCecMpLNNuIaWof6VvM0PCzGw=,Rrv2RLdPCzai+M84b+rcAnqD8K0=
19,-38,s7eCecMpLNNuIaWof6VvM0PCzGw=,Rrv2RLdPCzai+M84b+rcAnqD8K0=
17,-46,s7eCecMpLNNuIaWof6VvM0PCzGw=,Rrv2RLdPCzai+M84b+rcAnqD8K0=
22,-48,s7eCecMpLNNuIaWof6VvM0PCzGw=,Rrv2RLdPCzai+M84b+rcAnqD8K0=
25,-39,s7eCecMpLNNuIaWof6VvM0PCzGw=,Rrv2RLdPCzai+M84b+rcAnqD8K0=
20,-38,s7eCecMpLNNuIaWof6VvM0PCzGw=,Rrv2RLdPCzai+M84b+rcAnqD8K0=
18,-47,s7eCecMpLNNuIaWof6VvM0PCzGw=,Rrv2RLdPCzai+M84b+rcAnqD8K0=
29,-39,s7eCecMpLNNuIaWof6VvM0PCzGw=,Rrv2RLdPCzai+M84b+rcAnqD8K0=
28,-48,s7eCecMpLNNuIaWof6VvM0PCzGw=,Rrv2RLdPCzai+M84b+rcAnqD8K0=
26,-39,s7eCecMpLNNuIaWof6VvM0PCzGw=,Rrv2RLdPCzai+M84b+rcAnqD8K0=
28,-47,s7eCecMpLNNuIaWof6VvM0PCzGw=,Rrv2RLdPCzai+M84b+rcAnqD8K0=
24,-39,s7eCecMpLNNuIaWof6VvM0PCzGw=,Rrv2RLdPCzai+M84b+rcAnqD8K0=
31,-40,s7eCecMpLNNuIaWof6VvM0PCzGw=,Rrv2RLdPCzai+M84b+rcAnqD8K0=
16,-44,s7eCecMpLNNuIaWof6VvM0PCzGw=,Rrv2RLdPCzai+M84b+rcAnqD8K0=
29,-46,s7eCecMpLNNuIaWof6VvM0PCzGw=,Rrv2RLdPCzai+M84b+rcAnqD8K0=
17,-39,s7eCecMpLNNuIaWof6VvM0PCzGw=,Rrv2RLdPCzai+M84b+rcAnqD8K0=
16,-39,s7eCecMpLNNuIaWof6VvM0PCzGw=,Rrv2RLdPCzai+M84b+rcAnqD8K0=
19,-39,s7eCecMpLNNuIaWof6VvM0PCzGw=,Rrv2RLdPCzai+M84b+rcAnqD8K0=
16,-46,s7eCecMpLNNuIaWof6VvM0PCzGw=,Rrv2RLdPCzai+M84b+rcAnqD8K0=
27,-47,s7eCecMpLNNuIaWof6VvM0PCzGw=,Rrv2RLdPCzai+M84b+rcAnqD8K0=
28,-46,s7eCecMpLNNuIaWof6VvM0PCzGw=,Rrv2RLdPCzai+M84b+rcAnqD8K0=
22,-39,s7eCecMpLNNuIaWof6VvM0PCzGw=,Rrv2RLdPCzai+M84b+rcAnqD8K0=
29,-40,s7eCecMpLNNuIaWof6VvM0PCzGw=,Rrv2RLdPCzai+M84b+rcAnqD8K0=
27,-40,s7eCecMpLNNuIaWof6VvM0PCzGw=,Rrv2RLdPCzai+M84b+rcAnqD8K0=
16,-48,s7eCecMpLNNuIaWof6VvM0PCzGw=,Rrv2RLdPCzai+M84b+rcAnqD8K0=
26,-40,s7eCecMpLNNuIaWof6VvM0PCzGw=,Rrv2RLdPCzai+M84b+rcAnqD8K0=
23,-39,s7eCecMpLNNuIaWof6VvM0PCzGw=,Rrv2RLdPCzai+M84b+rcAnqD8K0=
30,-40,s7eCecMpLNNuIaWof6VvM0PCzGw=,Rrv2RLdPCzai+M84b+rcAnqD8K0=
18,-40,s7eCecMpLNNuIaWof6VvM0PCzGw=,Rrv2RLdPCzai+M84b+rcAnqD8K0=
25,-40,s7eCecMpLNNuIaWof6VvM0PCzGw=,Rrv2RLdPCzai+M84b+rcAnqD8K0=
20,-39,s7eCecMpLNNuIaWof6VvM0PCzGw=,Rrv2RLdPCzai+M84b+rcAnqD8K0=
28,-39,s7eCecMpLNNuIaWof6VvM0PCzGw=,Rrv2RLdPCzai+M84b+rcAnqD8K0=
17,-40,s7eCecMpLNNuIaWof6VvM0PCzGw=,Rrv2RLdPCzai+M84b+rcAnqD8K0=
24,-40,s7eCecMpLNNuIaWof6VvM0PCzGw=,Rrv2RLdPCzai+M84b+rcAnqD8K0=
30,-39,s7eCecMpLNNuIaWof6VvM0PCzGw=,Rrv2RLdPCzai+M84b+rcAnqD8K0=
18,-39,s7eCecMpLNNuIaWof6VvM0PCzGw=,Rrv2RLdPCzai+M84b+rcAnqD8K0=
27,-46,s7eCecMpLNNuIaWof6VvM0PCzGw=,Rrv2RLdPCzai+M84b+rcAnqD8K0=
28,-40,s7eCecMpLNNuIaWof6VvM0PCzGw=,Rrv2RLdPCzai+M84b+rcAnqD8K0=
16,-40,s7eCecMpLNNuIaWof6VvM0PCzGw=,Rrv2RLdPCzai+M84b+rcAnqD8K0=
27,-41,s7eCecMpLNNuIaWof6VvM0PCzGw=,Rrv2RLdPCzai+M84b+rcAnqD8K0=
28,-41,s7eCecMpLNNuIaWof6VvM0PCzGw=,Rrv2RLdPCzai+M84b+rcAnqD8K0=
29,-41,s7eCecMpLNNuIaWof6VvM0PCzGw=,Rrv2RLdPCzai+M84b+rcAnqD8K0=
23,-40,s7eCecMpLNNuIaWof6VvM0PCzGw=,Rrv2RLdPCzai+M84b+rcAnqD8K0=
22,-40,s7eCecMpLNNuIaWof6VvM0PCzGw=,Rrv2RLdPCzai+M84b+rcAnqD8K0=
21,-40,s7eCecMpLNNuIaWof6VvM0PCzGw=,Rrv2RLdPCzai+M84b+rcAnqD8K0=
26,-41,s7eCecMpLNNuIaWof6VvM0PCzGw=,Rrv2RLdPCzai+M84b+rcAnqD8K0=
20,-41,s7eCecMpLNNuIaWof6VvM0PCzGw=,Rrv2RLdPCzai+M84b+rcAnqD8K0=
26,-48,s7eCecMpLNNuIaWof6VvM0PCzGw=,Rrv2RLdPCzai+M84b+rcAnqD8K0=
18,-41,s7eCecMpLNNuIaWof6VvM0PCzGw=,Rrv2RLdPCzai+M84b+rcAnqD8K0=
30,-41,s7eCecMpLNNuIaWof6VvM0PCzGw=,Rrv2RLdPCzai+M84b+rcAnqD8K0=
26,-46,s7eCecMpLNNuIaWof6VvM0PCzGw=,Rrv2RLdPCzai+M84b+rcAnqD8K0=
19,-41,s7eCecMpLNNuIaWof6VvM0PCzGw=,Rrv2RLdPCzai+M84b+rcAnqD8K0=
28,-42,s7eCecMpLNNuIaWof6VvM0PCzGw=,Rrv2RLdPCzai+M84b+rcAnqD8K0=
29,-42,s7eCecMpLNNuIaWof6VvM0PCzGw=,Rrv2RLdPCzai+M84b+rcAnqD8K0=
21,-41,s7eCecMpLNNuIaWof6VvM0PCzGw=,Rrv2RLdPCzai+M84b+rcAnqD8K0=
26,-47,s7eCecMpLNNuIaWof6VvM0PCzGw=,Rrv2RLdPCzai+M84b+rcAnqD8K0=
26,-42,s7eCecMpLNNuIaWof6VvM0PCzGw=,Rrv2RLdPCzai+M84b+rcAnqD8K0=
16,-41,s7eCecMpLNNuIaWof6VvM0PCzGw=,Rrv2RLdPCzai+M84b+rcAnqD8K0=
31,-42,s7eCecMpLNNuIaWof6VvM0PCzGw=,Rrv2RLdPCzai+M84b+rcAnqD8K0=
25,-47,s7eCecMpLNNuIaWof6VvM0PCzGw=,Rrv2RLdPCzai+M84b+rcAnqD8K0=
23,-41,s7eCecMpLNNuIaWof6VvM0PCzGw=,Rrv2RLdPCzai+M84b+rcAnqD8K0=
23,-46,s7eCecMpLNNuIaWof6VvM0PCzGw=,Rrv2RLdPCzai+M84b+rcAnqD8K0=
27,-48,s7eCecMpLNNuIaWof6VvM0PCzGw=,Rrv2RLdPCzai+M84b+rcAnqD8K0=
22,-41,s7eCecMpLNNuIaWof6VvM0PCzGw=,Rrv2RLdPCzai+M84b+rcAnqD8K0=
24,-41,s7eCecMpLNNuIaWof6VvM0PCzGw=,Rrv2RLdPCzai+M84b+rcAnqD8K0=
19,-40,s7eCecMpLNNuIaWof6VvM0PCzGw=,Rrv2RLdPCzai+M84b+rcAnqD8K0=
21,-39,s7eCecMpLNNuIaWof6VvM0PCzGw=,Rrv2RLdPCzai+M84b+rcAnqD8K0=
31,-41,s7eCecMpLNNuIaWof6VvM0PCzGw=,Rrv2RLdPCzai+M84b+rcAnqD8K0=
25,-48,s7eCecMpLNNuIaWof6VvM0PCzGw=,Rrv2RLdPCzai+M84b+rcAnqD8K0=
21,-42,s7eCecMpLNNuIaWof6VvM0PCzGw=,Rrv2RLdPCzai+M84b+rcAnqD8K0=
18,-42,s7eCecMpLNNuIaWof6VvM0PCzGw=,Rrv2RLdPCzai+M84b+rcAnqD8K0=
20,-42,s7eCecMpLNNuIaWof6VvM0PCzGw=,Rrv2RLdPCzai+M84b+rcAnqD8K0=
27,-42,s7eCecMpLNNuIaWof6VvM0PCzGw=,Rrv2RLdPCzai+M84b+rcAnqD8K0=
25,-46,s7eCecMpLNNuIaWof6VvM0PCzGw=,Rrv2RLdPCzai+M84b+rcAnqD8K0=
17,-44,s7eCecMpLNNuIaWof6VvM0PCzGw=,Rrv2RLdPCzai+M84b+rcAnqD8K0=
23,-42,s7eCecMpLNNuIaWof6VvM0PCzGw=,Rrv2RLdPCzai+M84b+rcAnqD8K0=
22,-42,s7eCecMpLNNuIaWof6VvM0PCzGw=,Rrv2RLdPCzai+M84b+rcAnqD8K0=
29,-43,s7eCecMpLNNuIaWof6VvM0PCzGw=,Rrv2RLdPCzai+M84b+rcAnqD8K0=
17,-42,s7eCecMpLNNuIaWof6VvM0PCzGw=,Rrv2RLdPCzai+M84b+rcAnqD8K0=
20,-40,s7eCecMpLNNuIaWof6VvM0PCzGw=,Rrv2RLdPCzai+M84b+rcAnqD8K0=
24,-47,s7eCecMpLNNuIaWof6VvM0PCzGw=,Rrv2RLdPCzai+M84b+rcAnqD8K0=
28,-43,s7eCecMpLNNuIaWof6VvM0PCzGw=,Rrv2RLdPCzai+M84b+rcAnqD8K0=
27,-43,s7eCecMpLNNuIaWof6VvM0PCzGw=,Rrv2RLdPCzai+M84b+rcAnqD8K0=
16,-42,s7eCecMpLNNuIaWof6VvM0PCzGw=,Rrv2RLdPCzai+M84b+rcAnqD8K0=
30,-43,s7eCecMpLNNuIaWof6VvM0PCzGw=,Rrv2RLdPCzai+M84b+rcAnqD8K0=
23,-43,s7eCecMpLNNuIaWof6VvM0PCzGw=,Rrv2RLdPCzai+M84b+rcAnqD8K0=
21,-43,s7eCecMpLNNuIaWof6VvM0PCzGw=,Rrv2RLdPCzai+M84b+rcAnqD8K0=
19,-42,s7eCecMpLNNuIaWof6VvM0PCzGw=,Rrv2RLdPCzai+M84b+rcAnqD8K0=
22,-43,s7eCecMpLNNuIaWof6VvM0PCzGw=,Rrv2RLdPCzai+M84b+rcAnqD8K0=
25,-43,s7eCecMpLNNuIaWof6VvM0PCzGw=,Rrv2RLdPCzai+M84b+rcAnqD8K0=
31,-44,s7eCecMpLNNuIaWof6VvM0PCzGw=,Rrv2RLdPCzai+M84b+rcAnqD8K0=
30,-44,s7eCecMpLNNuIaWof6VvM0PCzGw=,Rrv2RLdPCzai+M84b+rcAnqD8K0=
24,-43,s7eCecMpLNNuIaWof6VvM0PCzGw=,Rrv2RLdPCzai+M84b+rcAnqD8K0=
30,-42,s7eCecMpLNNuIaWof6VvM0PCzGw=,Rrv2RLdPCzai+M84b+rcAnqD8K0=
17,-41,s7eCecMpLNNuIaWof6VvM0PCzGw=,Rrv2RLdPCzai+M84b+rcAnqD8K0=
24,-46,s7eCecMpLNNuIaWof6VvM0PCzGw=,Rrv2RLdPCzai+M84b+rcAnqD8K0=
28,-44,s7eCecMpLNNuIaWof6VvM0PCzGw=,Rrv2RLdPCzai+M84b+rcAnqD8K0=
18,-43,s7eCecMpLNNuIaWof6VvM0PCzGw=,Rrv2RLdPCzai+M84b+rcAnqD8K0=
29,-44,s7eCecMpLNNuIaWof6VvM0PCzGw=,Rrv2RLdPCzai+M84b+rcAnqD8K0=
26,-44,s7eCecMpLNNuIaWof6VvM0PCzGw=,Rrv2RLdPCzai+M84b+rcAnqD8K0=
27,-44,s7eCecMpLNNuIaWof6VvM0PCzGw=,Rrv2RLdPCzai+M84b+rcAnqD8K0=
24,-42,s7eCecMpLNNuIaWof6VvM0PCzGw=,Rrv2RLdPCzai+M84b+rcAnqD8K0=
25,-44,s7eCecMpLNNuIaWof6VvM0PCzGw=,Rrv2RLdPCzai+M84b+rcAnqD8K0=
24,-44,s7eCecMpLNNuIaWof6VvM0PCzGw=,Rrv2RLdPCzai+M84b+rcAnqD8K0=
16,-43,s7eCecMpLNNuIaWof6VvM0PCzGw=,Rrv2RLdPCzai+M84b+rcAnqD8K0=
20,-43,s7eCecMpLNNuIaWof6VvM0PCzGw=,Rrv2RLdPCzai+M84b+rcAnqD8K0=
25,-41,s7eCecMpLNNuIaWof6VvM0PCzGw=,Rrv2RLdPCzai+M84b+rcAnqD8K0=
23,-48,s7eCecMpLNNuIaWof6VvM0PCzGw=,Rrv2RLdPCzai+M84b+rcAnqD8K0=
24,-48,s7eCecMpLNNuIaWof6VvM0PCzGw=,Rrv2RLdPCzai+M84b+rcAnqD8K0=
22,-44,s7eCecMpLNNuIaWof6VvM0PCzGw=,Rrv2RLdPCzai+M84b+rcAnqD8K0=
23,-44,s7eCecMpLNNuIaWof6VvM0PCzGw=,Rrv2RLdPCzai+M84b+rcAnqD8K0=
17,-43,s7eCecMpLNNuIaWof6VvM0PCzGw=,Rrv2RLdPCzai+M84b+rcAnqD8K0=
19,-43,s7eCecMpLNNuIaWof6VvM0PCzGw=,Rrv2RLdPCzai+M84b+rcAnqD8K0=
31,-43,s7eCecMpLNNuIaWof6VvM0PCzGw=,Rrv2RLdPCzai+M84b+rcAnqD8K0=
18,-44,s7eCecMpLNNuIaWof6VvM0PCzGw=,Rrv2RLdPCzai+M84b+rcAnqD8K0=
25,-42,s7eCecMpLNNuIaWof6VvM0PCzGw=,Rrv2RLdPCzai+M84b+rcAnqD8K0=
26,-43,s7eCecMpLNNuIaWof6VvM0PCzGw=,Rrv2RLdPCzai+M84b+rcAnqD8K0=
19,-44,s7eCecMpLNNuIaWof6VvM0PCzGw=,Rrv2RLdPCzai+M84b+rcAnqD8K0=
21,-44,s7eCecMpLNNuIaWof6VvM0PCzGw=,Rrv2RLdPCzai+M84b+rcAnqD8K0=
23,-47,s7eCecMpLNNuIaWof6VvM0PCzGw=,Rrv2RLdPCzai+M84b+rcAnqD8K0=
20,-44,s7eCecMpLNNuIaWof6VvM0PCzGw=,Rrv2RLdPCzai+M84b+rcAnqD8K0=
21,-64,+73v9e0j9OUi5/Ex6EYAWddRXao=,J0oDvwXVcHfIDuAE2tUdGeQ2dmc=
27,-61,+73v9e0j9OUi5/Ex6EYAWddRXao=,J0oDvwXVcHfIDuAE2tUdGeQ2dmc=
28,-61,+73v9e0j9OUi5/Ex6EYAWddRXao=,J0oDvwXVcHfIDuAE2tUdGeQ2dmc=
29,-61,+73v9e0j9OUi5/Ex6EYAWddRXao=,J0oDvwXVcHfIDuAE2tUdGeQ2dmc=
30,-61,+73v9e0j9OUi5/Ex6EYAWddRXao=,J0oDvwXVcHfIDuAE2tUdGeQ2dmc=
31,-61,+73v9e0j9OUi5/Ex6EYAWddRXao=,J0oDvwXVcHfIDuAE2tUdGeQ2dmc=
17,-64,+73v9e0j9OUi5/Ex6EYAWddRXao=,J0oDvwXVcHfIDuAE2tUdGeQ2dmc=
26,-61,+73v9e0j9OUi5/Ex6EYAWddRXao=,J0oDvwXVcHfIDuAE2tUdGeQ2dmc=
30,-49,+73v9e0j9OUi5/Ex6EYAWddRXao=,J0oDvwXVcHfIDuAE2tUdGeQ2dmc=
31,-49,+73v9e0j9OUi5/Ex6EYAWddRXao=,J0oDvwXVcHfIDuAE2tUdGeQ2dmc=
19,-64,+73v9e0j9OUi5/Ex6EYAWddRXao=,J0oDvwXVcHfIDuAE2tUdGeQ2dmc=
20,-62,KHtha6Zs2sChYiXjMuP7OL6xoEE=,J0oDvwXVcHfIDuAE2tUdGeQ2dmc=
20,-63,KHtha6Zs2sChYiXjMuP7OL6xoEE=,J0oDvwXVcHfIDuAE2tUdGeQ2dmc=
18,-61,KHtha6Zs2sChYiXjMuP7OL6xoEE=,J0oDvwXVcHfIDuAE2tUdGeQ2dmc=
21,-63,KHtha6Zs2sChYiXjMuP7OL6xoEE=,J0oDvwXVcHfIDuAE2tUdGeQ2dmc=
22,-61,KHtha6Zs2sChYiXjMuP7OL6xoEE=,J0oDvwXVcHfIDuAE2tUdGeQ2dmc=
19,-61,4QT+MGATMULFDLVlim2F5A1Dlks=,J0oDvwXVcHfIDuAE2tUdGeQ2dmc=
21,-62,4QT+MGATMULFDLVlim2F5A1Dlks=,J0oDvwXVcHfIDuAE2tUdGeQ2dmc=
28,-49,4QT+MGATMULFDLVlim2F5A1Dlks=,J0oDvwXVcHfIDuAE2tUdGeQ2dmc=
27,-49,4QT+MGATMULFDLVlim2F5A1Dlks=,J0oDvwXVcHfIDuAE2tUdGeQ2dmc=
29,-49,4QT+MGATMULFDLVlim2F5A1Dlks=,J0oDvwXVcHfIDuAE2tUdGeQ2dmc=
20,-61,4QT+MGATMULFDLVlim2F5A1Dlks=,J0oDvwXVcHfIDuAE2tUdGeQ2dmc=
25,-61,4QT+MGATMULFDLVlim2F5A1Dlks=,J0oDvwXVcHfIDuAE2tUdGeQ2dmc=
22,-63,4QT+MGATMULFDLVlim2F5A1Dlks=,J0oDvwXVcHfIDuAE2tUdGeQ2dmc=
22,-62,4QT+MGATMULFDLVlim2F5A1Dlks=,J0oDvwXVcHfIDuAE2tUdGeQ2dmc=
24,-49,4QT+MGATMULFDLVlim2F5A1Dlks=,J0oDvwXVcHfIDuAE2tUdGeQ2dmc=
23,-49,4QT+MGATMULFDLVlim2F5A1Dlks=,J0oDvwXVcHfIDuAE2tUdGeQ2dmc=
25,-49,4QT+MGATMULFDLVlim2F5A1Dlks=,J0oDvwXVcHfIDuAE2tUdGeQ2dmc=
26,-49,4QT+MGATMULFDLVlim2F5A1Dlks=,J0oDvwXVcHfIDuAE2tUdGeQ2dmc=
31,-50,4QT+MGATMULFDLVlim2F5A1Dlks=,J0oDvwXVcHfIDuAE2tUdGeQ2dmc=
20,-64,4QT+MGATMULFDLVlim2F5A1Dlks=,J0oDvwXVcHfIDuAE2tUdGeQ2dmc=
21,-61,4QT+MGATMULFDLVlim2F5A1Dlks=,J0oDvwXVcHfIDuAE2tUdGeQ2dmc=
20,-49,4QT+MGATMULFDLVlim2F5A1Dlks=,J0oDvwXVcHfIDuAE2tUdGeQ2dmc=
30,-50,4QT+MGATMULFDLVlim2F5A1Dlks=,J0oDvwXVcHfIDuAE2tUdGeQ2dmc=
19,-62,4QT+MGATMULFDLVlim2F5A1Dlks=,J0oDvwXVcHfIDuAE2tUdGeQ2dmc=
29,-50,4QT+MGATMULFDLVlim2F5A1Dlks=,J0oDvwXVcHfIDuAE2tUdGeQ2dmc=
22,-49,4QT+MGATMULFDLVlim2F5A1Dlks=,J0oDvwXVcHfIDuAE2tUdGeQ2dmc=
16,-60,4QT+MGATMULFDLVlim2F5A1Dlks=,J0oDvwXVcHfIDuAE2tUdGeQ2dmc=
27,-50,4QT+MGATMULFDLVlim2F5A1Dlks=,J0oDvwXVcHfIDuAE2tUdGeQ2dmc=
28,-50,4QT+MGATMULFDLVlim2F5A1Dlks=,J0oDvwXVcHfIDuAE2tUdGeQ2dmc=
24,-61,4QT+MGATMULFDLVlim2F5A1Dlks=,J0oDvwXVcHfIDuAE2tUdGeQ2dmc=
20,-50,4QT+MGATMULFDLVlim2F5A1Dlks=,J0oDvwXVcHfIDuAE2tUdGeQ2dmc=
19,-50,4QT+MGATMULFDLVlim2F5A1Dlks=,J0oDvwXVcHfIDuAE2tUdGeQ2dmc=
25,-50,4QT+MGATMULFDLVlim2F5A1Dlks=,J0oDvwXVcHfIDuAE2tUdGeQ2dmc=
24,-50,4QT+MGATMULFDLVlim2F5A1Dlks=,J0oDvwXVcHfIDuAE2tUdGeQ2dmc=
19,-49,4QT+MGATMULFDLVlim2F5A1Dlks=,J0oDvwXVcHfIDuAE2tUdGeQ2dmc=
26,-50,4QT+MGATMULFDLVlim2F5A1Dlks=,J0oDvwXVcHfIDuAE2tUdGeQ2dmc=
17,-61,4QT+MGATMULFDLVlim2F5A1Dlks=,J0oDvwXVcHfIDuAE2tUdGeQ2dmc=
21,-49,4QT+MGATMULFDLVlim2F5A1Dlks=,J0oDvwXVcHfIDuAE2tUdGeQ2dmc=
31,-51,4QT+MGATMULFDLVlim2F5A1Dlks=,J0oDvwXVcHfIDuAE2tUdGeQ2dmc=
28,-51,4QT+MGATMULFDLVlim2F5A1Dlks=,J0oDvwXVcHfIDuAE2tUdGeQ2dmc=
30,-51,4QT+MGATMULFDLVlim2F5A1Dlks=,J0oDvwXVcHfIDuAE2tUdGeQ2dmc=
17,-49,4QT+MGATMULFDLVlim2F5A1Dlks=,J0oDvwXVcHfIDuAE2tUdGeQ2dmc=
29,-51,4QT+MGATMULFDLVlim2F5A1Dlks=,J0oDvwXVcHfIDuAE2tUdGeQ2dmc=
22,-50,4QT+MGATMULFDLVlim2F5A1Dlks=,J0oDvwXVcHfIDuAE2tUdGeQ2dmc=
26,-51,4QT+MGATMULFDLVlim2F5A1Dlks=,J0oDvwXVcHfIDuAE2tUdGeQ2dmc=
27,-51,4QT+MGATMULFDLVlim2F5A1Dlks=,J0oDvwXVcHfIDuAE2tUdGeQ2dmc=
25,-51,4QT+MGATMULFDLVlim2F5A1Dlks=,J0oDvwXVcHfIDuAE2tUdGeQ2dmc=
24,-51,4QT+MGATMULFDLVlim2F5A1Dlks=,J0oDvwXVcHfIDuAE2tUdGeQ2dmc=
19,-63,4QT+MGATMULFDLVlim2F5A1Dlks=,J0oDvwXVcHfIDuAE2tUdGeQ2dmc=
18,-62,4QT+MGATMULFDLVlim2F5A1Dlks=,J0oDvwXVcHfIDuAE2tUdGeQ2dmc=
21,-50,4QT+MGATMULFDLVlim2F5A1Dlks=,J0oDvwXVcHfIDuAE2tUdGeQ2dmc=
23,-51,4QT+MGATMULFDLVlim2F5A1Dlks=,J0oDvwXVcHfIDuAE2tUdGeQ2dmc=
16,-49,4QT+MGATMULFDLVlim2F5A1Dlks=,J0oDvwXVcHfIDuAE2tUdGeQ2dmc=
18,-51,4QT+MGATMULFDLVlim2F5A1Dlks=,J0oDvwXVcHfIDuAE2tUdGeQ2dmc=
21,-51,4QT+MGATMULFDLVlim2F5A1Dlks=,J0oDvwXVcHfIDuAE2tUdGeQ2dmc=
23,-50,4QT+MGATMULFDLVlim2F5A1Dlks=,J0oDvwXVcHfIDuAE2tUdGeQ2dmc=
18,-50,4QT+MGATMULFDLVlim2F5A1Dlks=,J0oDvwXVcHfIDuAE2tUdGeQ2dmc=
18,-63,4QT+MGATMULFDLVlim2F5A1Dlks=,J0oDvwXVcHfIDuAE2tUdGeQ2dmc=
27,-52,4QT+MGATMULFDLVlim2F5A1Dlks=,J0oDvwXVcHfIDuAE2tUdGeQ2dmc=
26,-52,4QT+MGATMULFDLVlim2F5A1Dlks=,J0oDvwXVcHfIDuAE2tUdGeQ2dmc=
31,-52,4QT+MGATMULFDLVlim2F5A1Dlks=,J0oDvwXVcHfIDuAE2tUdGeQ2dmc=
28,-52,4QT+MGATMULFDLVlim2F5A1Dlks=,J0oDvwXVcHfIDuAE2tUdGeQ2dmc=
17,-62,4QT+MGATMULFDLVlim2F5A1Dlks=,J0oDvwXVcHfIDuAE2tUdGeQ2dmc=
17,-51,4QT+MGATMULFDLVlim2F5A1Dlks=,J0oDvwXVcHfIDuAE2tUdGeQ2dmc=
24,-52,4QT+MGATMULFDLVlim2F5A1Dlks=,J0oDvwXVcHfIDuAE2tUdGeQ2dmc=
23,-52,4QT+MGATMULFDLVlim2F5A1Dlks=,J0oDvwXVcHfIDuAE2tUdGeQ2dmc=
30,-52,4QT+MGATMULFDLVlim2F5A1Dlks=,J0oDvwXVcHfIDuAE2tUdGeQ2dmc=
22,-52,4QT+MGATMULFDLVlim2F5A1Dlks=,J0oDvwXVcHfIDuAE2tUdGeQ2dmc=
31,-62,4QT+MGATMULFDLVlim2F5A1Dlks=,J0oDvwXVcHfIDuAE2tUdGeQ2dmc=
25,-52,4QT+MGATMULFDLVlim2F5A1Dlks=,J0oDvwXVcHfIDuAE2tUdGeQ2dmc=
17,-63,4QT+MGATMULFDLVlim2F5A1Dlks=,J0oDvwXVcHfIDuAE2tUdGeQ2dmc=
18,-64,4QT+MGATMULFDLVlim2F5A1Dlks=,J0oDvwXVcHfIDuAE2tUdGeQ2dmc=
22,-51,4QT+MGATMULFDLVlim2F5A1Dlks=,J0oDvwXVcHfIDuAE2tUdGeQ2dmc=
30,-63,4QT+MGATMULFDLVlim2F5A1Dlks=,J0oDvwXVcHfIDuAE2tUdGeQ2dmc=
23,-61,4QT+MGATMULFDLVlim2F5A1Dlks=,J0oDvwXVcHfIDuAE2tUdGeQ2dmc=
17,-52,4QT+MGATMULFDLVlim2F5A1Dlks=,J0oDvwXVcHfIDuAE2tUdGeQ2dmc=
18,-52,4QT+MGATMULFDLVlim2F5A1Dlks=,J0oDvwXVcHfIDuAE2tUdGeQ2dmc=
16,-63,4QT+MGATMULFDLVlim2F5A1Dlks=,J0oDvwXVcHfIDuAE2tUdGeQ2dmc=
26,-53,4QT+MGATMULFDLVlim2F5A1Dlks=,J0oDvwXVcHfIDuAE2tUdGeQ2dmc=
30,-64,4QT+MGATMULFDLVlim2F5A1Dlks=,J0oDvwXVcHfIDuAE2tUdGeQ2dmc=
19,-51,4QT+MGATMULFDLVlim2F5A1Dlks=,J0oDvwXVcHfIDuAE2tUdGeQ2dmc=
31,-64,4QT+MGATMULFDLVlim2F5A1Dlks=,J0oDvwXVcHfIDuAE2tUdGeQ2dmc=
20,-51,4QT+MGATMULFDLVlim2F5A1Dlks=,J0oDvwXVcHfIDuAE2tUdGeQ2dmc=
27,-53,4QT+MGATMULFDLVlim2F5A1Dlks=,J0oDvwXVcHfIDuAE2tUdGeQ2dmc=
18,-49,4QT+MGATMULFDLVlim2F5A1Dlks=,J0oDvwXVcHfIDuAE2tUdGeQ2dmc=
16,-51,4QT+MGATMULFDLVlim2F5A1Dlks=,J0oDvwXVcHfIDuAE2tUdGeQ2dmc=
20,-52,4QT+MGATMULFDLVlim2F5A1Dlks=,J0oDvwXVcHfIDuAE2tUdGeQ2dmc=
16,-61,4QT+MGATMULFDLVlim2F5A1Dlks=,J0oDvwXVcHfIDuAE2tUdGeQ2dmc=
23,-62,4QT+MGATMULFDLVlim2F5A1Dlks=,J0oDvwXVcHfIDuAE2tUdGeQ2dmc=
16,-64,4QT+MGATMULFDLVlim2F5A1Dlks=,J0oDvwXVcHfIDuAE2tUdGeQ2dmc=
16,-50,4QT+MGATMULFDLVlim2F5A1Dlks=,J0oDvwXVcHfIDuAE2tUdGeQ2dmc=
30,-62,4QT+MGATMULFDLVlim2F5A1Dlks=,J0oDvwXVcHfIDuAE2tUdGeQ2dmc=
21,-53,4QT+MGATMULFDLVlim2F5A1Dlks=,J0oDvwXVcHfIDuAE2tUdGeQ2dmc=
29,-64,4QT+MGATMULFDLVlim2F5A1Dlks=,J0oDvwXVcHfIDuAE2tUdGeQ2dmc=
29,-63,4QT+MGATMULFDLVlim2F5A1Dlks=,J0oDvwXVcHfIDuAE2tUdGeQ2dmc=
23,-53,4QT+MGATMULFDLVlim2F5A1Dlks=,J0oDvwXVcHfIDuAE2tUdGeQ2dmc=
30,-53,4QT+MGATMULFDLVlim2F5A1Dlks=,J0oDvwXVcHfIDuAE2tUdGeQ2dmc=
22,-53,4QT+MGATMULFDLVlim2F5A1Dlks=,J0oDvwXVcHfIDuAE2tUdGeQ2dmc=
27,-54,4QT+MGATMULFDLVlim2F5A1Dlks=,J0oDvwXVcHfIDuAE2tUdGeQ2dmc=
26,-54,4QT+MGATMULFDLVlim2F5A1Dlks=,J0oDvwXVcHfIDuAE2tUdGeQ2dmc=
20,-53,4QT+MGATMULFDLVlim2F5A1Dlks=,J0oDvwXVcHfIDuAE2tUdGeQ2dmc=
29,-52,4QT+MGATMULFDLVlim2F5A1Dlks=,J0oDvwXVcHfIDuAE2tUdGeQ2dmc=
17,-50,4QT+MGATMULFDLVlim2F5A1Dlks=,J0oDvwXVcHfIDuAE2tUdGeQ2dmc=
25,-53,4QT+MGATMULFDLVlim2F5A1Dlks=,J0oDvwXVcHfIDuAE2tUdGeQ2dmc=
19,-53,4QT+MGATMULFDLVlim2F5A1Dlks=,J0oDvwXVcHfIDuAE2tUdGeQ2dmc=
18,-53,4QT+MGATMULFDLVlim2F5A1Dlks=,J0oDvwXVcHfIDuAE2tUdGeQ2dmc=
17,-53,4QT+MGATMULFDLVlim2F5A1Dlks=,J0oDvwXVcHfIDuAE2tUdGeQ2dmc=
28,-54,4QT+MGATMULFDLVlim2F5A1Dlks=,J0oDvwXVcHfIDuAE2tUdGeQ2dmc=
29,-62,4QT+MGATMULFDLVlim2F5A1Dlks=,J0oDvwXVcHfIDuAE2tUdGeQ2dmc=
16,-52,4QT+MGATMULFDLVlim2F5A1Dlks=,J0oDvwXVcHfIDuAE2tUdGeQ2dmc=
28,-64,4QT+MGATMULFDLVlim2F5A1Dlks=,J0oDvwXVcHfIDuAE2tUdGeQ2dmc=
28,-63,4QT+MGATMULFDLVlim2F5A1Dlks=,J0oDvwXVcHfIDuAE2tUdGeQ2dmc=
31,-55,4QT+MGATMULFDLVlim2F5A1Dlks=,J0oDvwXVcHfIDuAE2tUdGeQ2dmc=
16,-62,4QT+MGATMULFDLVlim2F5A1Dlks=,J0oDvwXVcHfIDuAE2tUdGeQ2dmc=
29,-55,4QT+MGATMULFDLVlim2F5A1Dlks=,J0oDvwXVcHfIDuAE2tUdGeQ2dmc=
28,-55,4QT+MGATMULFDLVlim2F5A1Dlks=,J0oDvwXVcHfIDuAE2tUdGeQ2dmc=
31,-53,4QT+MGATMULFDLVlim2F5A1Dlks=,J0oDvwXVcHfIDuAE2tUdGeQ2dmc=
29,-54,4QT+MGATMULFDLVlim2F5A1Dlks=,J0oDvwXVcHfIDuAE2tUdGeQ2dmc=
27,-55,4QT+MGATMULFDLVlim2F5A1Dlks=,J0oDvwXVcHfIDuAE2tUdGeQ2dmc=
19,-52,4QT+MGATMULFDLVlim2F5A1Dlks=,J0oDvwXVcHfIDuAE2tUdGeQ2dmc=
18,-54,4QT+MGATMULFDLVlim2F5A1Dlks=,J0oDvwXVcHfIDuAE2tUdGeQ2dmc=
30,-55,4QT+MGATMULFDLVlim2F5A1Dlks=,J0oDvwXVcHfIDuAE2tUdGeQ2dmc=
17,-54,4QT+MGATMULFDLVlim2F5A1Dlks=,J0oDvwXVcHfIDuAE2tUdGeQ2dmc=
21,-54,4QT+MGATMULFDLVlim2F5A1Dlks=,J0oDvwXVcHfIDuAE2tUdGeQ2dmc=
21,-52,4QT+MGATMULFDLVlim2F5A1Dlks=,J0oDvwXVcHfIDuAE2tUdGeQ2dmc=
31,-63,4QT+MGATMULFDLVlim2F5A1Dlks=,J0oDvwXVcHfIDuAE2tUdGeQ2dmc=
30,-54,4QT+MGATMULFDLVlim2F5A1Dlks=,J0oDvwXVcHfIDuAE2tUdGeQ2dmc=
27,-64,4QT+MGATMULFDLVlim2F5A1Dlks=,J0oDvwXVcHfIDuAE2tUdGeQ2dmc=
28,-62,4QT+MGATMULFDLVlim2F5A1Dlks=,J0oDvwXVcHfIDuAE2tUdGeQ2dmc=
22,-64,4QT+MGATMULFDLVlim2F5A1Dlks=,J0oDvwXVcHfIDuAE2tUdGeQ2dmc=
22,-54,4QT+MGATMULFDLVlim2F5A1Dlks=,J0oDvwXVcHfIDuAE2tUdGeQ2dmc=
27,-63,4QT+MGATMULFDLVlim2F5A1Dlks=,J0oDvwXVcHfIDuAE2tUdGeQ2dmc=
31,-56,4QT+MGATMULFDLVlim2F5A1Dlks=,J0oDvwXVcHfIDuAE2tUdGeQ2dmc=
30,-56,4QT+MGATMULFDLVlim2F5A1Dlks=,J0oDvwXVcHfIDuAE2tUdGeQ2dmc=
29,-56,4QT+MGATMULFDLVlim2F5A1Dlks=,J0oDvwXVcHfIDuAE2tUdGeQ2dmc=
28,-56,4QT+MGATMULFDLVlim2F5A1Dlks=,J0oDvwXVcHfIDuAE2tUdGeQ2dmc=
27,-56,4QT+MGATMULFDLVlim2F5A1Dlks=,J0oDvwXVcHfIDuAE2tUdGeQ2dmc=
26,-56,4QT+MGATMULFDLVlim2F5A1Dlks=,J0oDvwXVcHfIDuAE2tUdGeQ2dmc=
28,-53,4QT+MGATMULFDLVlim2F5A1Dlks=,J0oDvwXVcHfIDuAE2tUdGeQ2dmc=
24,-53,4QT+MGATMULFDLVlim2F5A1Dlks=,J0oDvwXVcHfIDuAE2tUdGeQ2dmc=
26,-55,4QT+MGATMULFDLVlim2F5A1Dlks=,J0oDvwXVcHfIDuAE2tUdGeQ2dmc=
19,-55,4QT+MGATMULFDLVlim2F5A1Dlks=,J0oDvwXVcHfIDuAE2tUdGeQ2dmc=
31,-54,4QT+MGATMULFDLVlim2F5A1Dlks=,J0oDvwXVcHfIDuAE2tUdGeQ2dmc=
19,-54,4QT+MGATMULFDLVlim2F5A1Dlks=,J0oDvwXVcHfIDuAE2tUdGeQ2dmc=
23,-54,4QT+MGATMULFDLVlim2F5A1Dlks=,J0oDvwXVcHfIDuAE2tUdGeQ2dmc=
20,-54,4QT+MGATMULFDLVlim2F5A1Dlks=,J0oDvwXVcHfIDuAE2tUdGeQ2dmc=
26,-64,4QT+MGATMULFDLVlim2F5A1Dlks=,J0oDvwXVcHfIDuAE2tUdGeQ2dmc=
27,-62,4QT+MGATMULFDLVlim2F5A1Dlks=,J0oDvwXVcHfIDuAE2tUdGeQ2dmc=
16,-53,4QT+MGATMULFDLVlim2F5A1Dlks=,J0oDvwXVcHfIDuAE2tUdGeQ2dmc=
26,-63,4QT+MGATMULFDLVlim2F5A1Dlks=,J0oDvwXVcHfIDuAE2tUdGeQ2dmc=
31,-57,4QT+MGATMULFDLVlim2F5A1Dlks=,J0oDvwXVcHfIDuAE2tUdGeQ2dmc=
30,-57,4QT+MGATMULFDLVlim2F5A1Dlks=,J0oDvwXVcHfIDuAE2tUdGeQ2dmc=
29,-57,4QT+MGATMULFDLVlim2F5A1Dlks=,J0oDvwXVcHfIDuAE2tUdGeQ2dmc=
28,-57,4QT+MGATMULFDLVlim2F5A1Dlks=,J0oDvwXVcHfIDuAE2tUdGeQ2dmc=
27,-57,4QT+MGATMULFDLVlim2F5A1Dlks=,J0oDvwXVcHfIDuAE2tUdGeQ2dmc=
17,-55,4QT+MGATMULFDLVlim2F5A1Dlks=,J0oDvwXVcHfIDuAE2tUdGeQ2dmc=
16,-54,4QT+MGATMULFDLVlim2F5A1Dlks=,J0oDvwXVcHfIDuAE2tUdGeQ2dmc=
18,-56,4QT+MGATMULFDLVlim2F5A1Dlks=,J0oDvwXVcHfIDuAE2tUdGeQ2dmc=
20,-55,4QT+MGATMULFDLVlim2F5A1Dlks=,J0oDvwXVcHfIDuAE2tUdGeQ2dmc=
18,-55,4QT+MGATMULFDLVlim2F5A1Dlks=,J0oDvwXVcHfIDuAE2tUdGeQ2dmc=
26,-57,4QT+MGATMULFDLVlim2F5A1Dlks=,J0oDvwXVcHfIDuAE2tUdGeQ2dmc=
17,-60,4QT+MGATMULFDLVlim2F5A1Dlks=,J0oDvwXVcHfIDuAE2tUdGeQ2dmc=
25,-55,4QT+MGATMULFDLVlim2F5A1Dlks=,J0oDvwXVcHfIDuAE2tUdGeQ2dmc=
24,-56,4QT+MGATMULFDLVlim2F5A1Dlks=,J0oDvwXVcHfIDuAE2tUdGeQ2dmc=
25,-64,4QT+MGATMULFDLVlim2F5A1Dlks=,J0oDvwXVcHfIDuAE2tUdGeQ2dmc=
26,-62,4QT+MGATMULFDLVlim2F5A1Dlks=,J0oDvwXVcHfIDuAE2tUdGeQ2dmc=
24,-54,4QT+MGATMULFDLVlim2F5A1Dlks=,J0oDvwXVcHfIDuAE2tUdGeQ2dmc=
19,-56,4QT+MGATMULFDLVlim2F5A1Dlks=,J0oDvwXVcHfIDuAE2tUdGeQ2dmc=
31,-58,4QT+MGATMULFDLVlim2F5A1Dlks=,J0oDvwXVcHfIDuAE2tUdGeQ2dmc=
30,-58,4QT+MGATMULFDLVlim2F5A1Dlks=,J0oDvwXVcHfIDuAE2tUdGeQ2dmc=
29,-58,4QT+MGATMULFDLVlim2F5A1Dlks=,J0oDvwXVcHfIDuAE2tUdGeQ2dmc=
27,-58,4QT+MGATMULFDLVlim2F5A1Dlks=,J0oDvwXVcHfIDuAE2tUdGeQ2dmc=
17,-56,4QT+MGATMULFDLVlim2F5A1Dlks=,J0oDvwXVcHfIDuAE2tUdGeQ2dmc=
22,-56,4QT+MGATMULFDLVlim2F5A1Dlks=,J0oDvwXVcHfIDuAE2tUdGeQ2dmc=
22,-55,4QT+MGATMULFDLVlim2F5A1Dlks=,J0oDvwXVcHfIDuAE2tUdGeQ2dmc=
23,-55,4QT+MGATMULFDLVlim2F5A1Dlks=,J0oDvwXVcHfIDuAE2tUdGeQ2dmc=
29,-53,4QT+MGATMULFDLVlim2F5A1Dlks=,J0oDvwXVcHfIDuAE2tUdGeQ2dmc=
28,-58,4QT+MGATMULFDLVlim2F5A1Dlks=,J0oDvwXVcHfIDuAE2tUdGeQ2dmc=
24,-55,4QT+MGATMULFDLVlim2F5A1Dlks=,J0oDvwXVcHfIDuAE2tUdGeQ2dmc=
24,-57,4QT+MGATMULFDLVlim2F5A1Dlks=,J0oDvwXVcHfIDuAE2tUdGeQ2dmc=
25,-56,4QT+MGATMULFDLVlim2F5A1Dlks=,J0oDvwXVcHfIDuAE2tUdGeQ2dmc=
23,-56,4QT+MGATMULFDLVlim2F5A1Dlks=,J0oDvwXVcHfIDuAE2tUdGeQ2dmc=
21,-57,4QT+MGATMULFDLVlim2F5A1Dlks=,J0oDvwXVcHfIDuAE2tUdGeQ2dmc=
25,-54,4QT+MGATMULFDLVlim2F5A1Dlks=,J0oDvwXVcHfIDuAE2tUdGeQ2dmc=
21,-55,4QT+MGATMULFDLVlim2F5A1Dlks=,J0oDvwXVcHfIDuAE2tUdGeQ2dmc=
16,-56,4QT+MGATMULFDLVlim2F5A1Dlks=,J0oDvwXVcHfIDuAE2tUdGeQ2dmc=
23,-57,4QT+MGATMULFDLVlim2F5A1Dlks=,J0oDvwXVcHfIDuAE2tUdGeQ2dmc=
22,-57,4QT+MGATMULFDLVlim2F5A1Dlks=,J0oDvwXVcHfIDuAE2tUdGeQ2dmc=
26,-58,4QT+MGATMULFDLVlim2F5A1Dlks=,J0oDvwXVcHfIDuAE2tUdGeQ2dmc=
20,-56,4QT+MGATMULFDLVlim2F5A1Dlks=,J0oDvwXVcHfIDuAE2tUdGeQ2dmc=
18,-60,4QT+MGATMULFDLVlim2F5A1Dlks=,J0oDvwXVcHfIDuAE2tUdGeQ2dmc=
23,-58,4QT+MGATMULFDLVlim2F5A1Dlks=,J0oDvwXVcHfIDuAE2tUdGeQ2dmc=
21,-56,4QT+MGATMULFDLVlim2F5A1Dlks=,J0oDvwXVcHfIDuAE2tUdGeQ2dmc=
16,-55,4QT+MGATMULFDLVlim2F5A1Dlks=,J0oDvwXVcHfIDuAE2tUdGeQ2dmc=
25,-63,4QT+MGATMULFDLVlim2F5A1Dlks=,J0oDvwXVcHfIDuAE2tUdGeQ2dmc=
20,-57,4QT+MGATMULFDLVlim2F5A1Dlks=,J0oDvwXVcHfIDuAE2tUdGeQ2dmc=
25,-57,4QT+MGATMULFDLVlim2F5A1Dlks=,J0oDvwXVcHfIDuAE2tUdGeQ2dmc=
24,-58,4QT+MGATMULFDLVlim2F5A1Dlks=,J0oDvwXVcHfIDuAE2tUdGeQ2dmc=
25,-58,4QT+MGATMULFDLVlim2F5A1Dlks=,J0oDvwXVcHfIDuAE2tUdGeQ2dmc=
31,-59,4QT+MGATMULFDLVlim2F5A1Dlks=,J0oDvwXVcHfIDuAE2tUdGeQ2dmc=
30,-59,4QT+MGATMULFDLVlim2F5A1Dlks=,J0oDvwXVcHfIDuAE2tUdGeQ2dmc=
29,-59,4QT+MGATMULFDLVlim2F5A1Dlks=,J0oDvwXVcHfIDuAE2tUdGeQ2dmc=
28,-59,4QT+MGATMULFDLVlim2F5A1Dlks=,J0oDvwXVcHfIDuAE2tUdGeQ2dmc=
27,-59,4QT+MGATMULFDLVlim2F5A1Dlks=,J0oDvwXVcHfIDuAE2tUdGeQ2dmc=
18,-57,4QT+MGATMULFDLVlim2F5A1Dlks=,J0oDvwXVcHfIDuAE2tUdGeQ2dmc=
24,-64,4QT+MGATMULFDLVlim2F5A1Dlks=,J0oDvwXVcHfIDuAE2tUdGeQ2dmc=
19,-57,4QT+MGATMULFDLVlim2F5A1Dlks=,J0oDvwXVcHfIDuAE2tUdGeQ2dmc=
22,-58,4QT+MGATMULFDLVlim2F5A1Dlks=,J0oDvwXVcHfIDuAE2tUdGeQ2dmc=
21,-58,4QT+MGATMULFDLVlim2F5A1Dlks=,J0oDvwXVcHfIDuAE2tUdGeQ2dmc=
24,-63,4QT+MGATMULFDLVlim2F5A1Dlks=,J0oDvwXVcHfIDuAE2tUdGeQ2dmc=
25,-62,4QT+MGATMULFDLVlim2F5A1Dlks=,J0oDvwXVcHfIDuAE2tUdGeQ2dmc=
16,-57,4QT+MGATMULFDLVlim2F5A1Dlks=,J0oDvwXVcHfIDuAE2tUdGeQ2dmc=
26,-59,4QT+MGATMULFDLVlim2F5A1Dlks=,J0oDvwXVcHfIDuAE2tUdGeQ2dmc=
19,-60,4QT+MGATMULFDLVlim2F5A1Dlks=,J0oDvwXVcHfIDuAE2tUdGeQ2dmc=
19,-58,4QT+MGATMULFDLVlim2F5A1Dlks=,J0oDvwXVcHfIDuAE2tUdGeQ2dmc=
20,-59,4QT+MGATMULFDLVlim2F5A1Dlks=,J0oDvwXVcHfIDuAE2tUdGeQ2dmc=
22,-59,4QT+MGATMULFDLVlim2F5A1Dlks=,J0oDvwXVcHfIDuAE2tUdGeQ2dmc=
20,-58,4QT+MGATMULFDLVlim2F5A1Dlks=,J0oDvwXVcHfIDuAE2tUdGeQ2dmc=
23,-64,4QT+MGATMULFDLVlim2F5A1Dlks=,J0oDvwXVcHfIDuAE2tUdGeQ2dmc=
24,-59,4QT+MGATMULFDLVlim2F5A1Dlks=,J0oDvwXVcHfIDuAE2tUdGeQ2dmc=
31,-60,4QT+MGATMULFDLVlim2F5A1Dlks=,J0oDvwXVcHfIDuAE2tUdGeQ2dmc=
30,-60,4QT+MGATMULFDLVlim2F5A1Dlks=,J0oDvwXVcHfIDuAE2tUdGeQ2dmc=
28,-60,4QT+MGATMULFDLVlim2F5A1Dlks=,J0oDvwXVcHfIDuAE2tUdGeQ2dmc=
29,-60,4QT+MGATMULFDLVlim2F5A1Dlks=,J0oDvwXVcHfIDuAE2tUdGeQ2dmc=
27,-60,4QT+MGATMULFDLVlim2F5A1Dlks=,J0oDvwXVcHfIDuAE2tUdGeQ2dmc=
17,-57,4QT+MGATMULFDLVlim2F5A1Dlks=,J0oDvwXVcHfIDuAE2tUdGeQ2dmc=
21,-59,4QT+MGATMULFDLVlim2F5A1Dlks=,J0oDvwXVcHfIDuAE2tUdGeQ2dmc=
18,-59,4QT+MGATMULFDLVlim2F5A1Dlks=,J0oDvwXVcHfIDuAE2tUdGeQ2dmc=
23,-59,4QT+MGATMULFDLVlim2F5A1Dlks=,J0oDvwXVcHfIDuAE2tUdGeQ2dmc=
25,-59,4QT+MGATMULFDLVlim2F5A1Dlks=,J0oDvwXVcHfIDuAE2tUdGeQ2dmc=
19,-59,4QT+MGATMULFDLVlim2F5A1Dlks=,J0oDvwXVcHfIDuAE2tUdGeQ2dmc=
20,-60,4QT+MGATMULFDLVlim2F5A1Dlks=,J0oDvwXVcHfIDuAE2tUdGeQ2dmc=
24,-62,4QT+MGATMULFDLVlim2F5A1Dlks=,J0oDvwXVcHfIDuAE2tUdGeQ2dmc=
16,-58,4QT+MGATMULFDLVlim2F5A1Dlks=,J0oDvwXVcHfIDuAE2tUdGeQ2dmc=
23,-63,4QT+MGATMULFDLVlim2F5A1Dlks=,J0oDvwXVcHfIDuAE2tUdGeQ2dmc=
26,-60,4QT+MGATMULFDLVlim2F5A1Dlks=,J0oDvwXVcHfIDuAE2tUdGeQ2dmc=
21,-60,4QT+MGATMULFDLVlim2F5A1Dlks=,J0oDvwXVcHfIDuAE2tUdGeQ2dmc=
24,-60,4QT+MGATMULFDLVlim2F5A1Dlks=,J0oDvwXVcHfIDuAE2tUdGeQ2dmc=
18,-58,4QT+MGATMULFDLVlim2F5A1Dlks=,J0oDvwXVcHfIDuAE2tUdGeQ2dmc=
17,-58,4QT+MGATMULFDLVlim2F5A1Dlks=,J0oDvwXVcHfIDuAE2tUdGeQ2dmc=
16,-59,4QT+MGATMULFDLVlim2F5A1Dlks=,J0oDvwXVcHfIDuAE2tUdGeQ2dmc=
25,-60,4QT+MGATMULFDLVlim2F5A1Dlks=,J0oDvwXVcHfIDuAE2tUdGeQ2dmc=
23,-60,4QT+MGATMULFDLVlim2F5A1Dlks=,J0oDvwXVcHfIDuAE2tUdGeQ2dmc=
17,-59,4QT+MGATMULFDLVlim2F5A1Dlks=,J0oDvwXVcHfIDuAE2tUdGeQ2dmc=
22,-60,4QT+MGATMULFDLVlim2F5A1Dlks=,J0oDvwXVcHfIDuAE2tUdGeQ2dmc=
1,-64,q+DaZ4bI4vMwd1STC4DG44WI/g8=,iO5NlaIyd9P9XS2xwNCeemKWPlk=
4,-63,q+DaZ4bI4vMwd1STC4DG44WI/g8=,iO5NlaIyd9P9XS2xwNCeemKWPlk=
5,-63,q+DaZ4bI4vMwd1STC4DG44WI/g8=,iO5NlaIyd9P9XS2xwNCeemKWPlk=
11,-49,ppoJdjZIecUYfuzg02uRMTaskuA=,iO5NlaIyd9P9XS2xwNCeemKWPlk=
9,-49,ppoJdjZIecUYfuzg02uRMTaskuA=,iO5NlaIyd9P9XS2xwNCeemKWPlk=
12,-49,ppoJdjZIecUYfuzg02uRMTaskuA=,iO5NlaIyd9P9XS2xwNCeemKWPlk=
8,-49,ppoJdjZIecUYfuzg02uRMTaskuA=,iO5NlaIyd9P9XS2xwNCeemKWPlk=
10,-49,ppoJdjZIecUYfuzg02uRMTaskuA=,iO5NlaIyd9P9XS2xwNCeemKWPlk=
6,-49,ppoJdjZIecUYfuzg02uRMTaskuA=,iO5NlaIyd9P9XS2xwNCeemKWPlk=
5,-49,ppoJdjZIecUYfuzg02uRMTaskuA=,iO5NlaIyd9P9XS2xwNCeemKWPlk=
13,-49,ppoJdjZIecUYfuzg02uRMTaskuA=,iO5NlaIyd9P9XS2xwNCeemKWPlk=
4,-49,ppoJdjZIecUYfuzg02uRMTaskuA=,iO5NlaIyd9P9XS2xwNCeemKWPlk=
7,-49,ppoJdjZIecUYfuzg02uRMTaskuA=,iO5NlaIyd9P9XS2xwNCeemKWPlk=
4,-64,ppoJdjZIecUYfuzg02uRMTaskuA=,iO5NlaIyd9P9XS2xwNCeemKWPlk=
14,-49,ppoJdjZIecUYfuzg02uRMTaskuA=,iO5NlaIyd9P9XS2xwNCeemKWPlk=
5,-64,ppoJdjZIecUYfuzg02uRMTaskuA=,iO5NlaIyd9P9XS2xwNCeemKWPlk=
1,-49,nIoySaSZqGWAth3gN+AaUewIJh4=,iO5NlaIyd9P9XS2xwNCeemKWPlk=
3,-61,nIoySaSZqGWAth3gN+AaUewIJh4=,iO5NlaIyd9P9XS2xwNCeemKWPlk=
2,-49,nIoySaSZqGWAth3gN+AaUewIJh4=,iO5NlaIyd9P9XS2xwNCeemKWPlk=
6,-61,nIoySaSZqGWAth3gN+AaUewIJh4=,iO5NlaIyd9P9XS2xwNCeemKWPlk=
0,-49,nIoySaSZqGWAth3gN+AaUewIJh4=,iO5NlaIyd9P9XS2xwNCeemKWPlk=
3,-49,nIoySaSZqGWAth3gN+AaUewIJh4=,iO5NlaIyd9P9XS2xwNCeemKWPlk=
7,-61,nIoySaSZqGWAth3gN+AaUewIJh4=,iO5NlaIyd9P9XS2xwNCeemKWPlk=
3,-64,nIoySaSZqGWAth3gN+AaUewIJh4=,iO5NlaIyd9P9XS2xwNCeemKWPlk=
2,-61,nIoySaSZqGWAth3gN+AaUewIJh4=,iO5NlaIyd9P9XS2xwNCeemKWPlk=
4,-61,nIoySaSZqGWAth3gN+AaUewIJh4=,iO5NlaIyd9P9XS2xwNCeemKWPlk=
4,-62,nIoySaSZqGWAth3gN+AaUewIJh4=,iO5NlaIyd9P9XS2xwNCeemKWPlk=
12,-50,nIoySaSZqGWAth3gN+AaUewIJh4=,iO5NlaIyd9P9XS2xwNCeemKWPlk=
6,-62,nIoySaSZqGWAth3gN+AaUewIJh4=,iO5NlaIyd9P9XS2xwNCeemKWPlk=
15,-49,nIoySaSZqGWAth3gN+AaUewIJh4=,iO5NlaIyd9P9XS2xwNCeemKWPlk=
1,-61,nIoySaSZqGWAth3gN+AaUewIJh4=,iO5NlaIyd9P9XS2xwNCeemKWPlk=
13,-50,8+3z8z0mTHtMnVE8T1kG5PRh6co=,iO5NlaIyd9P9XS2xwNCeemKWPlk=
10,-50,8+3z8z0mTHtMnVE8T1kG5PRh6co=,iO5NlaIyd9P9XS2xwNCeemKWPlk=
11,-50,8+3z8z0mTHtMnVE8T1kG5PRh6co=,iO5NlaIyd9P9XS2xwNCeemKWPlk=
8,-50,8+3z8z0mTHtMnVE8T1kG5PRh6co=,iO5NlaIyd9P9XS2xwNCeemKWPlk=
7,-50,8+3z8z0mTHtMnVE8T1kG5PRh6co=,iO5NlaIyd9P9XS2xwNCeemKWPlk=
9,-50,8+3z8z0mTHtMnVE8T1kG5PRh6co=,iO5NlaIyd9P9XS2xwNCeemKWPlk=
6,-50,8+3z8z0mTHtMnVE8T1kG5PRh6co=,iO5NlaIyd9P9XS2xwNCeemKWPlk=
14,-50,8+3z8z0mTHtMnVE8T1kG5PRh6co=,iO5NlaIyd9P9XS2xwNCeemKWPlk=
5,-50,8+3z8z0mTHtMnVE8T1kG5PRh6co=,iO5NlaIyd9P9XS2xwNCeemKWPlk=
2,-50,8+3z8z0mTHtMnVE8T1kG5PRh6co=,iO5NlaIyd9P9XS2xwNCeemKWPlk=
3,-50,8+3z8z0mTHtMnVE8T1kG5PRh6co=,iO5NlaIyd9P9XS2xwNCeemKWPlk=
3,-63,8+3z8z0mTHtMnVE8T1kG5PRh6co=,iO5NlaIyd9P9XS2xwNCeemKWPlk=
14,-51,8+3z8z0mTHtMnVE8T1kG5PRh6co=,iO5NlaIyd9P9XS2xwNCeemKWPlk=
15,-50,8+3z8z0mTHtMnVE8T1kG5PRh6co=,iO5NlaIyd9P9XS2xwNCeemKWPlk=
12,-51,8+3z8z0mTHtMnVE8T1kG5PRh6co=,iO5NlaIyd9P9XS2xwNCeemKWPlk=
4,-50,8+3z8z0mTHtMnVE8T1kG5PRh6co=,iO5NlaIyd9P9XS2xwNCeemKWPlk=
13,-51,8+3z8z0mTHtMnVE8T1kG5PRh6co=,iO5NlaIyd9P9XS2xwNCeemKWPlk=
5,-62,8+3z8z0mTHtMnVE8T1kG5PRh6co=,iO5NlaIyd9P9XS2xwNCeemKWPlk=
11,-51,8+3z8z0mTHtMnVE8T1kG5PRh6co=,iO5NlaIyd9P9XS2xwNCeemKWPlk=
1,-50,8+3z8z0mTHtMnVE8T1kG5PRh6co=,iO5NlaIyd9P9XS2xwNCeemKWPlk=
3,-62,8+3z8z0mTHtMnVE8T1kG5PRh6co=,iO5NlaIyd9P9XS2xwNCeemKWPlk=
0,-50,8+3z8z0mTHtMnVE8T1kG5PRh6co=,iO5NlaIyd9P9XS2xwNCeemKWPlk=
5,-61,8+3z8z0mTHtMnVE8T1kG5PRh6co=,iO5NlaIyd9P9XS2xwNCeemKWPlk=
8,-61,8+3z8z0mTHtMnVE8T1kG5PRh6co=,iO5NlaIyd9P9XS2xwNCeemKWPlk=
5,-51,8+3z8z0mTHtMnVE8T1kG5PRh6co=,iO5NlaIyd9P9XS2xwNCeemKWPlk=
6,-51,8+3z8z0mTHtMnVE8T1kG5PRh6co=,iO5NlaIyd9P9XS2xwNCeemKWPlk=
7,-51,8+3z8z0mTHtMnVE8T1kG5PRh6co=,iO5NlaIyd9P9XS2xwNCeemKWPlk=
4,-51,8+3z8z0mTHtMnVE8T1kG5PRh6co=,iO5NlaIyd9P9XS2xwNCeemKWPlk=
15,-51,8+3z8z0mTHtMnVE8T1kG5PRh6co=,iO5NlaIyd9P9XS2xwNCeemKWPlk=
8,-51,8+3z8z0mTHtMnVE8T1kG5PRh6co=,iO5NlaIyd9P9XS2xwNCeemKWPlk=
3,-51,8+3z8z0mTHtMnVE8T1kG5PRh6co=,iO5NlaIyd9P9XS2xwNCeemKWPlk=
9,-51,8+3z8z0mTHtMnVE8T1kG5PRh6co=,iO5NlaIyd9P9XS2xwNCeemKWPlk=
10,-51,8+3z8z0mTHtMnVE8T1kG5PRh6co=,iO5NlaIyd9P9XS2xwNCeemKWPlk=
11,-52,8+3z8z0mTHtMnVE8T1kG5PRh6co=,iO5NlaIyd9P9XS2xwNCeemKWPlk=
2,-51,8+3z8z0mTHtMnVE8T1kG5PRh6co=,iO5NlaIyd9P9XS2xwNCeemKWPlk=
1,-51,8+3z8z0mTHtMnVE8T1kG5PRh6co=,iO5NlaIyd9P9XS2xwNCeemKWPlk=
10,-52,8+3z8z0mTHtMnVE8T1kG5PRh6co=,iO5NlaIyd9P9XS2xwNCeemKWPlk=
9,-52,8+3z8z0mTHtMnVE8T1kG5PRh6co=,iO5NlaIyd9P9XS2xwNCeemKWPlk=
12,-52,8+3z8z0mTHtMnVE8T1kG5PRh6co=,iO5NlaIyd9P9XS2xwNCeemKWPlk=
15,-52,8+3z8z0mTHtMnVE8T1kG5PRh6co=,iO5NlaIyd9P9XS2xwNCeemKWPlk=
14,-52,8+3z8z0mTHtMnVE8T1kG5PRh6co=,iO5NlaIyd9P9XS2xwNCeemKWPlk=
7,-52,8+3z8z0mTHtMnVE8T1kG5PRh6co=,iO5NlaIyd9P9XS2xwNCeemKWPlk=
0,-51,8+3z8z0mTHtMnVE8T1kG5PRh6co=,iO5NlaIyd9P9XS2xwNCeemKWPlk=
8,-52,8+3z8z0mTHtMnVE8T1kG5PRh6co=,iO5NlaIyd9P9XS2xwNCeemKWPlk=
2,-63,8+3z8z0mTHtMnVE8T1kG5PRh6co=,iO5NlaIyd9P9XS2xwNCeemKWPlk=
1,-62,8+3z8z0mTHtMnVE8T1kG5PRh6co=,iO5NlaIyd9P9XS2xwNCeemKWPlk=
0,-61,8+3z8z0mTHtMnVE8T1kG5PRh6co=,iO5NlaIyd9P9XS2xwNCeemKWPlk=
3,-52,8+3z8z0mTHtMnVE8T1kG5PRh6co=,iO5NlaIyd9P9XS2xwNCeemKWPlk=
2,-64,8+3z8z0mTHtMnVE8T1kG5PRh6co=,iO5NlaIyd9P9XS2xwNCeemKWPlk=
13,-52,8+3z8z0mTHtMnVE8T1kG5PRh6co=,iO5NlaIyd9P9XS2xwNCeemKWPlk=
15,-64,8+3z8z0mTHtMnVE8T1kG5PRh6co=,iO5NlaIyd9P9XS2xwNCeemKWPlk=
4,-52,8+3z8z0mTHtMnVE8T1kG5PRh6co=,iO5NlaIyd9P9XS2xwNCeemKWPlk=
0,-63,8+3z8z0mTHtMnVE8T1kG5PRh6co=,iO5NlaIyd9P9XS2xwNCeemKWPlk=
2,-62,8+3z8z0mTHtMnVE8T1kG5PRh6co=,iO5NlaIyd9P9XS2xwNCeemKWPlk=
0,-62,8+3z8z0mTHtMnVE8T1kG5PRh6co=,iO5NlaIyd9P9XS2xwNCeemKWPlk=
15,-63,8+3z8z0mTHtMnVE8T1kG5PRh6co=,iO5NlaIyd9P9XS2xwNCeemKWPlk=
15,-62,8+3z8z0mTHtMnVE8T1kG5PRh6co=,iO5NlaIyd9P9XS2xwNCeemKWPlk=
14,-64,8+3z8z0mTHtMnVE8T1kG5PRh6co=,iO5NlaIyd9P9XS2xwNCeemKWPlk=
5,-52,8+3z8z0mTHtMnVE8T1kG5PRh6co=,iO5NlaIyd9P9XS2xwNCeemKWPlk=
14,-63,8+3z8z0mTHtMnVE8T1kG5PRh6co=,iO5NlaIyd9P9XS2xwNCeemKWPlk=
6,-52,8+3z8z0mTHtMnVE8T1kG5PRh6co=,iO5NlaIyd9P9XS2xwNCeemKWPlk=
1,-63,8+3z8z0mTHtMnVE8T1kG5PRh6co=,iO5NlaIyd9P9XS2xwNCeemKWPlk=
2,-52,8+3z8z0mTHtMnVE8T1kG5PRh6co=,iO5NlaIyd9P9XS2xwNCeemKWPlk=
9,-61,8+3z8z0mTHtMnVE8T1kG5PRh6co=,iO5NlaIyd9P9XS2xwNCeemKWPlk=
5,-53,8+3z8z0mTHtMnVE8T1kG5PRh6co=,iO5NlaIyd9P9XS2xwNCeemKWPlk=
4,-53,8+3z8z0mTHtMnVE8T1kG5PRh6co=,iO5NlaIyd9P9XS2xwNCeemKWPlk=
3,-53,8+3z8z0mTHtMnVE8T1kG5PRh6co=,iO5NlaIyd9P9XS2xwNCeemKWPlk=
1,-52,8+3z8z0mTHtMnVE8T1kG5PRh6co=,iO5NlaIyd9P9XS2xwNCeemKWPlk=
0,-52,8+3z8z0mTHtMnVE8T1kG5PRh6co=,iO5NlaIyd9P9XS2xwNCeemKWPlk=
13,-64,8+3z8z0mTHtMnVE8T1kG5PRh6co=,iO5NlaIyd9P9XS2xwNCeemKWPlk=
14,-53,8+3z8z0mTHtMnVE8T1kG5PRh6co=,iO5NlaIyd9P9XS2xwNCeemKWPlk=
7,-53,8+3z8z0mTHtMnVE8T1kG5PRh6co=,iO5NlaIyd9P9XS2xwNCeemKWPlk=
8,-53,8+3z8z0mTHtMnVE8T1kG5PRh6co=,iO5NlaIyd9P9XS2xwNCeemKWPlk=
14,-62,8+3z8z0mTHtMnVE8T1kG5PRh6co=,iO5NlaIyd9P9XS2xwNCeemKWPlk=
9,-53,8+3z8z0mTHtMnVE8T1kG5PRh6co=,iO5NlaIyd9P9XS2xwNCeemKWPlk=
11,-53,8+3z8z0mTHtMnVE8T1kG5PRh6co=,iO5NlaIyd9P9XS2xwNCeemKWPlk=
13,-53,8+3z8z0mTHtMnVE8T1kG5PRh6co=,iO5NlaIyd9P9XS2xwNCeemKWPlk=
12,-53,8+3z8z0mTHtMnVE8T1kG5PRh6co=,iO5NlaIyd9P9XS2xwNCeemKWPlk=
6,-53,8+3z8z0mTHtMnVE8T1kG5PRh6co=,iO5NlaIyd9P9XS2xwNCeemKWPlk=
0,-64,8+3z8z0mTHtMnVE8T1kG5PRh6co=,iO5NlaIyd9P9XS2xwNCeemKWPlk=
10,-53,8+3z8z0mTHtMnVE8T1kG5PRh6co=,iO5NlaIyd9P9XS2xwNCeemKWPlk=
15,-53,8+3z8z0mTHtMnVE8T1kG5PRh6co=,iO5NlaIyd9P9XS2xwNCeemKWPlk=
13,-63,8+3z8z0mTHtMnVE8T1kG5PRh6co=,iO5NlaIyd9P9XS2xwNCeemKWPlk=
1,-53,8+3z8z0mTHtMnVE8T1kG5PRh6co=,iO5NlaIyd9P9XS2xwNCeemKWPlk=
2,-53,8+3z8z0mTHtMnVE8T1kG5PRh6co=,iO5NlaIyd9P9XS2xwNCeemKWPlk=
10,-61,8+3z8z0mTHtMnVE8T1kG5PRh6co=,iO5NlaIyd9P9XS2xwNCeemKWPlk=
4,-54,8+3z8z0mTHtMnVE8T1kG5PRh6co=,iO5NlaIyd9P9XS2xwNCeemKWPlk=
0,-53,8+3z8z0mTHtMnVE8T1kG5PRh6co=,iO5NlaIyd9P9XS2xwNCeemKWPlk=
3,-54,8+3z8z0mTHtMnVE8T1kG5PRh6co=,iO5NlaIyd9P9XS2xwNCeemKWPlk=
5,-54,8+3z8z0mTHtMnVE8T1kG5PRh6co=,iO5NlaIyd9P9XS2xwNCeemKWPlk=
15,-54,8+3z8z0mTHtMnVE8T1kG5PRh6co=,iO5NlaIyd9P9XS2xwNCeemKWPlk=
12,-64,8+3z8z0mTHtMnVE8T1kG5PRh6co=,iO5NlaIyd9P9XS2xwNCeemKWPlk=
12,-54,8+3z8z0mTHtMnVE8T1kG5PRh6co=,iO5NlaIyd9P9XS2xwNCeemKWPlk=
11,-54,8+3z8z0mTHtMnVE8T1kG5PRh6co=,iO5NlaIyd9P9XS2xwNCeemKWPlk=
12,-63,8+3z8z0mTHtMnVE8T1kG5PRh6co=,iO5NlaIyd9P9XS2xwNCeemKWPlk=
6,-54,8+3z8z0mTHtMnVE8T1kG5PRh6co=,iO5NlaIyd9P9XS2xwNCeemKWPlk=
7,-54,8+3z8z0mTHtMnVE8T1kG5PRh6co=,iO5NlaIyd9P9XS2xwNCeemKWPlk=
10,-54,8+3z8z0mTHtMnVE8T1kG5PRh6co=,iO5NlaIyd9P9XS2xwNCeemKWPlk=
2,-54,8+3z8z0mTHtMnVE8T1kG5PRh6co=,iO5NlaIyd9P9XS2xwNCeemKWPlk=
9,-54,8+3z8z0mTHtMnVE8T1kG5PRh6co=,iO5NlaIyd9P9XS2xwNCeemKWPlk=
13,-62,8+3z8z0mTHtMnVE8T1kG5PRh6co=,iO5NlaIyd9P9XS2xwNCeemKWPlk=
8,-54,8+3z8z0mTHtMnVE8T1kG5PRh6co=,iO5NlaIyd9P9XS2xwNCeemKWPlk=
0,-54,8+3z8z0mTHtMnVE8T1kG5PRh6co=,iO5NlaIyd9P9XS2xwNCeemKWPlk=
14,-54,8+3z8z0mTHtMnVE8T1kG5PRh6co=,iO5NlaIyd9P9XS2xwNCeemKWPlk=
1,-54,8+3z8z0mTHtMnVE8T1kG5PRh6co=,iO5NlaIyd9P9XS2xwNCeemKWPlk=
12,-55,8+3z8z0mTHtMnVE8T1kG5PRh6co=,iO5NlaIyd9P9XS2xwNCeemKWPlk=
11,-55,8+3z8z0mTHtMnVE8T1kG5PRh6co=,iO5NlaIyd9P9XS2xwNCeemKWPlk=
4,-55,8+3z8z0mTHtMnVE8T1kG5PRh6co=,iO5NlaIyd9P9XS2xwNCeemKWPlk=
11,-61,8+3z8z0mTHtMnVE8T1kG5PRh6co=,iO5NlaIyd9P9XS2xwNCeemKWPlk=
9,-55,8+3z8z0mTHtMnVE8T1kG5PRh6co=,iO5NlaIyd9P9XS2xwNCeemKWPlk=
11,-64,8+3z8z0mTHtMnVE8T1kG5PRh6co=,iO5NlaIyd9P9XS2xwNCeemKWPlk=
10,-55,8+3z8z0mTHtMnVE8T1kG5PRh6co=,iO5NlaIyd9P9XS2xwNCeemKWPlk=
3,-55,8+3z8z0mTHtMnVE8T1kG5PRh6co=,iO5NlaIyd9P9XS2xwNCeemKWPlk=
15,-55,8+3z8z0mTHtMnVE8T1kG5PRh6co=,iO5NlaIyd9P9XS2xwNCeemKWPlk=
8,-55,8+3z8z0mTHtMnVE8T1kG5PRh6co=,iO5NlaIyd9P9XS2xwNCeemKWPlk=
5,-55,8+3z8z0mTHtMnVE8T1kG5PRh6co=,iO5NlaIyd9P9XS2xwNCeemKWPlk=
13,-54,8+3z8z0mTHtMnVE8T1kG5PRh6co=,iO5NlaIyd9P9XS2xwNCeemKWPlk=
7,-55,8+3z8z0mTHtMnVE8T1kG5PRh6co=,iO5NlaIyd9P9XS2xwNCeemKWPlk=
13,-55,8+3z8z0mTHtMnVE8T1kG5PRh6co=,iO5NlaIyd9P9XS2xwNCeemKWPlk=
14,-55,8+3z8z0mTHtMnVE8T1kG5PRh6co=,iO5NlaIyd9P9XS2xwNCeemKWPlk=
6,-55,8+3z8z0mTHtMnVE8T1kG5PRh6co=,iO5NlaIyd9P9XS2xwNCeemKWPlk=
12,-56,8+3z8z0mTHtMnVE8T1kG5PRh6co=,iO5NlaIyd9P9XS2xwNCeemKWPlk=
11,-63,8+3z8z0mTHtMnVE8T1kG5PRh6co=,iO5NlaIyd9P9XS2xwNCeemKWPlk=
11,-56,8+3z8z0mTHtMnVE8T1kG5PRh6co=,iO5NlaIyd9P9XS2xwNCeemKWPlk=
12,-62,8+3z8z0mTHtMnVE8T1kG5PRh6co=,iO5NlaIyd9P9XS2xwNCeemKWPlk=
2,-55,8+3z8z0mTHtMnVE8T1kG5PRh6co=,iO5NlaIyd9P9XS2xwNCeemKWPlk=
3,-56,8+3z8z0mTHtMnVE8T1kG5PRh6co=,iO5NlaIyd9P9XS2xwNCeemKWPlk=
9,-56,8+3z8z0mTHtMnVE8T1kG5PRh6co=,iO5NlaIyd9P9XS2xwNCeemKWPlk=
12,-61,8+3z8z0mTHtMnVE8T1kG5PRh6co=,iO5NlaIyd9P9XS2xwNCeemKWPlk=
0,-55,8+3z8z0mTHtMnVE8T1kG5PRh6co=,iO5NlaIyd9P9XS2xwNCeemKWPlk=
10,-64,8+3z8z0mTHtMnVE8T1kG5PRh6co=,iO5NlaIyd9P9XS2xwNCeemKWPlk=
13,-56,8+3z8z0mTHtMnVE8T1kG5PRh6co=,iO5NlaIyd9P9XS2xwNCeemKWPlk=
7,-56,8+3z8z0mTHtMnVE8T1kG5PRh6co=,iO5NlaIyd9P9XS2xwNCeemKWPlk=
15,-56,8+3z8z0mTHtMnVE8T1kG5PRh6co=,iO5NlaIyd9P9XS2xwNCeemKWPlk=
10,-56,8+3z8z0mTHtMnVE8T1kG5PRh6co=,iO5NlaIyd9P9XS2xwNCeemKWPlk=
14,-56,8+3z8z0mTHtMnVE8T1kG5PRh6co=,iO5NlaIyd9P9XS2xwNCeemKWPlk=
1,-55,8+3z8z0mTHtMnVE8T1kG5PRh6co=,iO5NlaIyd9P9XS2xwNCeemKWPlk=
8,-56,8+3z8z0mTHtMnVE8T1kG5PRh6co=,iO5NlaIyd9P9XS2xwNCeemKWPlk=
13,-61,8+3z8z0mTHtMnVE8T1kG5PRh6co=,iO5NlaIyd9P9XS2xwNCeemKWPlk=
5,-56,8+3z8z0mTHtMnVE8T1kG5PRh6co=,iO5NlaIyd9P9XS2xwNCeemKWPlk=
4,-56,8+3z8z0mTHtMnVE8T1kG5PRh6co=,iO5NlaIyd9P9XS2xwNCeemKWPlk=
12,-57,8+3z8z0mTHtMnVE8T1kG5PRh6co=,iO5NlaIyd9P9XS2xwNCeemKWPlk=
9,-57,8+3z8z0mTHtMnVE8T1kG5PRh6co=,iO5NlaIyd9P9XS2xwNCeemKWPlk=
6,-56,8+3z8z0mTHtMnVE8T1kG5PRh6co=,iO5NlaIyd9P9XS2xwNCeemKWPlk=
8,-57,8+3z8z0mTHtMnVE8T1kG5PRh6co=,iO5NlaIyd9P9XS2xwNCeemKWPlk=
14,-61,8+3z8z0mTHtMnVE8T1kG5PRh6co=,iO5NlaIyd9P9XS2xwNCeemKWPlk=
13,-57,8+3z8z0mTHtMnVE8T1kG5PRh6co=,iO5NlaIyd9P9XS2xwNCeemKWPlk=
10,-57,8+3z8z0mTHtMnVE8T1kG5PRh6co=,iO5NlaIyd9P9XS2xwNCeemKWPlk=
11,-62,8+3z8z0mTHtMnVE8T1kG5PRh6co=,iO5NlaIyd9P9XS2xwNCeemKWPlk=
11,-57,8+3z8z0mTHtMnVE8T1kG5PRh6co=,iO5NlaIyd9P9XS2xwNCeemKWPlk=
1,-56,8+3z8z0mTHtMnVE8T1kG5PRh6co=,iO5NlaIyd9P9XS2xwNCeemKWPlk=
0,-56,8+3z8z0mTHtMnVE8T1kG5PRh6co=,iO5NlaIyd9P9XS2xwNCeemKWPlk=
2,-56,8+3z8z0mTHtMnVE8T1kG5PRh6co=,iO5NlaIyd9P9XS2xwNCeemKWPlk=
7,-57,8+3z8z0mTHtMnVE8T1kG5PRh6co=,iO5NlaIyd9P9XS2xwNCeemKWPlk=
14,-57,8+3z8z0mTHtMnVE8T1kG5PRh6co=,iO5NlaIyd9P9XS2xwNCeemKWPlk=
6,-63,8+3z8z0mTHtMnVE8T1kG5PRh6co=,iO5NlaIyd9P9XS2xwNCeemKWPlk=
9,-64,8+3z8z0mTHtMnVE8T1kG5PRh6co=,iO5NlaIyd9P9XS2xwNCeemKWPlk=
3,-57,8+3z8z0mTHtMnVE8T1kG5PRh6co=,iO5NlaIyd9P9XS2xwNCeemKWPlk=
4,-57,8+3z8z0mTHtMnVE8T1kG5PRh6co=,iO5NlaIyd9P9XS2xwNCeemKWPlk=
10,-63,8+3z8z0mTHtMnVE8T1kG5PRh6co=,iO5NlaIyd9P9XS2xwNCeemKWPlk=
15,-61,8+3z8z0mTHtMnVE8T1kG5PRh6co=,iO5NlaIyd9P9XS2xwNCeemKWPlk=
5,-57,8+3z8z0mTHtMnVE8T1kG5PRh6co=,iO5NlaIyd9P9XS2xwNCeemKWPlk=
15,-57,8+3z8z0mTHtMnVE8T1kG5PRh6co=,iO5NlaIyd9P9XS2xwNCeemKWPlk=
15,-58,8+3z8z0mTHtMnVE8T1kG5PRh6co=,iO5NlaIyd9P9XS2xwNCeemKWPlk=
6,-64,8+3z8z0mTHtMnVE8T1kG5PRh6co=,iO5NlaIyd9P9XS2xwNCeemKWPlk=
8,-58,8+3z8z0mTHtMnVE8T1kG5PRh6co=,iO5NlaIyd9P9XS2xwNCeemKWPlk=
2,-57,8+3z8z0mTHtMnVE8T1kG5PRh6co=,iO5NlaIyd9P9XS2xwNCeemKWPlk=
1,-57,8+3z8z0mTHtMnVE8T1kG5PRh6co=,iO5NlaIyd9P9XS2xwNCeemKWPlk=
9,-58,8+3z8z0mTHtMnVE8T1kG5PRh6co=,iO5NlaIyd9P9XS2xwNCeemKWPlk=
0,-57,8+3z8z0mTHtMnVE8T1kG5PRh6co=,iO5NlaIyd9P9XS2xwNCeemKWPlk=
6,-57,8+3z8z0mTHtMnVE8T1kG5PRh6co=,iO5NlaIyd9P9XS2xwNCeemKWPlk=
10,-62,8+3z8z0mTHtMnVE8T1kG5PRh6co=,iO5NlaIyd9P9XS2xwNCeemKWPlk=
14,-58,8+3z8z0mTHtMnVE8T1kG5PRh6co=,iO5NlaIyd9P9XS2xwNCeemKWPlk=
7,-58,8+3z8z0mTHtMnVE8T1kG5PRh6co=,iO5NlaIyd9P9XS2xwNCeemKWPlk=
10,-58,8+3z8z0mTHtMnVE8T1kG5PRh6co=,iO5NlaIyd9P9XS2xwNCeemKWPlk=
9,-63,8+3z8z0mTHtMnVE8T1kG5PRh6co=,iO5NlaIyd9P9XS2xwNCeemKWPlk=
12,-58,8+3z8z0mTHtMnVE8T1kG5PRh6co=,iO5NlaIyd9P9XS2xwNCeemKWPlk=
0,-60,8+3z8z0mTHtMnVE8T1kG5PRh6co=,iO5NlaIyd9P9XS2xwNCeemKWPlk=
11,-58,8+3z8z0mTHtMnVE8T1kG5PRh6co=,iO5NlaIyd9P9XS2xwNCeemKWPlk=
8,-64,8+3z8z0mTHtMnVE8T1kG5PRh6co=,iO5NlaIyd9P9XS2xwNCeemKWPlk=
6,-58,8+3z8z0mTHtMnVE8T1kG5PRh6co=,iO5NlaIyd9P9XS2xwNCeemKWPlk=
14,-59,8+3z8z0mTHtMnVE8T1kG5PRh6co=,iO5NlaIyd9P9XS2xwNCeemKWPlk=
13,-58,8+3z8z0mTHtMnVE8T1kG5PRh6co=,iO5NlaIyd9P9XS2xwNCeemKWPlk=
9,-62,8+3z8z0mTHtMnVE8T1kG5PRh6co=,iO5NlaIyd9P9XS2xwNCeemKWPlk=
0,-58,8+3z8z0mTHtMnVE8T1kG5PRh6co=,iO5NlaIyd9P9XS2xwNCeemKWPlk=
15,-59,8+3z8z0mTHtMnVE8T1kG5PRh6co=,iO5NlaIyd9P9XS2xwNCeemKWPlk=
3,-58,8+3z8z0mTHtMnVE8T1kG5PRh6co=,iO5NlaIyd9P9XS2xwNCeemKWPlk=
1,-58,8+3z8z0mTHtMnVE8T1kG5PRh6co=,iO5NlaIyd9P9XS2xwNCeemKWPlk=
13,-59,8+3z8z0mTHtMnVE8T1kG5PRh6co=,iO5NlaIyd9P9XS2xwNCeemKWPlk=
2,-58,8+3z8z0mTHtMnVE8T1kG5PRh6co=,iO5NlaIyd9P9XS2xwNCeemKWPlk=
7,-59,8+3z8z0mTHtMnVE8T1kG5PRh6co=,iO5NlaIyd9P9XS2xwNCeemKWPlk=
8,-63,8+3z8z0mTHtMnVE8T1kG5PRh6co=,iO5NlaIyd9P9XS2xwNCeemKWPlk=
8,-59,8+3z8z0mTHtMnVE8T1kG5PRh6co=,iO5NlaIyd9P9XS2xwNCeemKWPlk=
6,-59,8+3z8z0mTHtMnVE8T1kG5PRh6co=,iO5NlaIyd9P9XS2xwNCeemKWPlk=
5,-58,8+3z8z0mTHtMnVE8T1kG5PRh6co=,iO5NlaIyd9P9XS2xwNCeemKWPlk=
12,-59,8+3z8z0mTHtMnVE8T1kG5PRh6co=,iO5NlaIyd9P9XS2xwNCeemKWPlk=
4,-58,8+3z8z0mTHtMnVE8T1kG5PRh6co=,iO5NlaIyd9P9XS2xwNCeemKWPlk=
9,-59,8+3z8z0mTHtMnVE8T1kG5PRh6co=,iO5NlaIyd9P9XS2xwNCeemKWPlk=
7,-64,8+3z8z0mTHtMnVE8T1kG5PRh6co=,iO5NlaIyd9P9XS2xwNCeemKWPlk=
10,-59,8+3z8z0mTHtMnVE8T1kG5PRh6co=,iO5NlaIyd9P9XS2xwNCeemKWPlk=
7,-62,8+3z8z0mTHtMnVE8T1kG5PRh6co=,iO5NlaIyd9P9XS2xwNCeemKWPlk=
11,-59,8+3z8z0mTHtMnVE8T1kG5PRh6co=,iO5NlaIyd9P9XS2xwNCeemKWPlk=
15,-60,8+3z8z0mTHtMnVE8T1kG5PRh6co=,iO5NlaIyd9P9XS2xwNCeemKWPlk=
14,-60,8+3z8z0mTHtMnVE8T1kG5PRh6co=,iO5NlaIyd9P9XS2xwNCeemKWPlk=
13,-60,8+3z8z0mTHtMnVE8T1kG5PRh6co=,iO5NlaIyd9P9XS2xwNCeemKWPlk=
3,-59,8+3z8z0mTHtMnVE8T1kG5PRh6co=,iO5NlaIyd9P9XS2xwNCeemKWPlk=
5,-59,8+3z8z0mTHtMnVE8T1kG5PRh6co=,iO5NlaIyd9P9XS2xwNCeemKWPlk=
0,-59,8+3z8z0mTHtMnVE8T1kG5PRh6co=,iO5NlaIyd9P9XS2xwNCeemKWPlk=
4,-59,8+3z8z0mTHtMnVE8T1kG5PRh6co=,iO5NlaIyd9P9XS2xwNCeemKWPlk=
1,-59,8+3z8z0mTHtMnVE8T1kG5PRh6co=,iO5NlaIyd9P9XS2xwNCeemKWPlk=
2,-59,8+3z8z0mTHtMnVE8T1kG5PRh6co=,iO5NlaIyd9P9XS2xwNCeemKWPlk=
7,-60,8+3z8z0mTHtMnVE8T1kG5PRh6co=,iO5NlaIyd9P9XS2xwNCeemKWPlk=
12,-60,8+3z8z0mTHtMnVE8T1kG5PRh6co=,iO5NlaIyd9P9XS2xwNCeemKWPlk=
8,-62,8+3z8z0mTHtMnVE8T1kG5PRh6co=,iO5NlaIyd9P9XS2xwNCeemKWPlk=
10,-60,8+3z8z0mTHtMnVE8T1kG5PRh6co=,iO5NlaIyd9P9XS2xwNCeemKWPlk=
11,-60,8+3z8z0mTHtMnVE8T1kG5PRh6co=,iO5NlaIyd9P9XS2xwNCeemKWPlk=
7,-63,8+3z8z0mTHtMnVE8T1kG5PRh6co=,iO5NlaIyd9P9XS2xwNCeemKWPlk=
8,-60,8+3z8z0mTHtMnVE8T1kG5PRh6co=,iO5NlaIyd9P9XS2xwNCeemKWPlk=
1,-60,8+3z8z0mTHtMnVE8T1kG5PRh6co=,iO5NlaIyd9P9XS2xwNCeemKWPlk=
6,-60,8+3z8z0mTHtMnVE8T1kG5PRh6co=,iO5NlaIyd9P9XS2xwNCeemKWPlk=
5,-60,8+3z8z0mTHtMnVE8T1kG5PRh6co=,iO5NlaIyd9P9XS2xwNCeemKWPlk=
9,-60,8+3z8z0mTHtMnVE8T1kG5PRh6co=,iO5NlaIyd9P9XS2xwNCeemKWPlk=
4,-60,8+3z8z0mTHtMnVE8T1kG5PRh6co=,iO5NlaIyd9P9XS2xwNCeemKWPlk=
3,-60,8+3z8z0mTHtMnVE8T1kG5PRh6co=,iO5NlaIyd9P9XS2xwNCeemKWPlk=
2,-60,8+3z8z0mTHtMnVE8T1kG5PRh6co=,iO5NlaIyd9P9XS2xwNCeemKWPlk=
11,-33,Hv2U+iqwsFHsUm6HNKBNS7mDIK0=,MByhho7Upn7sz3CrwqnQKs/Vvf8=
4,-46,Hv2U+iqwsFHsUm6HNKBNS7mDIK0=,MByhho7Upn7sz3CrwqnQKs/Vvf8=
15,-33,Hv2U+iqwsFHsUm6HNKBNS7mDIK0=,MByhho7Upn7sz3CrwqnQKs/Vvf8=
5,-47,Hv2U+iqwsFHsUm6HNKBNS7mDIK0=,MByhho7Upn7sz3CrwqnQKs/Vvf8=
5,-46,Hv2U+iqwsFHsUm6HNKBNS7mDIK0=,MByhho7Upn7sz3CrwqnQKs/Vvf8=
5,-48,Hv2U+iqwsFHsUm6HNKBNS7mDIK0=,MByhho7Upn7sz3CrwqnQKs/Vvf8=
4,-47,Hv2U+iqwsFHsUm6HNKBNS7mDIK0=,MByhho7Upn7sz3CrwqnQKs/Vvf8=
6,-46,Hv2U+iqwsFHsUm6HNKBNS7mDIK0=,MByhho7Upn7sz3CrwqnQKs/Vvf8=
5,-45,Hv2U+iqwsFHsUm6HNKBNS7mDIK0=,MByhho7Upn7sz3CrwqnQKs/Vvf8=
7,-45,Hv2U+iqwsFHsUm6HNKBNS7mDIK0=,MByhho7Upn7sz3CrwqnQKs/Vvf8=
3,-48,Hv2U+iqwsFHsUm6HNKBNS7mDIK0=,MByhho7Upn7sz3CrwqnQKs/Vvf8=
10,-33,Hv2U+iqwsFHsUm6HNKBNS7mDIK0=,MByhho7Upn7sz3CrwqnQKs/Vvf8=
9,-33,Hv2U+iqwsFHsUm6HNKBNS7mDIK0=,MByhho7Upn7sz3CrwqnQKs/Vvf8=
14,-33,M08GRXaOyAJOstNYB5HvTp/nAww=,MByhho7Upn7sz3CrwqnQKs/Vvf8=
6,-33,M08GRXaOyAJOstNYB5HvTp/nAww=,MByhho7Upn7sz3CrwqnQKs/Vvf8=
7,-33,M08GRXaOyAJOstNYB5HvTp/nAww=,MByhho7Upn7sz3CrwqnQKs/Vvf8=
13,-33,M08GRXaOyAJOstNYB5HvTp/nAww=,MByhho7Upn7sz3CrwqnQKs/Vvf8=
6,-45,M08GRXaOyAJOstNYB5HvTp/nAww=,MByhho7Upn7sz3CrwqnQKs/Vvf8=
5,-33,M08GRXaOyAJOstNYB5HvTp/nAww=,MByhho7Upn7sz3CrwqnQKs/Vvf8=
8,-45,M08GRXaOyAJOstNYB5HvTp/nAww=,MByhho7Upn7sz3CrwqnQKs/Vvf8=
4,-45,M08GRXaOyAJOstNYB5HvTp/nAww=,MByhho7Upn7sz3CrwqnQKs/Vvf8=
1,-33,M08GRXaOyAJOstNYB5HvTp/nAww=,MByhho7Upn7sz3CrwqnQKs/Vvf8=
4,-33,M08GRXaOyAJOstNYB5HvTp/nAww=,MByhho7Upn7sz3CrwqnQKs/Vvf8=
15,-34,M08GRXaOyAJOstNYB5HvTp/nAww=,MByhho7Upn7sz3CrwqnQKs/Vvf8=
3,-33,M08GRXaOyAJOstNYB5HvTp/nAww=,MByhho7Upn7sz3CrwqnQKs/Vvf8=
0,-33,M08GRXaOyAJOstNYB5HvTp/nAww=,MByhho7Upn7sz3CrwqnQKs/Vvf8=
9,-45,M08GRXaOyAJOstNYB5HvTp/nAww=,MByhho7Upn7sz3CrwqnQKs/Vvf8=
3,-45,M08GRXaOyAJOstNYB5HvTp/nAww=,MByhho7Upn7sz3CrwqnQKs/Vvf8=
14,-34,M08GRXaOyAJOstNYB5HvTp/nAww=,MByhho7Upn7sz3CrwqnQKs/Vvf8=
11,-34,M08GRXaOyAJOstNYB5HvTp/nAww=,MByhho7Upn7sz3CrwqnQKs/Vvf8=
10,-34,M08GRXaOyAJOstNYB5HvTp/nAww=,MByhho7Upn7sz3CrwqnQKs/Vvf8=
4,-48,M08GRXaOyAJOstNYB5HvTp/nAww=,MByhho7Upn7sz3CrwqnQKs/Vvf8=
13,-34,M08GRXaOyAJOstNYB5HvTp/nAww=,MByhho7Upn7sz3CrwqnQKs/Vvf8=
2,-33,M08GRXaOyAJOstNYB5HvTp/nAww=,MByhho7Upn7sz3CrwqnQKs/Vvf8=
3,-46,M08GRXaOyAJOstNYB5HvTp/nAww=,MByhho7Upn7sz3CrwqnQKs/Vvf8=
8,-33,M08GRXaOyAJOstNYB5HvTp/nAww=,MByhho7Upn7sz3CrwqnQKs/Vvf8=
9,-34,M08GRXaOyAJOstNYB5HvTp/nAww=,MByhho7Upn7sz3CrwqnQKs/Vvf8=
12,-33,M08GRXaOyAJOstNYB5HvTp/nAww=,MByhho7Upn7sz3CrwqnQKs/Vvf8=
6,-34,M08GRXaOyAJOstNYB5HvTp/nAww=,MByhho7Upn7sz3CrwqnQKs/Vvf8=
7,-34,M08GRXaOyAJOstNYB5HvTp/nAww=,MByhho7Upn7sz3CrwqnQKs/Vvf8=
8,-34,M08GRXaOyAJOstNYB5HvTp/nAww=,MByhho7Upn7sz3CrwqnQKs/Vvf8=
12,-34,M08GRXaOyAJOstNYB5HvTp/nAww=,MByhho7Upn7sz3CrwqnQKs/Vvf8=
2,-34,M08GRXaOyAJOstNYB5HvTp/nAww=,MByhho7Upn7sz3CrwqnQKs/Vvf8=
4,-34,M08GRXaOyAJOstNYB5HvTp/nAww=,MByhho7Upn7sz3CrwqnQKs/Vvf8=
5,-34,M08GRXaOyAJOstNYB5HvTp/nAww=,MByhho7Upn7sz3CrwqnQKs/Vvf8=
10,-45,M08GRXaOyAJOstNYB5HvTp/nAww=,MByhho7Upn7sz3CrwqnQKs/Vvf8=
0,-34,M08GRXaOyAJOstNYB5HvTp/nAww=,MByhho7Upn7sz3CrwqnQKs/Vvf8=
1,-34,M08GRXaOyAJOstNYB5HvTp/nAww=,MByhho7Upn7sz3CrwqnQKs/Vvf8=
13,-35,M08GRXaOyAJOstNYB5HvTp/nAww=,MByhho7Upn7sz3CrwqnQKs/Vvf8=
15,-35,M08GRXaOyAJOstNYB5HvTp/nAww=,MByhho7Upn7sz3CrwqnQKs/Vvf8=
3,-47,M08GRXaOyAJOstNYB5HvTp/nAww=,MByhho7Upn7sz3CrwqnQKs/Vvf8=
12,-35,M08GRXaOyAJOstNYB5HvTp/nAww=,MByhho7Upn7sz3CrwqnQKs/Vvf8=
11,-35,M08GRXaOyAJOstNYB5HvTp/nAww=,MByhho7Upn7sz3CrwqnQKs/Vvf8=
10,-35,M08GRXaOyAJOstNYB5HvTp/nAww=,MByhho7Upn7sz3CrwqnQKs/Vvf8=
2,-46,M08GRXaOyAJOstNYB5HvTp/nAww=,MByhho7Upn7sz3CrwqnQKs/Vvf8=
8,-35,M08GRXaOyAJOstNYB5HvTp/nAww=,MByhho7Upn7sz3CrwqnQKs/Vvf8=
9,-35,M08GRXaOyAJOstNYB5HvTp/nAww=,MByhho7Upn7sz3CrwqnQKs/Vvf8=
7,-35,M08GRXaOyAJOstNYB5HvTp/nAww=,MByhho7Upn7sz3CrwqnQKs/Vvf8=
3,-34,M08GRXaOyAJOstNYB5HvTp/nAww=,MByhho7Upn7sz3CrwqnQKs/Vvf8=
6,-35,M08GRXaOyAJOstNYB5HvTp/nAww=,MByhho7Upn7sz3CrwqnQKs/Vvf8=
1,-48,M08GRXaOyAJOstNYB5HvTp/nAww=,MByhho7Upn7sz3CrwqnQKs/Vvf8=
5,-35,M08GRXaOyAJOstNYB5HvTp/nAww=,MByhho7Upn7sz3CrwqnQKs/Vvf8=
4,-35,M08GRXaOyAJOstNYB5HvTp/nAww=,MByhho7Upn7sz3CrwqnQKs/Vvf8=
14,-35,M08GRXaOyAJOstNYB5HvTp/nAww=,MByhho7Upn7sz3CrwqnQKs/Vvf8=
2,-35,M08GRXaOyAJOstNYB5HvTp/nAww=,MByhho7Upn7sz3CrwqnQKs/Vvf8=
1,-35,M08GRXaOyAJOstNYB5HvTp/nAww=,MByhho7Upn7sz3CrwqnQKs/Vvf8=
15,-36,M08GRXaOyAJOstNYB5HvTp/nAww=,MByhho7Upn7sz3CrwqnQKs/Vvf8=
3,-35,M08GRXaOyAJOstNYB5HvTp/nAww=,MByhho7Upn7sz3CrwqnQKs/Vvf8=
14,-36,M08GRXaOyAJOstNYB5HvTp/nAww=,MByhho7Upn7sz3CrwqnQKs/Vvf8=
10,-36,M08GRXaOyAJOstNYB5HvTp/nAww=,MByhho7Upn7sz3CrwqnQKs/Vvf8=
9,-36,M08GRXaOyAJOstNYB5HvTp/nAww=,MByhho7Upn7sz3CrwqnQKs/Vvf8=
12,-36,M08GRXaOyAJOstNYB5HvTp/nAww=,MByhho7Upn7sz3CrwqnQKs/Vvf8=
8,-36,M08GRXaOyAJOstNYB5HvTp/nAww=,MByhho7Upn7sz3CrwqnQKs/Vvf8=
2,-47,M08GRXaOyAJOstNYB5HvTp/nAww=,MByhho7Upn7sz3CrwqnQKs/Vvf8=
11,-36,M08GRXaOyAJOstNYB5HvTp/nAww=,MByhho7Upn7sz3CrwqnQKs/Vvf8=
0,-35,M08GRXaOyAJOstNYB5HvTp/nAww=,MByhho7Upn7sz3CrwqnQKs/Vvf8=
2,-36,M08GRXaOyAJOstNYB5HvTp/nAww=,MByhho7Upn7sz3CrwqnQKs/Vvf8=
6,-36,M08GRXaOyAJOstNYB5HvTp/nAww=,MByhho7Upn7sz3CrwqnQKs/Vvf8=
1,-36,M08GRXaOyAJOstNYB5HvTp/nAww=,MByhho7Upn7sz3CrwqnQKs/Vvf8=
5,-36,M08GRXaOyAJOstNYB5HvTp/nAww=,MByhho7Upn7sz3CrwqnQKs/Vvf8=
3,-36,M08GRXaOyAJOstNYB5HvTp/nAww=,MByhho7Upn7sz3CrwqnQKs/Vvf8=
1,-45,M08GRXaOyAJOstNYB5HvTp/nAww=,MByhho7Upn7sz3CrwqnQKs/Vvf8=
4,-36,M08GRXaOyAJOstNYB5HvTp/nAww=,MByhho7Upn7sz3CrwqnQKs/Vvf8=
0,-36,M08GRXaOyAJOstNYB5HvTp/nAww=,MByhho7Upn7sz3CrwqnQKs/Vvf8=
2,-45,M08GRXaOyAJOstNYB5HvTp/nAww=,MByhho7Upn7sz3CrwqnQKs/Vvf8=
11,-45,M08GRXaOyAJOstNYB5HvTp/nAww=,MByhho7Upn7sz3CrwqnQKs/Vvf8=
13,-36,M08GRXaOyAJOstNYB5HvTp/nAww=,MByhho7Upn7sz3CrwqnQKs/Vvf8=
7,-36,M08GRXaOyAJOstNYB5HvTp/nAww=,MByhho7Upn7sz3CrwqnQKs/Vvf8=
15,-37,M08GRXaOyAJOstNYB5HvTp/nAww=,MByhho7Upn7sz3CrwqnQKs/Vvf8=
2,-48,M08GRXaOyAJOstNYB5HvTp/nAww=,MByhho7Upn7sz3CrwqnQKs/Vvf8=
13,-37,M08GRXaOyAJOstNYB5HvTp/nAww=,MByhho7Upn7sz3CrwqnQKs/Vvf8=
0,-47,M08GRXaOyAJOstNYB5HvTp/nAww=,MByhho7Upn7sz3CrwqnQKs/Vvf8=
12,-37,M08GRXaOyAJOstNYB5HvTp/nAww=,MByhho7Upn7sz3CrwqnQKs/Vvf8=
11,-37,M08GRXaOyAJOstNYB5HvTp/nAww=,MByhho7Upn7sz3CrwqnQKs/Vvf8=
8,-37,M08GRXaOyAJOstNYB5HvTp/nAww=,MByhho7Upn7sz3CrwqnQKs/Vvf8=
9,-37,M08GRXaOyAJOstNYB5HvTp/nAww=,MByhho7Upn7sz3CrwqnQKs/Vvf8=
10,-37,M08GRXaOyAJOstNYB5HvTp/nAww=,MByhho7Upn7sz3CrwqnQKs/Vvf8=
1,-46,M08GRXaOyAJOstNYB5HvTp/nAww=,MByhho7Upn7sz3CrwqnQKs/Vvf8=
6,-37,M08GRXaOyAJOstNYB5HvTp/nAww=,MByhho7Upn7sz3CrwqnQKs/Vvf8=
5,-37,M08GRXaOyAJOstNYB5HvTp/nAww=,MByhho7Upn7sz3CrwqnQKs/Vvf8=
3,-37,M08GRXaOyAJOstNYB5HvTp/nAww=,MByhho7Upn7sz3CrwqnQKs/Vvf8=
7,-37,M08GRXaOyAJOstNYB5HvTp/nAww=,MByhho7Upn7sz3CrwqnQKs/Vvf8=
14,-37,M08GRXaOyAJOstNYB5HvTp/nAww=,MByhho7Upn7sz3CrwqnQKs/Vvf8=
1,-47,M08GRXaOyAJOstNYB5HvTp/nAww=,MByhho7Upn7sz3CrwqnQKs/Vvf8=
1,-37,M08GRXaOyAJOstNYB5HvTp/nAww=,MByhho7Upn7sz3CrwqnQKs/Vvf8=
4,-37,M08GRXaOyAJOstNYB5HvTp/nAww=,MByhho7Upn7sz3CrwqnQKs/Vvf8=
0,-45,M08GRXaOyAJOstNYB5HvTp/nAww=,MByhho7Upn7sz3CrwqnQKs/Vvf8=
0,-37,M08GRXaOyAJOstNYB5HvTp/nAww=,MByhho7Upn7sz3CrwqnQKs/Vvf8=
14,-38,M08GRXaOyAJOstNYB5HvTp/nAww=,MByhho7Upn7sz3CrwqnQKs/Vvf8=
13,-38,M08GRXaOyAJOstNYB5HvTp/nAww=,MByhho7Upn7sz3CrwqnQKs/Vvf8=
2,-37,M08GRXaOyAJOstNYB5HvTp/nAww=,MByhho7Upn7sz3CrwqnQKs/Vvf8=
15,-38,M08GRXaOyAJOstNYB5HvTp/nAww=,MByhho7Upn7sz3CrwqnQKs/Vvf8=
12,-38,M08GRXaOyAJOstNYB5HvTp/nAww=,MByhho7Upn7sz3CrwqnQKs/Vvf8=
11,-38,M08GRXaOyAJOstNYB5HvTp/nAww=,MByhho7Upn7sz3CrwqnQKs/Vvf8=
0,-46,M08GRXaOyAJOstNYB5HvTp/nAww=,MByhho7Upn7sz3CrwqnQKs/Vvf8=
10,-38,M08GRXaOyAJOstNYB5HvTp/nAww=,MByhho7Upn7sz3CrwqnQKs/Vvf8=
15,-46,M08GRXaOyAJOstNYB5HvTp/nAww=,MByhho7Upn7sz3CrwqnQKs/Vvf8=
8,-38,M08GRXaOyAJOstNYB5HvTp/nAww=,MByhho7Upn7sz3CrwqnQKs/Vvf8=
6,-38,M08GRXaOyAJOstNYB5HvTp/nAww=,MByhho7Upn7sz3CrwqnQKs/Vvf8=
7,-38,M08GRXaOyAJOstNYB5HvTp/nAww=,MByhho7Upn7sz3CrwqnQKs/Vvf8=
14,-48,M08GRXaOyAJOstNYB5HvTp/nAww=,MByhho7Upn7sz3CrwqnQKs/Vvf8=
0,-48,M08GRXaOyAJOstNYB5HvTp/nAww=,MByhho7Upn7sz3CrwqnQKs/Vvf8=
15,-48,M08GRXaOyAJOstNYB5HvTp/nAww=,MByhho7Upn7sz3CrwqnQKs/Vvf8=
5,-38,M08GRXaOyAJOstNYB5HvTp/nAww=,MByhho7Upn7sz3CrwqnQKs/Vvf8=
3,-38,M08GRXaOyAJOstNYB5HvTp/nAww=,MByhho7Upn7sz3CrwqnQKs/Vvf8=
4,-38,M08GRXaOyAJOstNYB5HvTp/nAww=,MByhho7Upn7sz3CrwqnQKs/Vvf8=
14,-47,M08GRXaOyAJOstNYB5HvTp/nAww=,MByhho7Upn7sz3CrwqnQKs/Vvf8=
2,-38,M08GRXaOyAJOstNYB5HvTp/nAww=,MByhho7Upn7sz3CrwqnQKs/Vvf8=
0,-38,M08GRXaOyAJOstNYB5HvTp/nAww=,MByhho7Upn7sz3CrwqnQKs/Vvf8=
1,-38,M08GRXaOyAJOstNYB5HvTp/nAww=,MByhho7Upn7sz3CrwqnQKs/Vvf8=
15,-39,M08GRXaOyAJOstNYB5HvTp/nAww=,MByhho7Upn7sz3CrwqnQKs/Vvf8=
15,-47,M08GRXaOyAJOstNYB5HvTp/nAww=,MByhho7Upn7sz3CrwqnQKs/Vvf8=
12,-45,M08GRXaOyAJOstNYB5HvTp/nAww=,MByhho7Upn7sz3CrwqnQKs/Vvf8=
14,-39,M08GRXaOyAJOstNYB5HvTp/nAww=,MByhho7Upn7sz3CrwqnQKs/Vvf8=
9,-38,M08GRXaOyAJOstNYB5HvTp/nAww=,MByhho7Upn7sz3CrwqnQKs/Vvf8=
13,-39,M08GRXaOyAJOstNYB5HvTp/nAww=,MByhho7Upn7sz3CrwqnQKs/Vvf8=
12,-39,M08GRXaOyAJOstNYB5HvTp/nAww=,MByhho7Upn7sz3CrwqnQKs/Vvf8=
10,-39,M08GRXaOyAJOstNYB5HvTp/nAww=,MByhho7Upn7sz3CrwqnQKs/Vvf8=
11,-39,M08GRXaOyAJOstNYB5HvTp/nAww=,MByhho7Upn7sz3CrwqnQKs/Vvf8=
9,-39,M08GRXaOyAJOstNYB5HvTp/nAww=,MByhho7Upn7sz3CrwqnQKs/Vvf8=
8,-39,M08GRXaOyAJOstNYB5HvTp/nAww=,MByhho7Upn7sz3CrwqnQKs/Vvf8=
4,-39,M08GRXaOyAJOstNYB5HvTp/nAww=,MByhho7Upn7sz3CrwqnQKs/Vvf8=
6,-39,M08GRXaOyAJOstNYB5HvTp/nAww=,MByhho7Upn7sz3CrwqnQKs/Vvf8=
7,-39,M08GRXaOyAJOstNYB5HvTp/nAww=,MByhho7Upn7sz3CrwqnQKs/Vvf8=
1,-39,M08GRXaOyAJOstNYB5HvTp/nAww=,MByhho7Upn7sz3CrwqnQKs/Vvf8=
2,-39,M08GRXaOyAJOstNYB5HvTp/nAww=,MByhho7Upn7sz3CrwqnQKs/Vvf8=
0,-39,M08GRXaOyAJOstNYB5HvTp/nAww=,MByhho7Upn7sz3CrwqnQKs/Vvf8=
3,-39,M08GRXaOyAJOstNYB5HvTp/nAww=,MByhho7Upn7sz3CrwqnQKs/Vvf8=
15,-40,M08GRXaOyAJOstNYB5HvTp/nAww=,MByhho7Upn7sz3CrwqnQKs/Vvf8=
13,-40,M08GRXaOyAJOstNYB5HvTp/nAww=,MByhho7Upn7sz3CrwqnQKs/Vvf8=
12,-40,M08GRXaOyAJOstNYB5HvTp/nAww=,MByhho7Upn7sz3CrwqnQKs/Vvf8=
5,-39,M08GRXaOyAJOstNYB5HvTp/nAww=,MByhho7Upn7sz3CrwqnQKs/Vvf8=
11,-40,M08GRXaOyAJOstNYB5HvTp/nAww=,MByhho7Upn7sz3CrwqnQKs/Vvf8=
10,-40,M08GRXaOyAJOstNYB5HvTp/nAww=,MByhho7Upn7sz3CrwqnQKs/Vvf8=
8,-40,M08GRXaOyAJOstNYB5HvTp/nAww=,MByhho7Upn7sz3CrwqnQKs/Vvf8=
9,-40,M08GRXaOyAJOstNYB5HvTp/nAww=,MByhho7Upn7sz3CrwqnQKs/Vvf8=
6,-40,M08GRXaOyAJOstNYB5HvTp/nAww=,MByhho7Upn7sz3CrwqnQKs/Vvf8=
7,-40,M08GRXaOyAJOstNYB5HvTp/nAww=,MByhho7Upn7sz3CrwqnQKs/Vvf8=
4,-40,M08GRXaOyAJOstNYB5HvTp/nAww=,MByhho7Upn7sz3CrwqnQKs/Vvf8=
3,-40,M08GRXaOyAJOstNYB5HvTp/nAww=,MByhho7Upn7sz3CrwqnQKs/Vvf8=
14,-40,M08GRXaOyAJOstNYB5HvTp/nAww=,MByhho7Upn7sz3CrwqnQKs/Vvf8=
2,-40,M08GRXaOyAJOstNYB5HvTp/nAww=,MByhho7Upn7sz3CrwqnQKs/Vvf8=
1,-40,M08GRXaOyAJOstNYB5HvTp/nAww=,MByhho7Upn7sz3CrwqnQKs/Vvf8=
0,-40,M08GRXaOyAJOstNYB5HvTp/nAww=,MByhho7Upn7sz3CrwqnQKs/Vvf8=
14,-46,M08GRXaOyAJOstNYB5HvTp/nAww=,MByhho7Upn7sz3CrwqnQKs/Vvf8=
5,-40,M08GRXaOyAJOstNYB5HvTp/nAww=,MByhho7Upn7sz3CrwqnQKs/Vvf8=
13,-41,M08GRXaOyAJOstNYB5HvTp/nAww=,MByhho7Upn7sz3CrwqnQKs/Vvf8=
15,-41,M08GRXaOyAJOstNYB5HvTp/nAww=,MByhho7Upn7sz3CrwqnQKs/Vvf8=
10,-41,M08GRXaOyAJOstNYB5HvTp/nAww=,MByhho7Upn7sz3CrwqnQKs/Vvf8=
11,-41,M08GRXaOyAJOstNYB5HvTp/nAww=,MByhho7Upn7sz3CrwqnQKs/Vvf8=
7,-41,M08GRXaOyAJOstNYB5HvTp/nAww=,MByhho7Upn7sz3CrwqnQKs/Vvf8=
6,-41,M08GRXaOyAJOstNYB5HvTp/nAww=,MByhho7Upn7sz3CrwqnQKs/Vvf8=
12,-41,M08GRXaOyAJOstNYB5HvTp/nAww=,MByhho7Upn7sz3CrwqnQKs/Vvf8=
14,-41,M08GRXaOyAJOstNYB5HvTp/nAww=,MByhho7Upn7sz3CrwqnQKs/Vvf8=
5,-41,M08GRXaOyAJOstNYB5HvTp/nAww=,MByhho7Upn7sz3CrwqnQKs/Vvf8=
4,-41,M08GRXaOyAJOstNYB5HvTp/nAww=,MByhho7Upn7sz3CrwqnQKs/Vvf8=
3,-41,M08GRXaOyAJOstNYB5HvTp/nAww=,MByhho7Upn7sz3CrwqnQKs/Vvf8=
0,-41,M08GRXaOyAJOstNYB5HvTp/nAww=,MByhho7Upn7sz3CrwqnQKs/Vvf8=
1,-41,M08GRXaOyAJOstNYB5HvTp/nAww=,MByhho7Upn7sz3CrwqnQKs/Vvf8=
12,-47,M08GRXaOyAJOstNYB5HvTp/nAww=,MByhho7Upn7sz3CrwqnQKs/Vvf8=
9,-41,M08GRXaOyAJOstNYB5HvTp/nAww=,MByhho7Upn7sz3CrwqnQKs/Vvf8=
9,-48,M08GRXaOyAJOstNYB5HvTp/nAww=,MByhho7Upn7sz3CrwqnQKs/Vvf8=
2,-41,M08GRXaOyAJOstNYB5HvTp/nAww=,MByhho7Upn7sz3CrwqnQKs/Vvf8=
13,-42,M08GRXaOyAJOstNYB5HvTp/nAww=,MByhho7Upn7sz3CrwqnQKs/Vvf8=
8,-41,M08GRXaOyAJOstNYB5HvTp/nAww=,MByhho7Upn7sz3CrwqnQKs/Vvf8=
10,-48,M08GRXaOyAJOstNYB5HvTp/nAww=,MByhho7Upn7sz3CrwqnQKs/Vvf8=
12,-42,M08GRXaOyAJOstNYB5HvTp/nAww=,MByhho7Upn7sz3CrwqnQKs/Vvf8=
10,-42,M08GRXaOyAJOstNYB5HvTp/nAww=,MByhho7Upn7sz3CrwqnQKs/Vvf8=
12,-46,M08GRXaOyAJOstNYB5HvTp/nAww=,MByhho7Upn7sz3CrwqnQKs/Vvf8=
9,-42,M08GRXaOyAJOstNYB5HvTp/nAww=,MByhho7Upn7sz3CrwqnQKs/Vvf8=
15,-42,M08GRXaOyAJOstNYB5HvTp/nAww=,MByhho7Upn7sz3CrwqnQKs/Vvf8=
11,-42,M08GRXaOyAJOstNYB5HvTp/nAww=,MByhho7Upn7sz3CrwqnQKs/Vvf8=
7,-42,M08GRXaOyAJOstNYB5HvTp/nAww=,MByhho7Upn7sz3CrwqnQKs/Vvf8=
11,-48,M08GRXaOyAJOstNYB5HvTp/nAww=,MByhho7Upn7sz3CrwqnQKs/Vvf8=
13,-45,M08GRXaOyAJOstNYB5HvTp/nAww=,MByhho7Upn7sz3CrwqnQKs/Vvf8=
11,-47,M08GRXaOyAJOstNYB5HvTp/nAww=,MByhho7Upn7sz3CrwqnQKs/Vvf8=
6,-42,M08GRXaOyAJOstNYB5HvTp/nAww=,MByhho7Upn7sz3CrwqnQKs/Vvf8=
2,-42,M08GRXaOyAJOstNYB5HvTp/nAww=,MByhho7Upn7sz3CrwqnQKs/Vvf8=
13,-48,M08GRXaOyAJOstNYB5HvTp/nAww=,MByhho7Upn7sz3CrwqnQKs/Vvf8=
14,-42,M08GRXaOyAJOstNYB5HvTp/nAww=,MByhho7Upn7sz3CrwqnQKs/Vvf8=
9,-47,M08GRXaOyAJOstNYB5HvTp/nAww=,MByhho7Upn7sz3CrwqnQKs/Vvf8=
13,-46,M08GRXaOyAJOstNYB5HvTp/nAww=,MByhho7Upn7sz3CrwqnQKs/Vvf8=
3,-42,M08GRXaOyAJOstNYB5HvTp/nAww=,MByhho7Upn7sz3CrwqnQKs/Vvf8=
5,-42,M08GRXaOyAJOstNYB5HvTp/nAww=,MByhho7Upn7sz3CrwqnQKs/Vvf8=
8,-47,M08GRXaOyAJOstNYB5HvTp/nAww=,MByhho7Upn7sz3CrwqnQKs/Vvf8=
11,-43,M08GRXaOyAJOstNYB5HvTp/nAww=,MByhho7Upn7sz3CrwqnQKs/Vvf8=
8,-42,M08GRXaOyAJOstNYB5HvTp/nAww=,MByhho7Upn7sz3CrwqnQKs/Vvf8=
10,-47,M08GRXaOyAJOstNYB5HvTp/nAww=,MByhho7Upn7sz3CrwqnQKs/Vvf8=
0,-42,M08GRXaOyAJOstNYB5HvTp/nAww=,MByhho7Upn7sz3CrwqnQKs/Vvf8=
8,-48,M08GRXaOyAJOstNYB5HvTp/nAww=,MByhho7Upn7sz3CrwqnQKs/Vvf8=
10,-43,M08GRXaOyAJOstNYB5HvTp/nAww=,MByhho7Upn7sz3CrwqnQKs/Vvf8=
12,-48,M08GRXaOyAJOstNYB5HvTp/nAww=,MByhho7Upn7sz3CrwqnQKs/Vvf8=
9,-43,M08GRXaOyAJOstNYB5HvTp/nAww=,MByhho7Upn7sz3CrwqnQKs/Vvf8=
13,-47,M08GRXaOyAJOstNYB5HvTp/nAww=,MByhho7Upn7sz3CrwqnQKs/Vvf8=
11,-46,M08GRXaOyAJOstNYB5HvTp/nAww=,MByhho7Upn7sz3CrwqnQKs/Vvf8=
7,-43,M08GRXaOyAJOstNYB5HvTp/nAww=,MByhho7Upn7sz3CrwqnQKs/Vvf8=
10,-46,M08GRXaOyAJOstNYB5HvTp/nAww=,MByhho7Upn7sz3CrwqnQKs/Vvf8=
5,-43,M08GRXaOyAJOstNYB5HvTp/nAww=,MByhho7Upn7sz3CrwqnQKs/Vvf8=
8,-43,M08GRXaOyAJOstNYB5HvTp/nAww=,MByhho7Upn7sz3CrwqnQKs/Vvf8=
3,-43,M08GRXaOyAJOstNYB5HvTp/nAww=,MByhho7Upn7sz3CrwqnQKs/Vvf8=
2,-43,M08GRXaOyAJOstNYB5HvTp/nAww=,MByhho7Upn7sz3CrwqnQKs/Vvf8=
4,-42,M08GRXaOyAJOstNYB5HvTp/nAww=,MByhho7Upn7sz3CrwqnQKs/Vvf8=
1,-43,M08GRXaOyAJOstNYB5HvTp/nAww=,MByhho7Upn7sz3CrwqnQKs/Vvf8=
8,-46,M08GRXaOyAJOstNYB5HvTp/nAww=,MByhho7Upn7sz3CrwqnQKs/Vvf8=
4,-43,M08GRXaOyAJOstNYB5HvTp/nAww=,MByhho7Upn7sz3CrwqnQKs/Vvf8=
7,-47,M08GRXaOyAJOstNYB5HvTp/nAww=,MByhho7Upn7sz3CrwqnQKs/Vvf8=
11,-44,M08GRXaOyAJOstNYB5HvTp/nAww=,MByhho7Upn7sz3CrwqnQKs/Vvf8=
15,-44,M08GRXaOyAJOstNYB5HvTp/nAww=,MByhho7Upn7sz3CrwqnQKs/Vvf8=
10,-44,M08GRXaOyAJOstNYB5HvTp/nAww=,MByhho7Upn7sz3CrwqnQKs/Vvf8=
9,-44,M08GRXaOyAJOstNYB5HvTp/nAww=,MByhho7Upn7sz3CrwqnQKs/Vvf8=
7,-48,M08GRXaOyAJOstNYB5HvTp/nAww=,MByhho7Upn7sz3CrwqnQKs/Vvf8=
13,-43,M08GRXaOyAJOstNYB5HvTp/nAww=,MByhho7Upn7sz3CrwqnQKs/Vvf8=
1,-42,M08GRXaOyAJOstNYB5HvTp/nAww=,MByhho7Upn7sz3CrwqnQKs/Vvf8=
8,-44,M08GRXaOyAJOstNYB5HvTp/nAww=,MByhho7Upn7sz3CrwqnQKs/Vvf8=
12,-44,M08GRXaOyAJOstNYB5HvTp/nAww=,MByhho7Upn7sz3CrwqnQKs/Vvf8=
4,-44,M08GRXaOyAJOstNYB5HvTp/nAww=,MByhho7Upn7sz3CrwqnQKs/Vvf8=
7,-44,M08GRXaOyAJOstNYB5HvTp/nAww=,MByhho7Upn7sz3CrwqnQKs/Vvf8=
0,-43,M08GRXaOyAJOstNYB5HvTp/nAww=,MByhho7Upn7sz3CrwqnQKs/Vvf8=
7,-46,M08GRXaOyAJOstNYB5HvTp/nAww=,MByhho7Upn7sz3CrwqnQKs/Vvf8=
12,-43,M08GRXaOyAJOstNYB5HvTp/nAww=,MByhho7Upn7sz3CrwqnQKs/Vvf8=
6,-48,M08GRXaOyAJOstNYB5HvTp/nAww=,MByhho7Upn7sz3CrwqnQKs/Vvf8=
6,-47,M08GRXaOyAJOstNYB5HvTp/nAww=,MByhho7Upn7sz3CrwqnQKs/Vvf8=
15,-43,M08GRXaOyAJOstNYB5HvTp/nAww=,MByhho7Upn7sz3CrwqnQKs/Vvf8=
5,-44,M08GRXaOyAJOstNYB5HvTp/nAww=,MByhho7Upn7sz3CrwqnQKs/Vvf8=
6,-43,M08GRXaOyAJOstNYB5HvTp/nAww=,MByhho7Upn7sz3CrwqnQKs/Vvf8=
14,-43,M08GRXaOyAJOstNYB5HvTp/nAww=,MByhho7Upn7sz3CrwqnQKs/Vvf8=
15,-45,M08GRXaOyAJOstNYB5HvTp/nAww=,MByhho7Upn7sz3CrwqnQKs/Vvf8=
3,-44,M08GRXaOyAJOstNYB5HvTp/nAww=,MByhho7Upn7sz3CrwqnQKs/Vvf8=
6,-44,M08GRXaOyAJOstNYB5HvTp/nAww=,MByhho7Upn7sz3CrwqnQKs/Vvf8=
13,-44,M08GRXaOyAJOstNYB5HvTp/nAww=,MByhho7Upn7sz3CrwqnQKs/Vvf8=
9,-46,M08GRXaOyAJOstNYB5HvTp/nAww=,MByhho7Upn7sz3CrwqnQKs/Vvf8=
2,-44,M08GRXaOyAJOstNYB5HvTp/nAww=,MByhho7Upn7sz3CrwqnQKs/Vvf8=
1,-44,M08GRXaOyAJOstNYB5HvTp/nAww=,MByhho7Upn7sz3CrwqnQKs/Vvf8=
14,-45,M08GRXaOyAJOstNYB5HvTp/nAww=,MByhho7Upn7sz3CrwqnQKs/Vvf8=
0,-44,M08GRXaOyAJOstNYB5HvTp/nAww=,MByhho7Upn7sz3CrwqnQKs/Vvf8=
14,-44,M08GRXaOyAJOstNYB5HvTp/nAww=,MByhho7Upn7sz3CrwqnQKs/Vvf8=
