71,3,OF8O27pxjsKXWx/AWez/1j7bC7k=,YP3gtqFCaZiSEqVf5HrEKxgPgQ8=
70,3,OF8O27pxjsKXWx/AWez/1j7bC7k=,YP3gtqFCaZiSEqVf5HrEKxgPgQ8=
70,2,OF8O27pxjsKXWx/AWez/1j7bC7k=,YP3gtqFCaZiSEqVf5HrEKxgPgQ8=
69,2,OF8O27pxjsKXWx/AWez/1j7bC7k=,YP3gtqFCaZiSEqVf5HrEKxgPgQ8=
69,3,OF8O27pxjsKXWx/AWez/1j7bC7k=,YP3gtqFCaZiSEqVf5HrEKxgPgQ8=
69,1,OF8O27pxjsKXWx/AWez/1j7bC7k=,YP3gtqFCaZiSEqVf5HrEKxgPgQ8=
79,15,OF8O27pxjsKXWx/AWez/1j7bC7k=,YP3gtqFCaZiSEqVf5HrEKxgPgQ8=
76,15,OF8O27pxjsKXWx/AWez/1j7bC7k=,YP3gtqFCaZiSEqVf5HrEKxgPgQ8=
78,15,OF8O27pxjsKXWx/AWez/1j7bC7k=,YP3gtqFCaZiSEqVf5HrEKxgPgQ8=
77,15,OF8O27pxjsKXWx/AWez/1j7bC7k=,YP3gtqFCaZiSEqVf5HrEKxgPgQ8=
75,15,OF8O27pxjsKXWx/AWez/1j7bC7k=,YP3gtqFCaZiSEqVf5HrEKxgPgQ8=
74,15,OF8O27pxjsKXWx/AWez/1j7bC7k=,YP3gtqFCaZiSEqVf5HrEKxgPgQ8=
73,15,OF8O27pxjsKXWx/AWez/1j7bC7k=,YP3gtqFCaZiSEqVf5HrEKxgPgQ8=
71,15,OF8O27pxjsKXWx/AWez/1j7bC7k=,YP3gtqFCaZiSEqVf5HrEKxgPgQ8=
79,14,OF8O27pxjsKXWx/AWez/1j7bC7k=,YP3gtqFCaZiSEqVf5HrEKxgPgQ8=
78,14,OF8O27pxjsKXWx/AWez/1j7bC7k=,YP3gtqFCaZiSEqVf5HrEKxgPgQ8=
77,14,OF8O27pxjsKXWx/AWez/1j7bC7k=,YP3gtqFCaZiSEqVf5HrEKxgPgQ8=
76,14,OF8O27pxjsKXWx/AWez/1j7bC7k=,YP3gtqFCaZiSEqVf5HrEKxgPgQ8=
75,14,OF8O27pxjsKXWx/AWez/1j7bC7k=,YP3gtqFCaZiSEqVf5HrEKxgPgQ8=
74,14,OF8O27pxjsKXWx/AWez/1j7bC7k=,YP3gtqFCaZiSEqVf5HrEKxgPgQ8=
73,14,OF8O27pxjsKXWx/AWez/1j7bC7k=,YP3gtqFCaZiSEqVf5HrEKxgPgQ8=
72,14,OF8O27pxjsKXWx/AWez/1j7bC7k=,YP3gtqFCaZiSEqVf5HrEKxgPgQ8=
71,14,OF8O27pxjsKXWx/AWez/1j7bC7k=,YP3gtqFCaZiSEqVf5HrEKxgPgQ8=
79,13,OF8O27pxjsKXWx/AWez/1j7bC7k=,YP3gtqFCaZiSEqVf5HrEKxgPgQ8=
78,13,OF8O27pxjsKXWx/AWez/1j7bC7k=,YP3gtqFCaZiSEqVf5HrEKxgPgQ8=
77,13,OF8O27pxjsKXWx/AWez/1j7bC7k=,YP3gtqFCaZiSEqVf5HrEKxgPgQ8=
76,13,OF8O27pxjsKXWx/AWez/1j7bC7k=,YP3gtqFCaZiSEqVf5HrEKxgPgQ8=
75,13,OF8O27pxjsKXWx/AWez/1j7bC7k=,YP3gtqFCaZiSEqVf5HrEKxgPgQ8=
74,13,OF8O27pxjsKXWx/AWez/1j7bC7k=,YP3gtqFCaZiSEqVf5HrEKxgPgQ8=
73,13,OF8O27pxjsKXWx/AWez/1j7bC7k=,YP3gtqFCaZiSEqVf5HrEKxgPgQ8=
72,13,OF8O27pxjsKXWx/AWez/1j7bC7k=,YP3gtqFCaZiSEqVf5HrEKxgPgQ8=
69,13,OF8O27pxjsKXWx/AWez/1j7bC7k=,YP3gtqFCaZiSEqVf5HrEKxgPgQ8=
71,13,OF8O27pxjsKXWx/AWez/1j7bC7k=,YP3gtqFCaZiSEqVf5HrEKxgPgQ8=
79,12,OF8O27pxjsKXWx/AWez/1j7bC7k=,YP3gtqFCaZiSEqVf5HrEKxgPgQ8=
78,12,OF8O27pxjsKXWx/AWez/1j7bC7k=,YP3gtqFCaZiSEqVf5HrEKxgPgQ8=
77,12,OF8O27pxjsKXWx/AWez/1j7bC7k=,YP3gtqFCaZiSEqVf5HrEKxgPgQ8=
76,12,OF8O27pxjsKXWx/AWez/1j7bC7k=,YP3gtqFCaZiSEqVf5HrEKxgPgQ8=
75,12,OF8O27pxjsKXWx/AWez/1j7bC7k=,YP3gtqFCaZiSEqVf5HrEKxgPgQ8=
74,12,OF8O27pxjsKXWx/AWez/1j7bC7k=,YP3gtqFCaZiSEqVf5HrEKxgPgQ8=
73,12,OF8O27pxjsKXWx/AWez/1j7bC7k=,YP3gtqFCaZiSEqVf5HrEKxgPgQ8=
72,12,OF8O27pxjsKXWx/AWez/1j7bC7k=,YP3gtqFCaZiSEqVf5HrEKxgPgQ8=
71,12,OF8O27pxjsKXWx/AWez/1j7bC7k=,YP3gtqFCaZiSEqVf5HrEKxgPgQ8=
70,12,OF8O27pxjsKXWx/AWez/1j7bC7k=,YP3gtqFCaZiSEqVf5HrEKxgPgQ8=
79,0,OF8O27pxjsKXWx/AWez/1j7bC7k=,YP3gtqFCaZiSEqVf5HrEKxgPgQ8=
78,0,OF8O27pxjsKXWx/AWez/1j7bC7k=,YP3gtqFCaZiSEqVf5HrEKxgPgQ8=
79,2,2tRr70H34ei5FTk0hc/9dAjw1js=,YP3gtqFCaZiSEqVf5HrEKxgPgQ8=
79,1,2tRr70H34ei5FTk0hc/9dAjw1js=,YP3gtqFCaZiSEqVf5HrEKxgPgQ8=
78,1,2tRr70H34ei5FTk0hc/9dAjw1js=,YP3gtqFCaZiSEqVf5HrEKxgPgQ8=
79,11,2tRr70H34ei5FTk0hc/9dAjw1js=,YP3gtqFCaZiSEqVf5HrEKxgPgQ8=
78,11,2tRr70H34ei5FTk0hc/9dAjw1js=,YP3gtqFCaZiSEqVf5HrEKxgPgQ8=
77,11,2tRr70H34ei5FTk0hc/9dAjw1js=,YP3gtqFCaZiSEqVf5HrEKxgPgQ8=
76,11,2tRr70H34ei5FTk0hc/9dAjw1js=,YP3gtqFCaZiSEqVf5HrEKxgPgQ8=
75,11,2tRr70H34ei5FTk0hc/9dAjw1js=,YP3gtqFCaZiSEqVf5HrEKxgPgQ8=
74,11,2tRr70H34ei5FTk0hc/9dAjw1js=,YP3gtqFCaZiSEqVf5HrEKxgPgQ8=
73,11,2tRr70H34ei5FTk0hc/9dAjw1js=,YP3gtqFCaZiSEqVf5HrEKxgPgQ8=
72,11,2tRr70H34ei5FTk0hc/9dAjw1js=,YP3gtqFCaZiSEqVf5HrEKxgPgQ8=
71,11,2tRr70H34ei5FTk0hc/9dAjw1js=,YP3gtqFCaZiSEqVf5HrEKxgPgQ8=
70,11,2tRr70H34ei5FTk0hc/9dAjw1js=,YP3gtqFCaZiSEqVf5HrEKxgPgQ8=
69,11,2tRr70H34ei5FTk0hc/9dAjw1js=,YP3gtqFCaZiSEqVf5HrEKxgPgQ8=
68,11,2tRr70H34ei5FTk0hc/9dAjw1js=,YP3gtqFCaZiSEqVf5HrEKxgPgQ8=
77,0,2tRr70H34ei5FTk0hc/9dAjw1js=,YP3gtqFCaZiSEqVf5HrEKxgPgQ8=
78,2,2tRr70H34ei5FTk0hc/9dAjw1js=,YP3gtqFCaZiSEqVf5HrEKxgPgQ8=
79,10,2tRr70H34ei5FTk0hc/9dAjw1js=,YP3gtqFCaZiSEqVf5HrEKxgPgQ8=
77,1,2tRr70H34ei5FTk0hc/9dAjw1js=,YP3gtqFCaZiSEqVf5HrEKxgPgQ8=
78,10,2tRr70H34ei5FTk0hc/9dAjw1js=,YP3gtqFCaZiSEqVf5HrEKxgPgQ8=
77,10,2tRr70H34ei5FTk0hc/9dAjw1js=,YP3gtqFCaZiSEqVf5HrEKxgPgQ8=
76,10,2tRr70H34ei5FTk0hc/9dAjw1js=,YP3gtqFCaZiSEqVf5HrEKxgPgQ8=
75,10,2tRr70H34ei5FTk0hc/9dAjw1js=,YP3gtqFCaZiSEqVf5HrEKxgPgQ8=
74,10,2tRr70H34ei5FTk0hc/9dAjw1js=,YP3gtqFCaZiSEqVf5HrEKxgPgQ8=
73,10,2tRr70H34ei5FTk0hc/9dAjw1js=,YP3gtqFCaZiSEqVf5HrEKxgPgQ8=
72,10,2tRr70H34ei5FTk0hc/9dAjw1js=,YP3gtqFCaZiSEqVf5HrEKxgPgQ8=
71,10,2tRr70H34ei5FTk0hc/9dAjw1js=,YP3gtqFCaZiSEqVf5HrEKxgPgQ8=
70,10,2tRr70H34ei5FTk0hc/9dAjw1js=,YP3gtqFCaZiSEqVf5HrEKxgPgQ8=
69,10,2tRr70H34ei5FTk0hc/9dAjw1js=,YP3gtqFCaZiSEqVf5HrEKxgPgQ8=
68,10,2tRr70H34ei5FTk0hc/9dAjw1js=,YP3gtqFCaZiSEqVf5HrEKxgPgQ8=
67,10,2tRr70H34ei5FTk0hc/9dAjw1js=,YP3gtqFCaZiSEqVf5HrEKxgPgQ8=
77,2,2tRr70H34ei5FTk0hc/9dAjw1js=,YP3gtqFCaZiSEqVf5HrEKxgPgQ8=
76,0,2tRr70H34ei5FTk0hc/9dAjw1js=,YP3gtqFCaZiSEqVf5HrEKxgPgQ8=
79,9,2tRr70H34ei5FTk0hc/9dAjw1js=,YP3gtqFCaZiSEqVf5HrEKxgPgQ8=
76,1,2tRr70H34ei5FTk0hc/9dAjw1js=,YP3gtqFCaZiSEqVf5HrEKxgPgQ8=
78,9,2tRr70H34ei5FTk0hc/9dAjw1js=,YP3gtqFCaZiSEqVf5HrEKxgPgQ8=
77,9,2tRr70H34ei5FTk0hc/9dAjw1js=,YP3gtqFCaZiSEqVf5HrEKxgPgQ8=
76,9,2tRr70H34ei5FTk0hc/9dAjw1js=,YP3gtqFCaZiSEqVf5HrEKxgPgQ8=
75,9,2tRr70H34ei5FTk0hc/9dAjw1js=,YP3gtqFCaZiSEqVf5HrEKxgPgQ8=
74,9,2tRr70H34ei5FTk0hc/9dAjw1js=,YP3gtqFCaZiSEqVf5HrEKxgPgQ8=
73,9,2tRr70H34ei5FTk0hc/9dAjw1js=,YP3gtqFCaZiSEqVf5HrEKxgPgQ8=
72,9,2tRr70H34ei5FTk0hc/9dAjw1js=,YP3gtqFCaZiSEqVf5HrEKxgPgQ8=
71,9,2tRr70H34ei5FTk0hc/9dAjw1js=,YP3gtqFCaZiSEqVf5HrEKxgPgQ8=
70,9,2tRr70H34ei5FTk0hc/9dAjw1js=,YP3gtqFCaZiSEqVf5HrEKxgPgQ8=
69,9,2tRr70H34ei5FTk0hc/9dAjw1js=,YP3gtqFCaZiSEqVf5HrEKxgPgQ8=
68,9,2tRr70H34ei5FTk0hc/9dAjw1js=,YP3gtqFCaZiSEqVf5HrEKxgPgQ8=
75,0,2tRr70H34ei5FTk0hc/9dAjw1js=,YP3gtqFCaZiSEqVf5HrEKxgPgQ8=
67,9,2tRr70H34ei5FTk0hc/9dAjw1js=,YP3gtqFCaZiSEqVf5HrEKxgPgQ8=
76,2,2tRr70H34ei5FTk0hc/9dAjw1js=,YP3gtqFCaZiSEqVf5HrEKxgPgQ8=
79,8,2tRr70H34ei5FTk0hc/9dAjw1js=,YP3gtqFCaZiSEqVf5HrEKxgPgQ8=
75,1,2tRr70H34ei5FTk0hc/9dAjw1js=,YP3gtqFCaZiSEqVf5HrEKxgPgQ8=
78,8,2tRr70H34ei5FTk0hc/9dAjw1js=,YP3gtqFCaZiSEqVf5HrEKxgPgQ8=
77,8,2tRr70H34ei5FTk0hc/9dAjw1js=,YP3gtqFCaZiSEqVf5HrEKxgPgQ8=
76,8,2tRr70H34ei5FTk0hc/9dAjw1js=,YP3gtqFCaZiSEqVf5HrEKxgPgQ8=
75,8,2tRr70H34ei5FTk0hc/9dAjw1js=,YP3gtqFCaZiSEqVf5HrEKxgPgQ8=
74,8,2tRr70H34ei5FTk0hc/9dAjw1js=,YP3gtqFCaZiSEqVf5HrEKxgPgQ8=
73,8,2tRr70H34ei5FTk0hc/9dAjw1js=,YP3gtqFCaZiSEqVf5HrEKxgPgQ8=
72,8,2tRr70H34ei5FTk0hc/9dAjw1js=,YP3gtqFCaZiSEqVf5HrEKxgPgQ8=
71,8,2tRr70H34ei5FTk0hc/9dAjw1js=,YP3gtqFCaZiSEqVf5HrEKxgPgQ8=
70,8,2tRr70H34ei5FTk0hc/9dAjw1js=,YP3gtqFCaZiSEqVf5HrEKxgPgQ8=
69,8,2tRr70H34ei5FTk0hc/9dAjw1js=,YP3gtqFCaZiSEqVf5HrEKxgPgQ8=
68,8,2tRr70H34ei5FTk0hc/9dAjw1js=,YP3gtqFCaZiSEqVf5HrEKxgPgQ8=
74,0,2tRr70H34ei5FTk0hc/9dAjw1js=,YP3gtqFCaZiSEqVf5HrEKxgPgQ8=
75,2,2tRr70H34ei5FTk0hc/9dAjw1js=,YP3gtqFCaZiSEqVf5HrEKxgPgQ8=
79,7,2tRr70H34ei5FTk0hc/9dAjw1js=,YP3gtqFCaZiSEqVf5HrEKxgPgQ8=
74,1,2tRr70H34ei5FTk0hc/9dAjw1js=,YP3gtqFCaZiSEqVf5HrEKxgPgQ8=
78,7,2tRr70H34ei5FTk0hc/9dAjw1js=,YP3gtqFCaZiSEqVf5HrEKxgPgQ8=
76,7,2tRr70H34ei5FTk0hc/9dAjw1js=,YP3gtqFCaZiSEqVf5HrEKxgPgQ8=
77,7,2tRr70H34ei5FTk0hc/9dAjw1js=,YP3gtqFCaZiSEqVf5HrEKxgPgQ8=
75,7,2tRr70H34ei5FTk0hc/9dAjw1js=,YP3gtqFCaZiSEqVf5HrEKxgPgQ8=
74,7,2tRr70H34ei5FTk0hc/9dAjw1js=,YP3gtqFCaZiSEqVf5HrEKxgPgQ8=
73,7,2tRr70H34ei5FTk0hc/9dAjw1js=,YP3gtqFCaZiSEqVf5HrEKxgPgQ8=
72,7,2tRr70H34ei5FTk0hc/9dAjw1js=,YP3gtqFCaZiSEqVf5HrEKxgPgQ8=
71,7,2tRr70H34ei5FTk0hc/9dAjw1js=,YP3gtqFCaZiSEqVf5HrEKxgPgQ8=
70,7,2tRr70H34ei5FTk0hc/9dAjw1js=,YP3gtqFCaZiSEqVf5HrEKxgPgQ8=
69,7,2tRr70H34ei5FTk0hc/9dAjw1js=,YP3gtqFCaZiSEqVf5HrEKxgPgQ8=
66,7,2tRr70H34ei5FTk0hc/9dAjw1js=,YP3gtqFCaZiSEqVf5HrEKxgPgQ8=
73,0,2tRr70H34ei5FTk0hc/9dAjw1js=,YP3gtqFCaZiSEqVf5HrEKxgPgQ8=
79,6,2tRr70H34ei5FTk0hc/9dAjw1js=,YP3gtqFCaZiSEqVf5HrEKxgPgQ8=
74,2,2tRr70H34ei5FTk0hc/9dAjw1js=,YP3gtqFCaZiSEqVf5HrEKxgPgQ8=
73,1,2tRr70H34ei5FTk0hc/9dAjw1js=,YP3gtqFCaZiSEqVf5HrEKxgPgQ8=
78,6,2tRr70H34ei5FTk0hc/9dAjw1js=,YP3gtqFCaZiSEqVf5HrEKxgPgQ8=
77,6,2tRr70H34ei5FTk0hc/9dAjw1js=,YP3gtqFCaZiSEqVf5HrEKxgPgQ8=
76,6,2tRr70H34ei5FTk0hc/9dAjw1js=,YP3gtqFCaZiSEqVf5HrEKxgPgQ8=
75,6,2tRr70H34ei5FTk0hc/9dAjw1js=,YP3gtqFCaZiSEqVf5HrEKxgPgQ8=
74,6,2tRr70H34ei5FTk0hc/9dAjw1js=,YP3gtqFCaZiSEqVf5HrEKxgPgQ8=
72,6,2tRr70H34ei5FTk0hc/9dAjw1js=,YP3gtqFCaZiSEqVf5HrEKxgPgQ8=
73,6,2tRr70H34ei5FTk0hc/9dAjw1js=,YP3gtqFCaZiSEqVf5HrEKxgPgQ8=
71,6,2tRr70H34ei5FTk0hc/9dAjw1js=,YP3gtqFCaZiSEqVf5HrEKxgPgQ8=
70,6,2tRr70H34ei5FTk0hc/9dAjw1js=,YP3gtqFCaZiSEqVf5HrEKxgPgQ8=
69,6,2tRr70H34ei5FTk0hc/9dAjw1js=,YP3gtqFCaZiSEqVf5HrEKxgPgQ8=
73,2,2tRr70H34ei5FTk0hc/9dAjw1js=,YP3gtqFCaZiSEqVf5HrEKxgPgQ8=
72,0,2tRr70H34ei5FTk0hc/9dAjw1js=,YP3gtqFCaZiSEqVf5HrEKxgPgQ8=
79,5,2tRr70H34ei5FTk0hc/9dAjw1js=,YP3gtqFCaZiSEqVf5HrEKxgPgQ8=
72,1,2tRr70H34ei5FTk0hc/9dAjw1js=,YP3gtqFCaZiSEqVf5HrEKxgPgQ8=
78,5,2tRr70H34ei5FTk0hc/9dAjw1js=,YP3gtqFCaZiSEqVf5HrEKxgPgQ8=
77,5,2tRr70H34ei5FTk0hc/9dAjw1js=,YP3gtqFCaZiSEqVf5HrEKxgPgQ8=
76,5,2tRr70H34ei5FTk0hc/9dAjw1js=,YP3gtqFCaZiSEqVf5HrEKxgPgQ8=
75,5,2tRr70H34ei5FTk0hc/9dAjw1js=,YP3gtqFCaZiSEqVf5HrEKxgPgQ8=
74,5,2tRr70H34ei5FTk0hc/9dAjw1js=,YP3gtqFCaZiSEqVf5HrEKxgPgQ8=
73,5,2tRr70H34ei5FTk0hc/9dAjw1js=,YP3gtqFCaZiSEqVf5HrEKxgPgQ8=
72,5,2tRr70H34ei5FTk0hc/9dAjw1js=,YP3gtqFCaZiSEqVf5HrEKxgPgQ8=
71,5,2tRr70H34ei5FTk0hc/9dAjw1js=,YP3gtqFCaZiSEqVf5HrEKxgPgQ8=
70,5,2tRr70H34ei5FTk0hc/9dAjw1js=,YP3gtqFCaZiSEqVf5HrEKxgPgQ8=
69,5,2tRr70H34ei5FTk0hc/9dAjw1js=,YP3gtqFCaZiSEqVf5HrEKxgPgQ8=
68,5,2tRr70H34ei5FTk0hc/9dAjw1js=,YP3gtqFCaZiSEqVf5HrEKxgPgQ8=
72,2,2tRr70H34ei5FTk0hc/9dAjw1js=,YP3gtqFCaZiSEqVf5HrEKxgPgQ8=
71,0,2tRr70H34ei5FTk0hc/9dAjw1js=,YP3gtqFCaZiSEqVf5HrEKxgPgQ8=
79,4,2tRr70H34ei5FTk0hc/9dAjw1js=,YP3gtqFCaZiSEqVf5HrEKxgPgQ8=
71,1,2tRr70H34ei5FTk0hc/9dAjw1js=,YP3gtqFCaZiSEqVf5HrEKxgPgQ8=
78,4,2tRr70H34ei5FTk0hc/9dAjw1js=,YP3gtqFCaZiSEqVf5HrEKxgPgQ8=
77,4,2tRr70H34ei5FTk0hc/9dAjw1js=,YP3gtqFCaZiSEqVf5HrEKxgPgQ8=
76,4,2tRr70H34ei5FTk0hc/9dAjw1js=,YP3gtqFCaZiSEqVf5HrEKxgPgQ8=
75,4,2tRr70H34ei5FTk0hc/9dAjw1js=,YP3gtqFCaZiSEqVf5HrEKxgPgQ8=
74,4,2tRr70H34ei5FTk0hc/9dAjw1js=,YP3gtqFCaZiSEqVf5HrEKxgPgQ8=
73,4,2tRr70H34ei5FTk0hc/9dAjw1js=,YP3gtqFCaZiSEqVf5HrEKxgPgQ8=
72,4,2tRr70H34ei5FTk0hc/9dAjw1js=,YP3gtqFCaZiSEqVf5HrEKxgPgQ8=
71,4,2tRr70H34ei5FTk0hc/9dAjw1js=,YP3gtqFCaZiSEqVf5HrEKxgPgQ8=
70,4,2tRr70H34ei5FTk0hc/9dAjw1js=,YP3gtqFCaZiSEqVf5HrEKxgPgQ8=
69,4,2tRr70H34ei5FTk0hc/9dAjw1js=,YP3gtqFCaZiSEqVf5HrEKxgPgQ8=
68,4,2tRr70H34ei5FTk0hc/9dAjw1js=,YP3gtqFCaZiSEqVf5HrEKxgPgQ8=
71,2,2tRr70H34ei5FTk0hc/9dAjw1js=,YP3gtqFCaZiSEqVf5HrEKxgPgQ8=
79,3,2tRr70H34ei5FTk0hc/9dAjw1js=,YP3gtqFCaZiSEqVf5HrEKxgPgQ8=
70,1,2tRr70H34ei5FTk0hc/9dAjw1js=,YP3gtqFCaZiSEqVf5HrEKxgPgQ8=
78,3,2tRr70H34ei5FTk0hc/9dAjw1js=,YP3gtqFCaZiSEqVf5HrEKxgPgQ8=
77,3,2tRr70H34ei5FTk0hc/9dAjw1js=,YP3gtqFCaZiSEqVf5HrEKxgPgQ8=
76,3,2tRr70H34ei5FTk0hc/9dAjw1js=,YP3gtqFCaZiSEqVf5HrEKxgPgQ8=
75,3,2tRr70H34ei5FTk0hc/9dAjw1js=,YP3gtqFCaZiSEqVf5HrEKxgPgQ8=
74,3,2tRr70H34ei5FTk0hc/9dAjw1js=,YP3gtqFCaZiSEqVf5HrEKxgPgQ8=
73,3,2tRr70H34ei5FTk0hc/9dAjw1js=,YP3gtqFCaZiSEqVf5HrEKxgPgQ8=
72,3,2tRr70H34ei5FTk0hc/9dAjw1js=,YP3gtqFCaZiSEqVf5HrEKxgPgQ8=
72,15,2tRr70H34ei5FTk0hc/9dAjw1js=,YP3gtqFCaZiSEqVf5HrEKxgPgQ8=
64,7,2tRr70H34ei5FTk0hc/9dAjw1js=,YP3gtqFCaZiSEqVf5HrEKxgPgQ8=
64,6,2tRr70H34ei5FTk0hc/9dAjw1js=,YP3gtqFCaZiSEqVf5HrEKxgPgQ8=
64,13,2tRr70H34ei5FTk0hc/9dAjw1js=,YP3gtqFCaZiSEqVf5HrEKxgPgQ8=
69,0,2tRr70H34ei5FTk0hc/9dAjw1js=,YP3gtqFCaZiSEqVf5HrEKxgPgQ8=
64,11,2tRr70H34ei5FTk0hc/9dAjw1js=,YP3gtqFCaZiSEqVf5HrEKxgPgQ8=
64,10,2tRr70H34ei5FTk0hc/9dAjw1js=,YP3gtqFCaZiSEqVf5HrEKxgPgQ8=
67,0,2tRr70H34ei5FTk0hc/9dAjw1js=,YP3gtqFCaZiSEqVf5HrEKxgPgQ8=
64,14,2tRr70H34ei5FTk0hc/9dAjw1js=,YP3gtqFCaZiSEqVf5HrEKxgPgQ8=
64,12,2tRr70H34ei5FTk0hc/9dAjw1js=,YP3gtqFCaZiSEqVf5HrEKxgPgQ8=
64,5,2tRr70H34ei5FTk0hc/9dAjw1js=,YP3gtqFCaZiSEqVf5HrEKxgPgQ8=
64,8,2tRr70H34ei5FTk0hc/9dAjw1js=,YP3gtqFCaZiSEqVf5HrEKxgPgQ8=
70,15,2tRr70H34ei5FTk0hc/9dAjw1js=,YP3gtqFCaZiSEqVf5HrEKxgPgQ8=
64,9,2tRr70H34ei5FTk0hc/9dAjw1js=,YP3gtqFCaZiSEqVf5HrEKxgPgQ8=
67,3,2tRr70H34ei5FTk0hc/9dAjw1js=,YP3gtqFCaZiSEqVf5HrEKxgPgQ8=
69,15,2tRr70H34ei5FTk0hc/9dAjw1js=,YP3gtqFCaZiSEqVf5HrEKxgPgQ8=
68,1,2tRr70H34ei5FTk0hc/9dAjw1js=,YP3gtqFCaZiSEqVf5HrEKxgPgQ8=
66,15,2tRr70H34ei5FTk0hc/9dAjw1js=,YP3gtqFCaZiSEqVf5HrEKxgPgQ8=
68,15,2tRr70H34ei5FTk0hc/9dAjw1js=,YP3gtqFCaZiSEqVf5HrEKxgPgQ8=
67,15,2tRr70H34ei5FTk0hc/9dAjw1js=,YP3gtqFCaZiSEqVf5HrEKxgPgQ8=
64,15,2tRr70H34ei5FTk0hc/9dAjw1js=,YP3gtqFCaZiSEqVf5HrEKxgPgQ8=
70,14,2tRr70H34ei5FTk0hc/9dAjw1js=,YP3gtqFCaZiSEqVf5HrEKxgPgQ8=
68,0,2tRr70H34ei5FTk0hc/9dAjw1js=,YP3gtqFCaZiSEqVf5HrEKxgPgQ8=
64,2,2tRr70H34ei5FTk0hc/9dAjw1js=,YP3gtqFCaZiSEqVf5HrEKxgPgQ8=
64,0,2tRr70H34ei5FTk0hc/9dAjw1js=,YP3gtqFCaZiSEqVf5HrEKxgPgQ8=
64,3,2tRr70H34ei5FTk0hc/9dAjw1js=,YP3gtqFCaZiSEqVf5HrEKxgPgQ8=
64,4,2tRr70H34ei5FTk0hc/9dAjw1js=,YP3gtqFCaZiSEqVf5HrEKxgPgQ8=
65,15,2tRr70H34ei5FTk0hc/9dAjw1js=,YP3gtqFCaZiSEqVf5HrEKxgPgQ8=
69,14,2tRr70H34ei5FTk0hc/9dAjw1js=,YP3gtqFCaZiSEqVf5HrEKxgPgQ8=
70,0,2tRr70H34ei5FTk0hc/9dAjw1js=,YP3gtqFCaZiSEqVf5HrEKxgPgQ8=
66,14,2tRr70H34ei5FTk0hc/9dAjw1js=,YP3gtqFCaZiSEqVf5HrEKxgPgQ8=
67,14,2tRr70H34ei5FTk0hc/9dAjw1js=,YP3gtqFCaZiSEqVf5HrEKxgPgQ8=
70,13,2tRr70H34ei5FTk0hc/9dAjw1js=,YP3gtqFCaZiSEqVf5HrEKxgPgQ8=
65,14,2tRr70H34ei5FTk0hc/9dAjw1js=,YP3gtqFCaZiSEqVf5HrEKxgPgQ8=
68,3,2tRr70H34ei5FTk0hc/9dAjw1js=,YP3gtqFCaZiSEqVf5HrEKxgPgQ8=
65,0,2tRr70H34ei5FTk0hc/9dAjw1js=,YP3gtqFCaZiSEqVf5HrEKxgPgQ8=
68,13,2tRr70H34ei5FTk0hc/9dAjw1js=,YP3gtqFCaZiSEqVf5HrEKxgPgQ8=
66,13,2tRr70H34ei5FTk0hc/9dAjw1js=,YP3gtqFCaZiSEqVf5HrEKxgPgQ8=
68,2,2tRr70H34ei5FTk0hc/9dAjw1js=,YP3gtqFCaZiSEqVf5HrEKxgPgQ8=
68,14,2tRr70H34ei5FTk0hc/9dAjw1js=,YP3gtqFCaZiSEqVf5HrEKxgPgQ8=
67,2,2tRr70H34ei5FTk0hc/9dAjw1js=,YP3gtqFCaZiSEqVf5HrEKxgPgQ8=
69,12,2tRr70H34ei5FTk0hc/9dAjw1js=,YP3gtqFCaZiSEqVf5HrEKxgPgQ8=
66,3,2tRr70H34ei5FTk0hc/9dAjw1js=,YP3gtqFCaZiSEqVf5HrEKxgPgQ8=
64,1,2tRr70H34ei5FTk0hc/9dAjw1js=,YP3gtqFCaZiSEqVf5HrEKxgPgQ8=
65,4,2tRr70H34ei5FTk0hc/9dAjw1js=,YP3gtqFCaZiSEqVf5HrEKxgPgQ8=
65,3,2tRr70H34ei5FTk0hc/9dAjw1js=,YP3gtqFCaZiSEqVf5HrEKxgPgQ8=
67,13,2tRr70H34ei5FTk0hc/9dAjw1js=,YP3gtqFCaZiSEqVf5HrEKxgPgQ8=
67,11,2tRr70H34ei5FTk0hc/9dAjw1js=,YP3gtqFCaZiSEqVf5HrEKxgPgQ8=
65,13,2tRr70H34ei5FTk0hc/9dAjw1js=,YP3gtqFCaZiSEqVf5HrEKxgPgQ8=
66,1,2tRr70H34ei5FTk0hc/9dAjw1js=,YP3gtqFCaZiSEqVf5HrEKxgPgQ8=
66,10,2tRr70H34ei5FTk0hc/9dAjw1js=,YP3gtqFCaZiSEqVf5HrEKxgPgQ8=
68,12,2tRr70H34ei5FTk0hc/9dAjw1js=,YP3gtqFCaZiSEqVf5HrEKxgPgQ8=
65,12,2tRr70H34ei5FTk0hc/9dAjw1js=,YP3gtqFCaZiSEqVf5HrEKxgPgQ8=
67,12,2tRr70H34ei5FTk0hc/9dAjw1js=,YP3gtqFCaZiSEqVf5HrEKxgPgQ8=
66,8,2tRr70H34ei5FTk0hc/9dAjw1js=,YP3gtqFCaZiSEqVf5HrEKxgPgQ8=
67,8,2tRr70H34ei5FTk0hc/9dAjw1js=,YP3gtqFCaZiSEqVf5HrEKxgPgQ8=
66,12,2tRr70H34ei5FTk0hc/9dAjw1js=,YP3gtqFCaZiSEqVf5HrEKxgPgQ8=
68,7,2tRr70H34ei5FTk0hc/9dAjw1js=,YP3gtqFCaZiSEqVf5HrEKxgPgQ8=
65,11,2tRr70H34ei5FTk0hc/9dAjw1js=,YP3gtqFCaZiSEqVf5HrEKxgPgQ8=
66,11,2tRr70H34ei5FTk0hc/9dAjw1js=,YP3gtqFCaZiSEqVf5HrEKxgPgQ8=
66,0,2tRr70H34ei5FTk0hc/9dAjw1js=,YP3gtqFCaZiSEqVf5HrEKxgPgQ8=
68,6,2tRr70H34ei5FTk0hc/9dAjw1js=,YP3gtqFCaZiSEqVf5HrEKxgPgQ8=
66,2,2tRr70H34ei5FTk0hc/9dAjw1js=,YP3gtqFCaZiSEqVf5HrEKxgPgQ8=
65,9,2tRr70H34ei5FTk0hc/9dAjw1js=,YP3gtqFCaZiSEqVf5HrEKxgPgQ8=
67,6,2tRr70H34ei5FTk0hc/9dAjw1js=,YP3gtqFCaZiSEqVf5HrEKxgPgQ8=
67,7,2tRr70H34ei5FTk0hc/9dAjw1js=,YP3gtqFCaZiSEqVf5HrEKxgPgQ8=
65,10,2tRr70H34ei5FTk0hc/9dAjw1js=,YP3gtqFCaZiSEqVf5HrEKxgPgQ8=
67,5,2tRr70H34ei5FTk0hc/9dAjw1js=,YP3gtqFCaZiSEqVf5HrEKxgPgQ8=
65,8,2tRr70H34ei5FTk0hc/9dAjw1js=,YP3gtqFCaZiSEqVf5HrEKxgPgQ8=
66,6,2tRr70H34ei5FTk0hc/9dAjw1js=,YP3gtqFCaZiSEqVf5HrEKxgPgQ8=
66,9,2tRr70H34ei5FTk0hc/9dAjw1js=,YP3gtqFCaZiSEqVf5HrEKxgPgQ8=
67,1,2tRr70H34ei5FTk0hc/9dAjw1js=,YP3gtqFCaZiSEqVf5HrEKxgPgQ8=
66,5,2tRr70H34ei5FTk0hc/9dAjw1js=,YP3gtqFCaZiSEqVf5HrEKxgPgQ8=
66,4,2tRr70H34ei5FTk0hc/9dAjw1js=,YP3gtqFCaZiSEqVf5HrEKxgPgQ8=
67,4,2tRr70H34ei5FTk0hc/9dAjw1js=,YP3gtqFCaZiSEqVf5HrEKxgPgQ8=
65,7,2tRr70H34ei5FTk0hc/9dAjw1js=,YP3gtqFCaZiSEqVf5HrEKxgPgQ8=
65,5,2tRr70H34ei5FTk0hc/9dAjw1js=,YP3gtqFCaZiSEqVf5HrEKxgPgQ8=
65,6,2tRr70H34ei5FTk0hc/9dAjw1js=,YP3gtqFCaZiSEqVf5HrEKxgPgQ8=
65,1,2tRr70H34ei5FTk0hc/9dAjw1js=,YP3gtqFCaZiSEqVf5HrEKxgPgQ8=
65,2,2tRr70H34ei5FTk0hc/9dAjw1js=,YP3gtqFCaZiSEqVf5HrEKxgPgQ8=
70,19,2hI4y2D17ilt7tdMnnucDLElrX4=,iiJrJSd0d+zfp5CzvHvejmEy2xM=
71,19,2hI4y2D17ilt7tdMnnucDLElrX4=,iiJrJSd0d+zfp5CzvHvejmEy2xM=
72,19,2hI4y2D17ilt7tdMnnucDLElrX4=,iiJrJSd0d+zfp5CzvHvejmEy2xM=
79,31,2hI4y2D17ilt7tdMnnucDLElrX4=,iiJrJSd0d+zfp5CzvHvejmEy2xM=
78,31,2hI4y2D17ilt7tdMnnucDLElrX4=,iiJrJSd0d+zfp5CzvHvejmEy2xM=
77,31,2hI4y2D17ilt7tdMnnucDLElrX4=,iiJrJSd0d+zfp5CzvHvejmEy2xM=
76,31,2hI4y2D17ilt7tdMnnucDLElrX4=,iiJrJSd0d+zfp5CzvHvejmEy2xM=
69,17,2hI4y2D17ilt7tdMnnucDLElrX4=,iiJrJSd0d+zfp5CzvHvejmEy2xM=
68,18,F3XXe58OOJUea/BwCthqKeMuakw=,iiJrJSd0d+zfp5CzvHvejmEy2xM=
72,31,F3XXe58OOJUea/BwCthqKeMuakw=,iiJrJSd0d+zfp5CzvHvejmEy2xM=
71,31,F3XXe58OOJUea/BwCthqKeMuakw=,iiJrJSd0d+zfp5CzvHvejmEy2xM=
75,31,F3XXe58OOJUea/BwCthqKeMuakw=,iiJrJSd0d+zfp5CzvHvejmEy2xM=
70,31,F3XXe58OOJUea/BwCthqKeMuakw=,iiJrJSd0d+zfp5CzvHvejmEy2xM=
69,18,F3XXe58OOJUea/BwCthqKeMuakw=,iiJrJSd0d+zfp5CzvHvejmEy2xM=
74,19,F3XXe58OOJUea/BwCthqKeMuakw=,iiJrJSd0d+zfp5CzvHvejmEy2xM=
74,31,F3XXe58OOJUea/BwCthqKeMuakw=,iiJrJSd0d+zfp5CzvHvejmEy2xM=
68,31,F3XXe58OOJUea/BwCthqKeMuakw=,iiJrJSd0d+zfp5CzvHvejmEy2xM=
73,31,F3XXe58OOJUea/BwCthqKeMuakw=,iiJrJSd0d+zfp5CzvHvejmEy2xM=
69,31,F3XXe58OOJUea/BwCthqKeMuakw=,iiJrJSd0d+zfp5CzvHvejmEy2xM=
68,19,F3XXe58OOJUea/BwCthqKeMuakw=,iiJrJSd0d+zfp5CzvHvejmEy2xM=
73,19,F3XXe58OOJUea/BwCthqKeMuakw=,iiJrJSd0d+zfp5CzvHvejmEy2xM=
67,31,F3XXe58OOJUea/BwCthqKeMuakw=,iiJrJSd0d+zfp5CzvHvejmEy2xM=
67,19,F3XXe58OOJUea/BwCthqKeMuakw=,iiJrJSd0d+zfp5CzvHvejmEy2xM=
79,30,F3XXe58OOJUea/BwCthqKeMuakw=,iiJrJSd0d+zfp5CzvHvejmEy2xM=
78,30,F3XXe58OOJUea/BwCthqKeMuakw=,iiJrJSd0d+zfp5CzvHvejmEy2xM=
77,30,F3XXe58OOJUea/BwCthqKeMuakw=,iiJrJSd0d+zfp5CzvHvejmEy2xM=
70,18,F3XXe58OOJUea/BwCthqKeMuakw=,iiJrJSd0d+zfp5CzvHvejmEy2xM=
76,30,F3XXe58OOJUea/BwCthqKeMuakw=,iiJrJSd0d+zfp5CzvHvejmEy2xM=
68,17,F3XXe58OOJUea/BwCthqKeMuakw=,iiJrJSd0d+zfp5CzvHvejmEy2xM=
75,30,F3XXe58OOJUea/BwCthqKeMuakw=,iiJrJSd0d+zfp5CzvHvejmEy2xM=
64,31,F3XXe58OOJUea/BwCthqKeMuakw=,iiJrJSd0d+zfp5CzvHvejmEy2xM=
65,16,F3XXe58OOJUea/BwCthqKeMuakw=,iiJrJSd0d+zfp5CzvHvejmEy2xM=
69,16,F3XXe58OOJUea/BwCthqKeMuakw=,iiJrJSd0d+zfp5CzvHvejmEy2xM=
69,30,F3XXe58OOJUea/BwCthqKeMuakw=,iiJrJSd0d+zfp5CzvHvejmEy2xM=
68,30,F3XXe58OOJUea/BwCthqKeMuakw=,iiJrJSd0d+zfp5CzvHvejmEy2xM=
66,31,F3XXe58OOJUea/BwCthqKeMuakw=,iiJrJSd0d+zfp5CzvHvejmEy2xM=
70,30,F3XXe58OOJUea/BwCthqKeMuakw=,iiJrJSd0d+zfp5CzvHvejmEy2xM=
68,16,F3XXe58OOJUea/BwCthqKeMuakw=,iiJrJSd0d+zfp5CzvHvejmEy2xM=
66,19,F3XXe58OOJUea/BwCthqKeMuakw=,iiJrJSd0d+zfp5CzvHvejmEy2xM=
64,30,F3XXe58OOJUea/BwCthqKeMuakw=,iiJrJSd0d+zfp5CzvHvejmEy2xM=
79,29,F3XXe58OOJUea/BwCthqKeMuakw=,iiJrJSd0d+zfp5CzvHvejmEy2xM=
65,31,F3XXe58OOJUea/BwCthqKeMuakw=,iiJrJSd0d+zfp5CzvHvejmEy2xM=
78,29,F3XXe58OOJUea/BwCthqKeMuakw=,iiJrJSd0d+zfp5CzvHvejmEy2xM=
77,29,F3XXe58OOJUea/BwCthqKeMuakw=,iiJrJSd0d+zfp5CzvHvejmEy2xM=
76,29,F3XXe58OOJUea/BwCthqKeMuakw=,iiJrJSd0d+zfp5CzvHvejmEy2xM=
75,19,F3XXe58OOJUea/BwCthqKeMuakw=,iiJrJSd0d+zfp5CzvHvejmEy2xM=
71,30,F3XXe58OOJUea/BwCthqKeMuakw=,iiJrJSd0d+zfp5CzvHvejmEy2xM=
73,30,F3XXe58OOJUea/BwCthqKeMuakw=,iiJrJSd0d+zfp5CzvHvejmEy2xM=
72,30,F3XXe58OOJUea/BwCthqKeMuakw=,iiJrJSd0d+zfp5CzvHvejmEy2xM=
65,19,F3XXe58OOJUea/BwCthqKeMuakw=,iiJrJSd0d+zfp5CzvHvejmEy2xM=
71,29,F3XXe58OOJUea/BwCthqKeMuakw=,iiJrJSd0d+zfp5CzvHvejmEy2xM=
70,29,F3XXe58OOJUea/BwCthqKeMuakw=,iiJrJSd0d+zfp5CzvHvejmEy2xM=
67,16,F3XXe58OOJUea/BwCthqKeMuakw=,iiJrJSd0d+zfp5CzvHvejmEy2xM=
76,19,F3XXe58OOJUea/BwCthqKeMuakw=,iiJrJSd0d+zfp5CzvHvejmEy2xM=
72,29,F3XXe58OOJUea/BwCthqKeMuakw=,iiJrJSd0d+zfp5CzvHvejmEy2xM=
75,29,F3XXe58OOJUea/BwCthqKeMuakw=,iiJrJSd0d+zfp5CzvHvejmEy2xM=
67,30,F3XXe58OOJUea/BwCthqKeMuakw=,iiJrJSd0d+zfp5CzvHvejmEy2xM=
77,19,F3XXe58OOJUea/BwCthqKeMuakw=,iiJrJSd0d+zfp5CzvHvejmEy2xM=
78,19,F3XXe58OOJUea/BwCthqKeMuakw=,iiJrJSd0d+zfp5CzvHvejmEy2xM=
73,29,F3XXe58OOJUea/BwCthqKeMuakw=,iiJrJSd0d+zfp5CzvHvejmEy2xM=
64,29,F3XXe58OOJUea/BwCthqKeMuakw=,iiJrJSd0d+zfp5CzvHvejmEy2xM=
66,30,F3XXe58OOJUea/BwCthqKeMuakw=,iiJrJSd0d+zfp5CzvHvejmEy2xM=
79,28,F3XXe58OOJUea/BwCthqKeMuakw=,iiJrJSd0d+zfp5CzvHvejmEy2xM=
69,29,F3XXe58OOJUea/BwCthqKeMuakw=,iiJrJSd0d+zfp5CzvHvejmEy2xM=
78,28,F3XXe58OOJUea/BwCthqKeMuakw=,iiJrJSd0d+zfp5CzvHvejmEy2xM=
77,28,F3XXe58OOJUea/BwCthqKeMuakw=,iiJrJSd0d+zfp5CzvHvejmEy2xM=
76,28,F3XXe58OOJUea/BwCthqKeMuakw=,iiJrJSd0d+zfp5CzvHvejmEy2xM=
74,30,F3XXe58OOJUea/BwCthqKeMuakw=,iiJrJSd0d+zfp5CzvHvejmEy2xM=
75,28,F3XXe58OOJUea/BwCthqKeMuakw=,iiJrJSd0d+zfp5CzvHvejmEy2xM=
67,29,F3XXe58OOJUea/BwCthqKeMuakw=,iiJrJSd0d+zfp5CzvHvejmEy2xM=
65,29,F3XXe58OOJUea/BwCthqKeMuakw=,iiJrJSd0d+zfp5CzvHvejmEy2xM=
67,18,F3XXe58OOJUea/BwCthqKeMuakw=,iiJrJSd0d+zfp5CzvHvejmEy2xM=
70,28,F3XXe58OOJUea/BwCthqKeMuakw=,iiJrJSd0d+zfp5CzvHvejmEy2xM=
70,17,F3XXe58OOJUea/BwCthqKeMuakw=,iiJrJSd0d+zfp5CzvHvejmEy2xM=
79,19,F3XXe58OOJUea/BwCthqKeMuakw=,iiJrJSd0d+zfp5CzvHvejmEy2xM=
74,29,F3XXe58OOJUea/BwCthqKeMuakw=,iiJrJSd0d+zfp5CzvHvejmEy2xM=
74,28,F3XXe58OOJUea/BwCthqKeMuakw=,iiJrJSd0d+zfp5CzvHvejmEy2xM=
68,28,F3XXe58OOJUea/BwCthqKeMuakw=,iiJrJSd0d+zfp5CzvHvejmEy2xM=
73,28,F3XXe58OOJUea/BwCthqKeMuakw=,iiJrJSd0d+zfp5CzvHvejmEy2xM=
72,28,F3XXe58OOJUea/BwCthqKeMuakw=,iiJrJSd0d+zfp5CzvHvejmEy2xM=
69,28,F3XXe58OOJUea/BwCthqKeMuakw=,iiJrJSd0d+zfp5CzvHvejmEy2xM=
66,29,F3XXe58OOJUea/BwCthqKeMuakw=,iiJrJSd0d+zfp5CzvHvejmEy2xM=
69,19,F3XXe58OOJUea/BwCthqKeMuakw=,iiJrJSd0d+zfp5CzvHvejmEy2xM=
65,30,F3XXe58OOJUea/BwCthqKeMuakw=,iiJrJSd0d+zfp5CzvHvejmEy2xM=
67,17,F3XXe58OOJUea/BwCthqKeMuakw=,iiJrJSd0d+zfp5CzvHvejmEy2xM=
64,28,F3XXe58OOJUea/BwCthqKeMuakw=,iiJrJSd0d+zfp5CzvHvejmEy2xM=
79,16,F3XXe58OOJUea/BwCthqKeMuakw=,iiJrJSd0d+zfp5CzvHvejmEy2xM=
66,18,F3XXe58OOJUea/BwCthqKeMuakw=,iiJrJSd0d+zfp5CzvHvejmEy2xM=
78,16,F3XXe58OOJUea/BwCthqKeMuakw=,iiJrJSd0d+zfp5CzvHvejmEy2xM=
79,18,F3XXe58OOJUea/BwCthqKeMuakw=,iiJrJSd0d+zfp5CzvHvejmEy2xM=
79,17,F3XXe58OOJUea/BwCthqKeMuakw=,iiJrJSd0d+zfp5CzvHvejmEy2xM=
78,17,F3XXe58OOJUea/BwCthqKeMuakw=,iiJrJSd0d+zfp5CzvHvejmEy2xM=
79,27,F3XXe58OOJUea/BwCthqKeMuakw=,iiJrJSd0d+zfp5CzvHvejmEy2xM=
78,27,F3XXe58OOJUea/BwCthqKeMuakw=,iiJrJSd0d+zfp5CzvHvejmEy2xM=
77,27,F3XXe58OOJUea/BwCthqKeMuakw=,iiJrJSd0d+zfp5CzvHvejmEy2xM=
76,27,F3XXe58OOJUea/BwCthqKeMuakw=,iiJrJSd0d+zfp5CzvHvejmEy2xM=
75,27,F3XXe58OOJUea/BwCthqKeMuakw=,iiJrJSd0d+zfp5CzvHvejmEy2xM=
68,29,F3XXe58OOJUea/BwCthqKeMuakw=,iiJrJSd0d+zfp5CzvHvejmEy2xM=
73,27,F3XXe58OOJUea/BwCthqKeMuakw=,iiJrJSd0d+zfp5CzvHvejmEy2xM=
71,27,F3XXe58OOJUea/BwCthqKeMuakw=,iiJrJSd0d+zfp5CzvHvejmEy2xM=
65,28,F3XXe58OOJUea/BwCthqKeMuakw=,iiJrJSd0d+zfp5CzvHvejmEy2xM=
70,27,F3XXe58OOJUea/BwCthqKeMuakw=,iiJrJSd0d+zfp5CzvHvejmEy2xM=
74,27,F3XXe58OOJUea/BwCthqKeMuakw=,iiJrJSd0d+zfp5CzvHvejmEy2xM=
64,20,F3XXe58OOJUea/BwCthqKeMuakw=,iiJrJSd0d+zfp5CzvHvejmEy2xM=
72,27,F3XXe58OOJUea/BwCthqKeMuakw=,iiJrJSd0d+zfp5CzvHvejmEy2xM=
64,17,F3XXe58OOJUea/BwCthqKeMuakw=,iiJrJSd0d+zfp5CzvHvejmEy2xM=
71,28,F3XXe58OOJUea/BwCthqKeMuakw=,iiJrJSd0d+zfp5CzvHvejmEy2xM=
65,18,F3XXe58OOJUea/BwCthqKeMuakw=,iiJrJSd0d+zfp5CzvHvejmEy2xM=
65,17,F3XXe58OOJUea/BwCthqKeMuakw=,iiJrJSd0d+zfp5CzvHvejmEy2xM=
77,16,F3XXe58OOJUea/BwCthqKeMuakw=,iiJrJSd0d+zfp5CzvHvejmEy2xM=
78,18,F3XXe58OOJUea/BwCthqKeMuakw=,iiJrJSd0d+zfp5CzvHvejmEy2xM=
79,26,F3XXe58OOJUea/BwCthqKeMuakw=,iiJrJSd0d+zfp5CzvHvejmEy2xM=
77,17,F3XXe58OOJUea/BwCthqKeMuakw=,iiJrJSd0d+zfp5CzvHvejmEy2xM=
78,26,F3XXe58OOJUea/BwCthqKeMuakw=,iiJrJSd0d+zfp5CzvHvejmEy2xM=
77,26,F3XXe58OOJUea/BwCthqKeMuakw=,iiJrJSd0d+zfp5CzvHvejmEy2xM=
76,26,F3XXe58OOJUea/BwCthqKeMuakw=,iiJrJSd0d+zfp5CzvHvejmEy2xM=
75,26,F3XXe58OOJUea/BwCthqKeMuakw=,iiJrJSd0d+zfp5CzvHvejmEy2xM=
74,26,F3XXe58OOJUea/BwCthqKeMuakw=,iiJrJSd0d+zfp5CzvHvejmEy2xM=
73,26,F3XXe58OOJUea/BwCthqKeMuakw=,iiJrJSd0d+zfp5CzvHvejmEy2xM=
72,26,F3XXe58OOJUea/BwCthqKeMuakw=,iiJrJSd0d+zfp5CzvHvejmEy2xM=
64,16,F3XXe58OOJUea/BwCthqKeMuakw=,iiJrJSd0d+zfp5CzvHvejmEy2xM=
66,17,F3XXe58OOJUea/BwCthqKeMuakw=,iiJrJSd0d+zfp5CzvHvejmEy2xM=
68,27,F3XXe58OOJUea/BwCthqKeMuakw=,iiJrJSd0d+zfp5CzvHvejmEy2xM=
66,28,F3XXe58OOJUea/BwCthqKeMuakw=,iiJrJSd0d+zfp5CzvHvejmEy2xM=
64,27,F3XXe58OOJUea/BwCthqKeMuakw=,iiJrJSd0d+zfp5CzvHvejmEy2xM=
67,28,F3XXe58OOJUea/BwCthqKeMuakw=,iiJrJSd0d+zfp5CzvHvejmEy2xM=
70,26,F3XXe58OOJUea/BwCthqKeMuakw=,iiJrJSd0d+zfp5CzvHvejmEy2xM=
64,26,F3XXe58OOJUea/BwCthqKeMuakw=,iiJrJSd0d+zfp5CzvHvejmEy2xM=
76,16,F3XXe58OOJUea/BwCthqKeMuakw=,iiJrJSd0d+zfp5CzvHvejmEy2xM=
77,18,F3XXe58OOJUea/BwCthqKeMuakw=,iiJrJSd0d+zfp5CzvHvejmEy2xM=
79,25,F3XXe58OOJUea/BwCthqKeMuakw=,iiJrJSd0d+zfp5CzvHvejmEy2xM=
76,17,F3XXe58OOJUea/BwCthqKeMuakw=,iiJrJSd0d+zfp5CzvHvejmEy2xM=
78,25,F3XXe58OOJUea/BwCthqKeMuakw=,iiJrJSd0d+zfp5CzvHvejmEy2xM=
76,25,F3XXe58OOJUea/BwCthqKeMuakw=,iiJrJSd0d+zfp5CzvHvejmEy2xM=
75,25,F3XXe58OOJUea/BwCthqKeMuakw=,iiJrJSd0d+zfp5CzvHvejmEy2xM=
74,25,F3XXe58OOJUea/BwCthqKeMuakw=,iiJrJSd0d+zfp5CzvHvejmEy2xM=
77,25,F3XXe58OOJUea/BwCthqKeMuakw=,iiJrJSd0d+zfp5CzvHvejmEy2xM=
73,25,F3XXe58OOJUea/BwCthqKeMuakw=,iiJrJSd0d+zfp5CzvHvejmEy2xM=
66,16,F3XXe58OOJUea/BwCthqKeMuakw=,iiJrJSd0d+zfp5CzvHvejmEy2xM=
69,27,F3XXe58OOJUea/BwCthqKeMuakw=,iiJrJSd0d+zfp5CzvHvejmEy2xM=
68,26,F3XXe58OOJUea/BwCthqKeMuakw=,iiJrJSd0d+zfp5CzvHvejmEy2xM=
66,26,F3XXe58OOJUea/BwCthqKeMuakw=,iiJrJSd0d+zfp5CzvHvejmEy2xM=
72,25,F3XXe58OOJUea/BwCthqKeMuakw=,iiJrJSd0d+zfp5CzvHvejmEy2xM=
71,26,F3XXe58OOJUea/BwCthqKeMuakw=,iiJrJSd0d+zfp5CzvHvejmEy2xM=
67,27,F3XXe58OOJUea/BwCthqKeMuakw=,iiJrJSd0d+zfp5CzvHvejmEy2xM=
69,26,F3XXe58OOJUea/BwCthqKeMuakw=,iiJrJSd0d+zfp5CzvHvejmEy2xM=
64,18,F3XXe58OOJUea/BwCthqKeMuakw=,iiJrJSd0d+zfp5CzvHvejmEy2xM=
75,16,F3XXe58OOJUea/BwCthqKeMuakw=,iiJrJSd0d+zfp5CzvHvejmEy2xM=
79,24,F3XXe58OOJUea/BwCthqKeMuakw=,iiJrJSd0d+zfp5CzvHvejmEy2xM=
66,27,F3XXe58OOJUea/BwCthqKeMuakw=,iiJrJSd0d+zfp5CzvHvejmEy2xM=
78,24,F3XXe58OOJUea/BwCthqKeMuakw=,iiJrJSd0d+zfp5CzvHvejmEy2xM=
77,24,F3XXe58OOJUea/BwCthqKeMuakw=,iiJrJSd0d+zfp5CzvHvejmEy2xM=
76,24,F3XXe58OOJUea/BwCthqKeMuakw=,iiJrJSd0d+zfp5CzvHvejmEy2xM=
71,25,F3XXe58OOJUea/BwCthqKeMuakw=,iiJrJSd0d+zfp5CzvHvejmEy2xM=
75,24,F3XXe58OOJUea/BwCthqKeMuakw=,iiJrJSd0d+zfp5CzvHvejmEy2xM=
74,24,F3XXe58OOJUea/BwCthqKeMuakw=,iiJrJSd0d+zfp5CzvHvejmEy2xM=
73,24,F3XXe58OOJUea/BwCthqKeMuakw=,iiJrJSd0d+zfp5CzvHvejmEy2xM=
72,24,F3XXe58OOJUea/BwCthqKeMuakw=,iiJrJSd0d+zfp5CzvHvejmEy2xM=
69,25,F3XXe58OOJUea/BwCthqKeMuakw=,iiJrJSd0d+zfp5CzvHvejmEy2xM=
70,24,F3XXe58OOJUea/BwCthqKeMuakw=,iiJrJSd0d+zfp5CzvHvejmEy2xM=
71,24,F3XXe58OOJUea/BwCthqKeMuakw=,iiJrJSd0d+zfp5CzvHvejmEy2xM=
65,27,F3XXe58OOJUea/BwCthqKeMuakw=,iiJrJSd0d+zfp5CzvHvejmEy2xM=
64,25,F3XXe58OOJUea/BwCthqKeMuakw=,iiJrJSd0d+zfp5CzvHvejmEy2xM=
69,24,F3XXe58OOJUea/BwCthqKeMuakw=,iiJrJSd0d+zfp5CzvHvejmEy2xM=
66,25,F3XXe58OOJUea/BwCthqKeMuakw=,iiJrJSd0d+zfp5CzvHvejmEy2xM=
76,18,F3XXe58OOJUea/BwCthqKeMuakw=,iiJrJSd0d+zfp5CzvHvejmEy2xM=
74,16,F3XXe58OOJUea/BwCthqKeMuakw=,iiJrJSd0d+zfp5CzvHvejmEy2xM=
64,19,F3XXe58OOJUea/BwCthqKeMuakw=,iiJrJSd0d+zfp5CzvHvejmEy2xM=
79,23,F3XXe58OOJUea/BwCthqKeMuakw=,iiJrJSd0d+zfp5CzvHvejmEy2xM=
65,25,F3XXe58OOJUea/BwCthqKeMuakw=,iiJrJSd0d+zfp5CzvHvejmEy2xM=
78,23,F3XXe58OOJUea/BwCthqKeMuakw=,iiJrJSd0d+zfp5CzvHvejmEy2xM=
77,23,F3XXe58OOJUea/BwCthqKeMuakw=,iiJrJSd0d+zfp5CzvHvejmEy2xM=
76,23,F3XXe58OOJUea/BwCthqKeMuakw=,iiJrJSd0d+zfp5CzvHvejmEy2xM=
74,23,F3XXe58OOJUea/BwCthqKeMuakw=,iiJrJSd0d+zfp5CzvHvejmEy2xM=
75,23,F3XXe58OOJUea/BwCthqKeMuakw=,iiJrJSd0d+zfp5CzvHvejmEy2xM=
73,23,F3XXe58OOJUea/BwCthqKeMuakw=,iiJrJSd0d+zfp5CzvHvejmEy2xM=
72,23,F3XXe58OOJUea/BwCthqKeMuakw=,iiJrJSd0d+zfp5CzvHvejmEy2xM=
71,23,F3XXe58OOJUea/BwCthqKeMuakw=,iiJrJSd0d+zfp5CzvHvejmEy2xM=
70,23,F3XXe58OOJUea/BwCthqKeMuakw=,iiJrJSd0d+zfp5CzvHvejmEy2xM=
65,26,F3XXe58OOJUea/BwCthqKeMuakw=,iiJrJSd0d+zfp5CzvHvejmEy2xM=
68,24,F3XXe58OOJUea/BwCthqKeMuakw=,iiJrJSd0d+zfp5CzvHvejmEy2xM=
67,26,F3XXe58OOJUea/BwCthqKeMuakw=,iiJrJSd0d+zfp5CzvHvejmEy2xM=
66,24,F3XXe58OOJUea/BwCthqKeMuakw=,iiJrJSd0d+zfp5CzvHvejmEy2xM=
67,25,F3XXe58OOJUea/BwCthqKeMuakw=,iiJrJSd0d+zfp5CzvHvejmEy2xM=
64,24,F3XXe58OOJUea/BwCthqKeMuakw=,iiJrJSd0d+zfp5CzvHvejmEy2xM=
73,16,F3XXe58OOJUea/BwCthqKeMuakw=,iiJrJSd0d+zfp5CzvHvejmEy2xM=
79,22,F3XXe58OOJUea/BwCthqKeMuakw=,iiJrJSd0d+zfp5CzvHvejmEy2xM=
78,22,F3XXe58OOJUea/BwCthqKeMuakw=,iiJrJSd0d+zfp5CzvHvejmEy2xM=
75,17,F3XXe58OOJUea/BwCthqKeMuakw=,iiJrJSd0d+zfp5CzvHvejmEy2xM=
67,24,F3XXe58OOJUea/BwCthqKeMuakw=,iiJrJSd0d+zfp5CzvHvejmEy2xM=
77,22,F3XXe58OOJUea/BwCthqKeMuakw=,iiJrJSd0d+zfp5CzvHvejmEy2xM=
75,22,F3XXe58OOJUea/BwCthqKeMuakw=,iiJrJSd0d+zfp5CzvHvejmEy2xM=
76,22,F3XXe58OOJUea/BwCthqKeMuakw=,iiJrJSd0d+zfp5CzvHvejmEy2xM=
73,22,F3XXe58OOJUea/BwCthqKeMuakw=,iiJrJSd0d+zfp5CzvHvejmEy2xM=
72,22,F3XXe58OOJUea/BwCthqKeMuakw=,iiJrJSd0d+zfp5CzvHvejmEy2xM=
74,22,F3XXe58OOJUea/BwCthqKeMuakw=,iiJrJSd0d+zfp5CzvHvejmEy2xM=
71,22,F3XXe58OOJUea/BwCthqKeMuakw=,iiJrJSd0d+zfp5CzvHvejmEy2xM=
71,18,F3XXe58OOJUea/BwCthqKeMuakw=,iiJrJSd0d+zfp5CzvHvejmEy2xM=
66,23,F3XXe58OOJUea/BwCthqKeMuakw=,iiJrJSd0d+zfp5CzvHvejmEy2xM=
68,25,F3XXe58OOJUea/BwCthqKeMuakw=,iiJrJSd0d+zfp5CzvHvejmEy2xM=
65,24,F3XXe58OOJUea/BwCthqKeMuakw=,iiJrJSd0d+zfp5CzvHvejmEy2xM=
70,22,F3XXe58OOJUea/BwCthqKeMuakw=,iiJrJSd0d+zfp5CzvHvejmEy2xM=
68,22,F3XXe58OOJUea/BwCthqKeMuakw=,iiJrJSd0d+zfp5CzvHvejmEy2xM=
69,23,F3XXe58OOJUea/BwCthqKeMuakw=,iiJrJSd0d+zfp5CzvHvejmEy2xM=
74,17,F3XXe58OOJUea/BwCthqKeMuakw=,iiJrJSd0d+zfp5CzvHvejmEy2xM=
73,17,F3XXe58OOJUea/BwCthqKeMuakw=,iiJrJSd0d+zfp5CzvHvejmEy2xM=
79,21,F3XXe58OOJUea/BwCthqKeMuakw=,iiJrJSd0d+zfp5CzvHvejmEy2xM=
68,23,F3XXe58OOJUea/BwCthqKeMuakw=,iiJrJSd0d+zfp5CzvHvejmEy2xM=
75,18,F3XXe58OOJUea/BwCthqKeMuakw=,iiJrJSd0d+zfp5CzvHvejmEy2xM=
78,21,F3XXe58OOJUea/BwCthqKeMuakw=,iiJrJSd0d+zfp5CzvHvejmEy2xM=
64,23,F3XXe58OOJUea/BwCthqKeMuakw=,iiJrJSd0d+zfp5CzvHvejmEy2xM=
69,22,F3XXe58OOJUea/BwCthqKeMuakw=,iiJrJSd0d+zfp5CzvHvejmEy2xM=
77,21,F3XXe58OOJUea/BwCthqKeMuakw=,iiJrJSd0d+zfp5CzvHvejmEy2xM=
65,23,F3XXe58OOJUea/BwCthqKeMuakw=,iiJrJSd0d+zfp5CzvHvejmEy2xM=
76,21,F3XXe58OOJUea/BwCthqKeMuakw=,iiJrJSd0d+zfp5CzvHvejmEy2xM=
72,21,F3XXe58OOJUea/BwCthqKeMuakw=,iiJrJSd0d+zfp5CzvHvejmEy2xM=
70,21,F3XXe58OOJUea/BwCthqKeMuakw=,iiJrJSd0d+zfp5CzvHvejmEy2xM=
71,21,F3XXe58OOJUea/BwCthqKeMuakw=,iiJrJSd0d+zfp5CzvHvejmEy2xM=
73,21,F3XXe58OOJUea/BwCthqKeMuakw=,iiJrJSd0d+zfp5CzvHvejmEy2xM=
70,25,F3XXe58OOJUea/BwCthqKeMuakw=,iiJrJSd0d+zfp5CzvHvejmEy2xM=
74,18,F3XXe58OOJUea/BwCthqKeMuakw=,iiJrJSd0d+zfp5CzvHvejmEy2xM=
72,16,F3XXe58OOJUea/BwCthqKeMuakw=,iiJrJSd0d+zfp5CzvHvejmEy2xM=
75,21,F3XXe58OOJUea/BwCthqKeMuakw=,iiJrJSd0d+zfp5CzvHvejmEy2xM=
74,21,F3XXe58OOJUea/BwCthqKeMuakw=,iiJrJSd0d+zfp5CzvHvejmEy2xM=
72,17,F3XXe58OOJUea/BwCthqKeMuakw=,iiJrJSd0d+zfp5CzvHvejmEy2xM=
67,22,F3XXe58OOJUea/BwCthqKeMuakw=,iiJrJSd0d+zfp5CzvHvejmEy2xM=
70,16,F3XXe58OOJUea/BwCthqKeMuakw=,iiJrJSd0d+zfp5CzvHvejmEy2xM=
79,20,F3XXe58OOJUea/BwCthqKeMuakw=,iiJrJSd0d+zfp5CzvHvejmEy2xM=
65,22,F3XXe58OOJUea/BwCthqKeMuakw=,iiJrJSd0d+zfp5CzvHvejmEy2xM=
78,20,F3XXe58OOJUea/BwCthqKeMuakw=,iiJrJSd0d+zfp5CzvHvejmEy2xM=
77,20,F3XXe58OOJUea/BwCthqKeMuakw=,iiJrJSd0d+zfp5CzvHvejmEy2xM=
66,22,F3XXe58OOJUea/BwCthqKeMuakw=,iiJrJSd0d+zfp5CzvHvejmEy2xM=
67,21,F3XXe58OOJUea/BwCthqKeMuakw=,iiJrJSd0d+zfp5CzvHvejmEy2xM=
64,22,F3XXe58OOJUea/BwCthqKeMuakw=,iiJrJSd0d+zfp5CzvHvejmEy2xM=
72,20,F3XXe58OOJUea/BwCthqKeMuakw=,iiJrJSd0d+zfp5CzvHvejmEy2xM=
71,16,F3XXe58OOJUea/BwCthqKeMuakw=,iiJrJSd0d+zfp5CzvHvejmEy2xM=
71,20,F3XXe58OOJUea/BwCthqKeMuakw=,iiJrJSd0d+zfp5CzvHvejmEy2xM=
70,20,F3XXe58OOJUea/BwCthqKeMuakw=,iiJrJSd0d+zfp5CzvHvejmEy2xM=
69,20,F3XXe58OOJUea/BwCthqKeMuakw=,iiJrJSd0d+zfp5CzvHvejmEy2xM=
69,21,F3XXe58OOJUea/BwCthqKeMuakw=,iiJrJSd0d+zfp5CzvHvejmEy2xM=
71,17,F3XXe58OOJUea/BwCthqKeMuakw=,iiJrJSd0d+zfp5CzvHvejmEy2xM=
73,18,F3XXe58OOJUea/BwCthqKeMuakw=,iiJrJSd0d+zfp5CzvHvejmEy2xM=
72,18,F3XXe58OOJUea/BwCthqKeMuakw=,iiJrJSd0d+zfp5CzvHvejmEy2xM=
68,21,F3XXe58OOJUea/BwCthqKeMuakw=,iiJrJSd0d+zfp5CzvHvejmEy2xM=
76,20,F3XXe58OOJUea/BwCthqKeMuakw=,iiJrJSd0d+zfp5CzvHvejmEy2xM=
73,20,F3XXe58OOJUea/BwCthqKeMuakw=,iiJrJSd0d+zfp5CzvHvejmEy2xM=
67,23,F3XXe58OOJUea/BwCthqKeMuakw=,iiJrJSd0d+zfp5CzvHvejmEy2xM=
74,20,F3XXe58OOJUea/BwCthqKeMuakw=,iiJrJSd0d+zfp5CzvHvejmEy2xM=
75,20,F3XXe58OOJUea/BwCthqKeMuakw=,iiJrJSd0d+zfp5CzvHvejmEy2xM=
68,20,F3XXe58OOJUea/BwCthqKeMuakw=,iiJrJSd0d+zfp5CzvHvejmEy2xM=
64,21,F3XXe58OOJUea/BwCthqKeMuakw=,iiJrJSd0d+zfp5CzvHvejmEy2xM=
66,21,F3XXe58OOJUea/BwCthqKeMuakw=,iiJrJSd0d+zfp5CzvHvejmEy2xM=
67,20,F3XXe58OOJUea/BwCthqKeMuakw=,iiJrJSd0d+zfp5CzvHvejmEy2xM=
65,21,F3XXe58OOJUea/BwCthqKeMuakw=,iiJrJSd0d+zfp5CzvHvejmEy2xM=
66,20,F3XXe58OOJUea/BwCthqKeMuakw=,iiJrJSd0d+zfp5CzvHvejmEy2xM=
65,20,F3XXe58OOJUea/BwCthqKeMuakw=,iiJrJSd0d+zfp5CzvHvejmEy2xM=
