-4,-77,EegeNy3R51au2kbzh2r1yltmDvU=,mJTUGseW1EECrEh1cBKT4RZ6gG0=
-13,-80,EegeNy3R51au2kbzh2r1yltmDvU=,mJTUGseW1EECrEh1cBKT4RZ6gG0=
-1,-79,EegeNy3R51au2kbzh2r1yltmDvU=,mJTUGseW1EECrEh1cBKT4RZ6gG0=
-1,-65,EegeNy3R51au2kbzh2r1yltmDvU=,mJTUGseW1EECrEh1cBKT4RZ6gG0=
-3,-78,EegeNy3R51au2kbzh2r1yltmDvU=,mJTUGseW1EECrEh1cBKT4RZ6gG0=
-4,-78,EegeNy3R51au2kbzh2r1yltmDvU=,mJTUGseW1EECrEh1cBKT4RZ6gG0=
-5,-78,EegeNy3R51au2kbzh2r1yltmDvU=,mJTUGseW1EECrEh1cBKT4RZ6gG0=
-6,-78,EegeNy3R51au2kbzh2r1yltmDvU=,mJTUGseW1EECrEh1cBKT4RZ6gG0=
-7,-78,EegeNy3R51au2kbzh2r1yltmDvU=,mJTUGseW1EECrEh1cBKT4RZ6gG0=
-8,-78,EegeNy3R51au2kbzh2r1yltmDvU=,mJTUGseW1EECrEh1cBKT4RZ6gG0=
-9,-78,EegeNy3R51au2kbzh2r1yltmDvU=,mJTUGseW1EECrEh1cBKT4RZ6gG0=
-10,-78,EegeNy3R51au2kbzh2r1yltmDvU=,mJTUGseW1EECrEh1cBKT4RZ6gG0=
-11,-78,EegeNy3R51au2kbzh2r1yltmDvU=,mJTUGseW1EECrEh1cBKT4RZ6gG0=
-5,-77,EegeNy3R51au2kbzh2r1yltmDvU=,mJTUGseW1EECrEh1cBKT4RZ6gG0=
-2,-65,EegeNy3R51au2kbzh2r1yltmDvU=,mJTUGseW1EECrEh1cBKT4RZ6gG0=
-3,-65,EegeNy3R51au2kbzh2r1yltmDvU=,mJTUGseW1EECrEh1cBKT4RZ6gG0=
-4,-65,EegeNy3R51au2kbzh2r1yltmDvU=,mJTUGseW1EECrEh1cBKT4RZ6gG0=
-5,-65,EegeNy3R51au2kbzh2r1yltmDvU=,mJTUGseW1EECrEh1cBKT4RZ6gG0=
-6,-65,EegeNy3R51au2kbzh2r1yltmDvU=,mJTUGseW1EECrEh1cBKT4RZ6gG0=
-7,-65,EegeNy3R51au2kbzh2r1yltmDvU=,mJTUGseW1EECrEh1cBKT4RZ6gG0=
-12,-78,EegeNy3R51au2kbzh2r1yltmDvU=,mJTUGseW1EECrEh1cBKT4RZ6gG0=
-13,-78,EegeNy3R51au2kbzh2r1yltmDvU=,mJTUGseW1EECrEh1cBKT4RZ6gG0=
-8,-65,EegeNy3R51au2kbzh2r1yltmDvU=,mJTUGseW1EECrEh1cBKT4RZ6gG0=
-14,-78,EegeNy3R51au2kbzh2r1yltmDvU=,mJTUGseW1EECrEh1cBKT4RZ6gG0=
-15,-78,EegeNy3R51au2kbzh2r1yltmDvU=,mJTUGseW1EECrEh1cBKT4RZ6gG0=
-16,-78,EegeNy3R51au2kbzh2r1yltmDvU=,mJTUGseW1EECrEh1cBKT4RZ6gG0=
-9,-65,EegeNy3R51au2kbzh2r1yltmDvU=,mJTUGseW1EECrEh1cBKT4RZ6gG0=
-10,-65,EegeNy3R51au2kbzh2r1yltmDvU=,mJTUGseW1EECrEh1cBKT4RZ6gG0=
-11,-65,EegeNy3R51au2kbzh2r1yltmDvU=,mJTUGseW1EECrEh1cBKT4RZ6gG0=
-12,-65,EegeNy3R51au2kbzh2r1yltmDvU=,mJTUGseW1EECrEh1cBKT4RZ6gG0=
-13,-65,EegeNy3R51au2kbzh2r1yltmDvU=,mJTUGseW1EECrEh1cBKT4RZ6gG0=
-14,-80,EegeNy3R51au2kbzh2r1yltmDvU=,mJTUGseW1EECrEh1cBKT4RZ6gG0=
-6,-77,EegeNy3R51au2kbzh2r1yltmDvU=,mJTUGseW1EECrEh1cBKT4RZ6gG0=
-14,-65,EegeNy3R51au2kbzh2r1yltmDvU=,mJTUGseW1EECrEh1cBKT4RZ6gG0=
-15,-65,EegeNy3R51au2kbzh2r1yltmDvU=,mJTUGseW1EECrEh1cBKT4RZ6gG0=
-2,-79,EegeNy3R51au2kbzh2r1yltmDvU=,mJTUGseW1EECrEh1cBKT4RZ6gG0=
-16,-65,EegeNy3R51au2kbzh2r1yltmDvU=,mJTUGseW1EECrEh1cBKT4RZ6gG0=
-1,-66,EegeNy3R51au2kbzh2r1yltmDvU=,mJTUGseW1EECrEh1cBKT4RZ6gG0=
-2,-66,EegeNy3R51au2kbzh2r1yltmDvU=,mJTUGseW1EECrEh1cBKT4RZ6gG0=
-3,-66,EegeNy3R51au2kbzh2r1yltmDvU=,mJTUGseW1EECrEh1cBKT4RZ6gG0=
-4,-66,EegeNy3R51au2kbzh2r1yltmDvU=,mJTUGseW1EECrEh1cBKT4RZ6gG0=
-5,-66,EegeNy3R51au2kbzh2r1yltmDvU=,mJTUGseW1EECrEh1cBKT4RZ6gG0=
-6,-66,EegeNy3R51au2kbzh2r1yltmDvU=,mJTUGseW1EECrEh1cBKT4RZ6gG0=
-7,-66,EegeNy3R51au2kbzh2r1yltmDvU=,mJTUGseW1EECrEh1cBKT4RZ6gG0=
-8,-66,EegeNy3R51au2kbzh2r1yltmDvU=,mJTUGseW1EECrEh1cBKT4RZ6gG0=
-9,-66,EegeNy3R51au2kbzh2r1yltmDvU=,mJTUGseW1EECrEh1cBKT4RZ6gG0=
-10,-66,EegeNy3R51au2kbzh2r1yltmDvU=,mJTUGseW1EECrEh1cBKT4RZ6gG0=
-11,-66,EegeNy3R51au2kbzh2r1yltmDvU=,mJTUGseW1EECrEh1cBKT4RZ6gG0=
-12,-66,EegeNy3R51au2kbzh2r1yltmDvU=,mJTUGseW1EECrEh1cBKT4RZ6gG0=
-13,-66,EegeNy3R51au2kbzh2r1yltmDvU=,mJTUGseW1EECrEh1cBKT4RZ6gG0=
-14,-66,EegeNy3R51au2kbzh2r1yltmDvU=,mJTUGseW1EECrEh1cBKT4RZ6gG0=
-15,-79,EegeNy3R51au2kbzh2r1yltmDvU=,mJTUGseW1EECrEh1cBKT4RZ6gG0=
-7,-77,EegeNy3R51au2kbzh2r1yltmDvU=,mJTUGseW1EECrEh1cBKT4RZ6gG0=
-16,-79,EegeNy3R51au2kbzh2r1yltmDvU=,mJTUGseW1EECrEh1cBKT4RZ6gG0=
-15,-66,EegeNy3R51au2kbzh2r1yltmDvU=,mJTUGseW1EECrEh1cBKT4RZ6gG0=
-16,-66,EegeNy3R51au2kbzh2r1yltmDvU=,mJTUGseW1EECrEh1cBKT4RZ6gG0=
-15,-80,EegeNy3R51au2kbzh2r1yltmDvU=,mJTUGseW1EECrEh1cBKT4RZ6gG0=
-1,-67,EegeNy3R51au2kbzh2r1yltmDvU=,mJTUGseW1EECrEh1cBKT4RZ6gG0=
-2,-67,EegeNy3R51au2kbzh2r1yltmDvU=,mJTUGseW1EECrEh1cBKT4RZ6gG0=
-3,-67,EegeNy3R51au2kbzh2r1yltmDvU=,mJTUGseW1EECrEh1cBKT4RZ6gG0=
-4,-67,EegeNy3R51au2kbzh2r1yltmDvU=,mJTUGseW1EECrEh1cBKT4RZ6gG0=
-5,-67,EegeNy3R51au2kbzh2r1yltmDvU=,mJTUGseW1EECrEh1cBKT4RZ6gG0=
-6,-67,EegeNy3R51au2kbzh2r1yltmDvU=,mJTUGseW1EECrEh1cBKT4RZ6gG0=
-7,-67,EegeNy3R51au2kbzh2r1yltmDvU=,mJTUGseW1EECrEh1cBKT4RZ6gG0=
-8,-67,EegeNy3R51au2kbzh2r1yltmDvU=,mJTUGseW1EECrEh1cBKT4RZ6gG0=
-9,-67,EegeNy3R51au2kbzh2r1yltmDvU=,mJTUGseW1EECrEh1cBKT4RZ6gG0=
-10,-67,EegeNy3R51au2kbzh2r1yltmDvU=,mJTUGseW1EECrEh1cBKT4RZ6gG0=
-11,-67,EegeNy3R51au2kbzh2r1yltmDvU=,mJTUGseW1EECrEh1cBKT4RZ6gG0=
-12,-67,EegeNy3R51au2kbzh2r1yltmDvU=,mJTUGseW1EECrEh1cBKT4RZ6gG0=
-13,-67,EegeNy3R51au2kbzh2r1yltmDvU=,mJTUGseW1EECrEh1cBKT4RZ6gG0=
-1,-80,EegeNy3R51au2kbzh2r1yltmDvU=,mJTUGseW1EECrEh1cBKT4RZ6gG0=
-3,-79,EegeNy3R51au2kbzh2r1yltmDvU=,mJTUGseW1EECrEh1cBKT4RZ6gG0=
-8,-77,EegeNy3R51au2kbzh2r1yltmDvU=,mJTUGseW1EECrEh1cBKT4RZ6gG0=
-14,-67,EegeNy3R51au2kbzh2r1yltmDvU=,mJTUGseW1EECrEh1cBKT4RZ6gG0=
-15,-67,EegeNy3R51au2kbzh2r1yltmDvU=,mJTUGseW1EECrEh1cBKT4RZ6gG0=
-4,-79,EegeNy3R51au2kbzh2r1yltmDvU=,mJTUGseW1EECrEh1cBKT4RZ6gG0=
-16,-67,EegeNy3R51au2kbzh2r1yltmDvU=,mJTUGseW1EECrEh1cBKT4RZ6gG0=
-1,-68,EegeNy3R51au2kbzh2r1yltmDvU=,mJTUGseW1EECrEh1cBKT4RZ6gG0=
-2,-68,EegeNy3R51au2kbzh2r1yltmDvU=,mJTUGseW1EECrEh1cBKT4RZ6gG0=
-3,-68,EegeNy3R51au2kbzh2r1yltmDvU=,mJTUGseW1EECrEh1cBKT4RZ6gG0=
-4,-68,EegeNy3R51au2kbzh2r1yltmDvU=,mJTUGseW1EECrEh1cBKT4RZ6gG0=
-5,-68,EegeNy3R51au2kbzh2r1yltmDvU=,mJTUGseW1EECrEh1cBKT4RZ6gG0=
-6,-68,EegeNy3R51au2kbzh2r1yltmDvU=,mJTUGseW1EECrEh1cBKT4RZ6gG0=
-7,-68,EegeNy3R51au2kbzh2r1yltmDvU=,mJTUGseW1EECrEh1cBKT4RZ6gG0=
-8,-68,EegeNy3R51au2kbzh2r1yltmDvU=,mJTUGseW1EECrEh1cBKT4RZ6gG0=
-9,-68,EegeNy3R51au2kbzh2r1yltmDvU=,mJTUGseW1EECrEh1cBKT4RZ6gG0=
-10,-68,EegeNy3R51au2kbzh2r1yltmDvU=,mJTUGseW1EECrEh1cBKT4RZ6gG0=
-11,-68,EegeNy3R51au2kbzh2r1yltmDvU=,mJTUGseW1EECrEh1cBKT4RZ6gG0=
-12,-68,EegeNy3R51au2kbzh2r1yltmDvU=,mJTUGseW1EECrEh1cBKT4RZ6gG0=
-2,-80,EegeNy3R51au2kbzh2r1yltmDvU=,mJTUGseW1EECrEh1cBKT4RZ6gG0=
-9,-77,EegeNy3R51au2kbzh2r1yltmDvU=,mJTUGseW1EECrEh1cBKT4RZ6gG0=
-13,-68,EegeNy3R51au2kbzh2r1yltmDvU=,mJTUGseW1EECrEh1cBKT4RZ6gG0=
-14,-68,EegeNy3R51au2kbzh2r1yltmDvU=,mJTUGseW1EECrEh1cBKT4RZ6gG0=
-15,-68,EegeNy3R51au2kbzh2r1yltmDvU=,mJTUGseW1EECrEh1cBKT4RZ6gG0=
-5,-79,EegeNy3R51au2kbzh2r1yltmDvU=,mJTUGseW1EECrEh1cBKT4RZ6gG0=
-16,-68,EegeNy3R51au2kbzh2r1yltmDvU=,mJTUGseW1EECrEh1cBKT4RZ6gG0=
-1,-69,EegeNy3R51au2kbzh2r1yltmDvU=,mJTUGseW1EECrEh1cBKT4RZ6gG0=
-2,-69,EegeNy3R51au2kbzh2r1yltmDvU=,mJTUGseW1EECrEh1cBKT4RZ6gG0=
-3,-69,EegeNy3R51au2kbzh2r1yltmDvU=,mJTUGseW1EECrEh1cBKT4RZ6gG0=
-4,-69,EegeNy3R51au2kbzh2r1yltmDvU=,mJTUGseW1EECrEh1cBKT4RZ6gG0=
-5,-69,EegeNy3R51au2kbzh2r1yltmDvU=,mJTUGseW1EECrEh1cBKT4RZ6gG0=
-6,-69,EegeNy3R51au2kbzh2r1yltmDvU=,mJTUGseW1EECrEh1cBKT4RZ6gG0=
-7,-69,EegeNy3R51au2kbzh2r1yltmDvU=,mJTUGseW1EECrEh1cBKT4RZ6gG0=
-8,-69,EegeNy3R51au2kbzh2r1yltmDvU=,mJTUGseW1EECrEh1cBKT4RZ6gG0=
-9,-69,EegeNy3R51au2kbzh2r1yltmDvU=,mJTUGseW1EECrEh1cBKT4RZ6gG0=
-10,-69,EegeNy3R51au2kbzh2r1yltmDvU=,mJTUGseW1EECrEh1cBKT4RZ6gG0=
-11,-69,EegeNy3R51au2kbzh2r1yltmDvU=,mJTUGseW1EECrEh1cBKT4RZ6gG0=
-3,-80,EegeNy3R51au2kbzh2r1yltmDvU=,mJTUGseW1EECrEh1cBKT4RZ6gG0=
-10,-77,EegeNy3R51au2kbzh2r1yltmDvU=,mJTUGseW1EECrEh1cBKT4RZ6gG0=
-12,-69,EegeNy3R51au2kbzh2r1yltmDvU=,mJTUGseW1EECrEh1cBKT4RZ6gG0=
-13,-69,EegeNy3R51au2kbzh2r1yltmDvU=,mJTUGseW1EECrEh1cBKT4RZ6gG0=
-14,-69,EegeNy3R51au2kbzh2r1yltmDvU=,mJTUGseW1EECrEh1cBKT4RZ6gG0=
-15,-69,EegeNy3R51au2kbzh2r1yltmDvU=,mJTUGseW1EECrEh1cBKT4RZ6gG0=
-6,-79,EegeNy3R51au2kbzh2r1yltmDvU=,mJTUGseW1EECrEh1cBKT4RZ6gG0=
-16,-69,EegeNy3R51au2kbzh2r1yltmDvU=,mJTUGseW1EECrEh1cBKT4RZ6gG0=
-1,-70,EegeNy3R51au2kbzh2r1yltmDvU=,mJTUGseW1EECrEh1cBKT4RZ6gG0=
-2,-70,EegeNy3R51au2kbzh2r1yltmDvU=,mJTUGseW1EECrEh1cBKT4RZ6gG0=
-3,-70,EegeNy3R51au2kbzh2r1yltmDvU=,mJTUGseW1EECrEh1cBKT4RZ6gG0=
-4,-70,EegeNy3R51au2kbzh2r1yltmDvU=,mJTUGseW1EECrEh1cBKT4RZ6gG0=
-5,-70,EegeNy3R51au2kbzh2r1yltmDvU=,mJTUGseW1EECrEh1cBKT4RZ6gG0=
-6,-70,EegeNy3R51au2kbzh2r1yltmDvU=,mJTUGseW1EECrEh1cBKT4RZ6gG0=
-7,-70,EegeNy3R51au2kbzh2r1yltmDvU=,mJTUGseW1EECrEh1cBKT4RZ6gG0=
-8,-70,EegeNy3R51au2kbzh2r1yltmDvU=,mJTUGseW1EECrEh1cBKT4RZ6gG0=
-9,-70,EegeNy3R51au2kbzh2r1yltmDvU=,mJTUGseW1EECrEh1cBKT4RZ6gG0=
-10,-70,EegeNy3R51au2kbzh2r1yltmDvU=,mJTUGseW1EECrEh1cBKT4RZ6gG0=
-4,-80,EegeNy3R51au2kbzh2r1yltmDvU=,mJTUGseW1EECrEh1cBKT4RZ6gG0=
-11,-77,EegeNy3R51au2kbzh2r1yltmDvU=,mJTUGseW1EECrEh1cBKT4RZ6gG0=
-11,-70,EegeNy3R51au2kbzh2r1yltmDvU=,mJTUGseW1EECrEh1cBKT4RZ6gG0=
-12,-70,EegeNy3R51au2kbzh2r1yltmDvU=,mJTUGseW1EECrEh1cBKT4RZ6gG0=
-13,-70,EegeNy3R51au2kbzh2r1yltmDvU=,mJTUGseW1EECrEh1cBKT4RZ6gG0=
-14,-70,EegeNy3R51au2kbzh2r1yltmDvU=,mJTUGseW1EECrEh1cBKT4RZ6gG0=
-15,-70,EegeNy3R51au2kbzh2r1yltmDvU=,mJTUGseW1EECrEh1cBKT4RZ6gG0=
-7,-79,EegeNy3R51au2kbzh2r1yltmDvU=,mJTUGseW1EECrEh1cBKT4RZ6gG0=
-16,-70,EegeNy3R51au2kbzh2r1yltmDvU=,mJTUGseW1EECrEh1cBKT4RZ6gG0=
-1,-71,EegeNy3R51au2kbzh2r1yltmDvU=,mJTUGseW1EECrEh1cBKT4RZ6gG0=
-2,-71,EegeNy3R51au2kbzh2r1yltmDvU=,mJTUGseW1EECrEh1cBKT4RZ6gG0=
-3,-71,EegeNy3R51au2kbzh2r1yltmDvU=,mJTUGseW1EECrEh1cBKT4RZ6gG0=
-4,-71,EegeNy3R51au2kbzh2r1yltmDvU=,mJTUGseW1EECrEh1cBKT4RZ6gG0=
-5,-71,EegeNy3R51au2kbzh2r1yltmDvU=,mJTUGseW1EECrEh1cBKT4RZ6gG0=
-6,-71,EegeNy3R51au2kbzh2r1yltmDvU=,mJTUGseW1EECrEh1cBKT4RZ6gG0=
-7,-71,EegeNy3R51au2kbzh2r1yltmDvU=,mJTUGseW1EECrEh1cBKT4RZ6gG0=
-8,-71,EegeNy3R51au2kbzh2r1yltmDvU=,mJTUGseW1EECrEh1cBKT4RZ6gG0=
-9,-71,EegeNy3R51au2kbzh2r1yltmDvU=,mJTUGseW1EECrEh1cBKT4RZ6gG0=
-5,-80,EegeNy3R51au2kbzh2r1yltmDvU=,mJTUGseW1EECrEh1cBKT4RZ6gG0=
-12,-77,EegeNy3R51au2kbzh2r1yltmDvU=,mJTUGseW1EECrEh1cBKT4RZ6gG0=
-10,-71,EegeNy3R51au2kbzh2r1yltmDvU=,mJTUGseW1EECrEh1cBKT4RZ6gG0=
-11,-71,EegeNy3R51au2kbzh2r1yltmDvU=,mJTUGseW1EECrEh1cBKT4RZ6gG0=
-12,-71,EegeNy3R51au2kbzh2r1yltmDvU=,mJTUGseW1EECrEh1cBKT4RZ6gG0=
-13,-71,EegeNy3R51au2kbzh2r1yltmDvU=,mJTUGseW1EECrEh1cBKT4RZ6gG0=
-14,-71,EegeNy3R51au2kbzh2r1yltmDvU=,mJTUGseW1EECrEh1cBKT4RZ6gG0=
-8,-79,EegeNy3R51au2kbzh2r1yltmDvU=,mJTUGseW1EECrEh1cBKT4RZ6gG0=
-16,-71,EegeNy3R51au2kbzh2r1yltmDvU=,mJTUGseW1EECrEh1cBKT4RZ6gG0=
-1,-72,EegeNy3R51au2kbzh2r1yltmDvU=,mJTUGseW1EECrEh1cBKT4RZ6gG0=
-2,-72,EegeNy3R51au2kbzh2r1yltmDvU=,mJTUGseW1EECrEh1cBKT4RZ6gG0=
-3,-72,EegeNy3R51au2kbzh2r1yltmDvU=,mJTUGseW1EECrEh1cBKT4RZ6gG0=
-15,-71,EegeNy3R51au2kbzh2r1yltmDvU=,mJTUGseW1EECrEh1cBKT4RZ6gG0=
-4,-72,EegeNy3R51au2kbzh2r1yltmDvU=,mJTUGseW1EECrEh1cBKT4RZ6gG0=
-5,-72,EegeNy3R51au2kbzh2r1yltmDvU=,mJTUGseW1EECrEh1cBKT4RZ6gG0=
-6,-72,EegeNy3R51au2kbzh2r1yltmDvU=,mJTUGseW1EECrEh1cBKT4RZ6gG0=
-7,-72,EegeNy3R51au2kbzh2r1yltmDvU=,mJTUGseW1EECrEh1cBKT4RZ6gG0=
-8,-72,EegeNy3R51au2kbzh2r1yltmDvU=,mJTUGseW1EECrEh1cBKT4RZ6gG0=
-6,-80,EegeNy3R51au2kbzh2r1yltmDvU=,mJTUGseW1EECrEh1cBKT4RZ6gG0=
-13,-77,EegeNy3R51au2kbzh2r1yltmDvU=,mJTUGseW1EECrEh1cBKT4RZ6gG0=
-9,-72,EegeNy3R51au2kbzh2r1yltmDvU=,mJTUGseW1EECrEh1cBKT4RZ6gG0=
-10,-72,EegeNy3R51au2kbzh2r1yltmDvU=,mJTUGseW1EECrEh1cBKT4RZ6gG0=
-11,-72,EegeNy3R51au2kbzh2r1yltmDvU=,mJTUGseW1EECrEh1cBKT4RZ6gG0=
-12,-72,EegeNy3R51au2kbzh2r1yltmDvU=,mJTUGseW1EECrEh1cBKT4RZ6gG0=
-13,-72,EegeNy3R51au2kbzh2r1yltmDvU=,mJTUGseW1EECrEh1cBKT4RZ6gG0=
-14,-72,EegeNy3R51au2kbzh2r1yltmDvU=,mJTUGseW1EECrEh1cBKT4RZ6gG0=
-15,-72,EegeNy3R51au2kbzh2r1yltmDvU=,mJTUGseW1EECrEh1cBKT4RZ6gG0=
-9,-79,EegeNy3R51au2kbzh2r1yltmDvU=,mJTUGseW1EECrEh1cBKT4RZ6gG0=
-16,-72,EegeNy3R51au2kbzh2r1yltmDvU=,mJTUGseW1EECrEh1cBKT4RZ6gG0=
-1,-73,EegeNy3R51au2kbzh2r1yltmDvU=,mJTUGseW1EECrEh1cBKT4RZ6gG0=
-2,-73,EegeNy3R51au2kbzh2r1yltmDvU=,mJTUGseW1EECrEh1cBKT4RZ6gG0=
-3,-73,EegeNy3R51au2kbzh2r1yltmDvU=,mJTUGseW1EECrEh1cBKT4RZ6gG0=
-4,-73,EegeNy3R51au2kbzh2r1yltmDvU=,mJTUGseW1EECrEh1cBKT4RZ6gG0=
-5,-73,EegeNy3R51au2kbzh2r1yltmDvU=,mJTUGseW1EECrEh1cBKT4RZ6gG0=
-6,-73,EegeNy3R51au2kbzh2r1yltmDvU=,mJTUGseW1EECrEh1cBKT4RZ6gG0=
-7,-73,EegeNy3R51au2kbzh2r1yltmDvU=,mJTUGseW1EECrEh1cBKT4RZ6gG0=
-7,-80,EegeNy3R51au2kbzh2r1yltmDvU=,mJTUGseW1EECrEh1cBKT4RZ6gG0=
-8,-73,EegeNy3R51au2kbzh2r1yltmDvU=,mJTUGseW1EECrEh1cBKT4RZ6gG0=
-9,-73,EegeNy3R51au2kbzh2r1yltmDvU=,mJTUGseW1EECrEh1cBKT4RZ6gG0=
-10,-73,EegeNy3R51au2kbzh2r1yltmDvU=,mJTUGseW1EECrEh1cBKT4RZ6gG0=
-11,-73,EegeNy3R51au2kbzh2r1yltmDvU=,mJTUGseW1EECrEh1cBKT4RZ6gG0=
-12,-73,EegeNy3R51au2kbzh2r1yltmDvU=,mJTUGseW1EECrEh1cBKT4RZ6gG0=
-13,-73,EegeNy3R51au2kbzh2r1yltmDvU=,mJTUGseW1EECrEh1cBKT4RZ6gG0=
-14,-77,EegeNy3R51au2kbzh2r1yltmDvU=,mJTUGseW1EECrEh1cBKT4RZ6gG0=
-14,-73,EegeNy3R51au2kbzh2r1yltmDvU=,mJTUGseW1EECrEh1cBKT4RZ6gG0=
-15,-73,EegeNy3R51au2kbzh2r1yltmDvU=,mJTUGseW1EECrEh1cBKT4RZ6gG0=
-16,-73,EegeNy3R51au2kbzh2r1yltmDvU=,mJTUGseW1EECrEh1cBKT4RZ6gG0=
-10,-79,EegeNy3R51au2kbzh2r1yltmDvU=,mJTUGseW1EECrEh1cBKT4RZ6gG0=
-1,-74,EegeNy3R51au2kbzh2r1yltmDvU=,mJTUGseW1EECrEh1cBKT4RZ6gG0=
-2,-74,EegeNy3R51au2kbzh2r1yltmDvU=,mJTUGseW1EECrEh1cBKT4RZ6gG0=
-3,-74,EegeNy3R51au2kbzh2r1yltmDvU=,mJTUGseW1EECrEh1cBKT4RZ6gG0=
-4,-74,EegeNy3R51au2kbzh2r1yltmDvU=,mJTUGseW1EECrEh1cBKT4RZ6gG0=
-5,-74,EegeNy3R51au2kbzh2r1yltmDvU=,mJTUGseW1EECrEh1cBKT4RZ6gG0=
-6,-74,EegeNy3R51au2kbzh2r1yltmDvU=,mJTUGseW1EECrEh1cBKT4RZ6gG0=
-8,-80,EegeNy3R51au2kbzh2r1yltmDvU=,mJTUGseW1EECrEh1cBKT4RZ6gG0=
-15,-77,EegeNy3R51au2kbzh2r1yltmDvU=,mJTUGseW1EECrEh1cBKT4RZ6gG0=
-7,-74,EegeNy3R51au2kbzh2r1yltmDvU=,mJTUGseW1EECrEh1cBKT4RZ6gG0=
-8,-74,EegeNy3R51au2kbzh2r1yltmDvU=,mJTUGseW1EECrEh1cBKT4RZ6gG0=
-9,-74,EegeNy3R51au2kbzh2r1yltmDvU=,mJTUGseW1EECrEh1cBKT4RZ6gG0=
-10,-74,EegeNy3R51au2kbzh2r1yltmDvU=,mJTUGseW1EECrEh1cBKT4RZ6gG0=
-11,-74,EegeNy3R51au2kbzh2r1yltmDvU=,mJTUGseW1EECrEh1cBKT4RZ6gG0=
-12,-74,EegeNy3R51au2kbzh2r1yltmDvU=,mJTUGseW1EECrEh1cBKT4RZ6gG0=
-13,-74,EegeNy3R51au2kbzh2r1yltmDvU=,mJTUGseW1EECrEh1cBKT4RZ6gG0=
-14,-74,EegeNy3R51au2kbzh2r1yltmDvU=,mJTUGseW1EECrEh1cBKT4RZ6gG0=
-15,-74,EegeNy3R51au2kbzh2r1yltmDvU=,mJTUGseW1EECrEh1cBKT4RZ6gG0=
-16,-74,EegeNy3R51au2kbzh2r1yltmDvU=,mJTUGseW1EECrEh1cBKT4RZ6gG0=
-11,-79,EegeNy3R51au2kbzh2r1yltmDvU=,mJTUGseW1EECrEh1cBKT4RZ6gG0=
-1,-75,EegeNy3R51au2kbzh2r1yltmDvU=,mJTUGseW1EECrEh1cBKT4RZ6gG0=
-2,-75,EegeNy3R51au2kbzh2r1yltmDvU=,mJTUGseW1EECrEh1cBKT4RZ6gG0=
-3,-75,EegeNy3R51au2kbzh2r1yltmDvU=,mJTUGseW1EECrEh1cBKT4RZ6gG0=
-4,-75,EegeNy3R51au2kbzh2r1yltmDvU=,mJTUGseW1EECrEh1cBKT4RZ6gG0=
-5,-75,EegeNy3R51au2kbzh2r1yltmDvU=,mJTUGseW1EECrEh1cBKT4RZ6gG0=
-12,-79,EegeNy3R51au2kbzh2r1yltmDvU=,mJTUGseW1EECrEh1cBKT4RZ6gG0=
-9,-80,EegeNy3R51au2kbzh2r1yltmDvU=,mJTUGseW1EECrEh1cBKT4RZ6gG0=
-16,-77,EegeNy3R51au2kbzh2r1yltmDvU=,mJTUGseW1EECrEh1cBKT4RZ6gG0=
-6,-75,EegeNy3R51au2kbzh2r1yltmDvU=,mJTUGseW1EECrEh1cBKT4RZ6gG0=
-7,-75,EegeNy3R51au2kbzh2r1yltmDvU=,mJTUGseW1EECrEh1cBKT4RZ6gG0=
-16,-80,EegeNy3R51au2kbzh2r1yltmDvU=,mJTUGseW1EECrEh1cBKT4RZ6gG0=
-8,-75,EegeNy3R51au2kbzh2r1yltmDvU=,mJTUGseW1EECrEh1cBKT4RZ6gG0=
-9,-75,EegeNy3R51au2kbzh2r1yltmDvU=,mJTUGseW1EECrEh1cBKT4RZ6gG0=
-10,-75,EegeNy3R51au2kbzh2r1yltmDvU=,mJTUGseW1EECrEh1cBKT4RZ6gG0=
-12,-75,EegeNy3R51au2kbzh2r1yltmDvU=,mJTUGseW1EECrEh1cBKT4RZ6gG0=
-13,-75,EegeNy3R51au2kbzh2r1yltmDvU=,mJTUGseW1EECrEh1cBKT4RZ6gG0=
-11,-75,EegeNy3R51au2kbzh2r1yltmDvU=,mJTUGseW1EECrEh1cBKT4RZ6gG0=
-14,-75,EegeNy3R51au2kbzh2r1yltmDvU=,mJTUGseW1EECrEh1cBKT4RZ6gG0=
-15,-75,EegeNy3R51au2kbzh2r1yltmDvU=,mJTUGseW1EECrEh1cBKT4RZ6gG0=
-13,-79,EegeNy3R51au2kbzh2r1yltmDvU=,mJTUGseW1EECrEh1cBKT4RZ6gG0=
-16,-75,EegeNy3R51au2kbzh2r1yltmDvU=,mJTUGseW1EECrEh1cBKT4RZ6gG0=
-1,-76,EegeNy3R51au2kbzh2r1yltmDvU=,mJTUGseW1EECrEh1cBKT4RZ6gG0=
-2,-76,EegeNy3R51au2kbzh2r1yltmDvU=,mJTUGseW1EECrEh1cBKT4RZ6gG0=
-4,-76,EegeNy3R51au2kbzh2r1yltmDvU=,mJTUGseW1EECrEh1cBKT4RZ6gG0=
-3,-76,EegeNy3R51au2kbzh2r1yltmDvU=,mJTUGseW1EECrEh1cBKT4RZ6gG0=
-10,-80,EegeNy3R51au2kbzh2r1yltmDvU=,mJTUGseW1EECrEh1cBKT4RZ6gG0=
-1,-78,EegeNy3R51au2kbzh2r1yltmDvU=,mJTUGseW1EECrEh1cBKT4RZ6gG0=
-5,-76,EegeNy3R51au2kbzh2r1yltmDvU=,mJTUGseW1EECrEh1cBKT4RZ6gG0=
-6,-76,EegeNy3R51au2kbzh2r1yltmDvU=,mJTUGseW1EECrEh1cBKT4RZ6gG0=
-7,-76,EegeNy3R51au2kbzh2r1yltmDvU=,mJTUGseW1EECrEh1cBKT4RZ6gG0=
-8,-76,EegeNy3R51au2kbzh2r1yltmDvU=,mJTUGseW1EECrEh1cBKT4RZ6gG0=
-9,-76,EegeNy3R51au2kbzh2r1yltmDvU=,mJTUGseW1EECrEh1cBKT4RZ6gG0=
-10,-76,EegeNy3R51au2kbzh2r1yltmDvU=,mJTUGseW1EECrEh1cBKT4RZ6gG0=
-11,-76,EegeNy3R51au2kbzh2r1yltmDvU=,mJTUGseW1EECrEh1cBKT4RZ6gG0=
-12,-76,EegeNy3R51au2kbzh2r1yltmDvU=,mJTUGseW1EECrEh1cBKT4RZ6gG0=
-13,-76,EegeNy3R51au2kbzh2r1yltmDvU=,mJTUGseW1EECrEh1cBKT4RZ6gG0=
-14,-76,EegeNy3R51au2kbzh2r1yltmDvU=,mJTUGseW1EECrEh1cBKT4RZ6gG0=
-15,-76,EegeNy3R51au2kbzh2r1yltmDvU=,mJTUGseW1EECrEh1cBKT4RZ6gG0=
-14,-79,EegeNy3R51au2kbzh2r1yltmDvU=,mJTUGseW1EECrEh1cBKT4RZ6gG0=
-16,-76,EegeNy3R51au2kbzh2r1yltmDvU=,mJTUGseW1EECrEh1cBKT4RZ6gG0=
-11,-80,EegeNy3R51au2kbzh2r1yltmDvU=,mJTUGseW1EECrEh1cBKT4RZ6gG0=
-1,-77,EegeNy3R51au2kbzh2r1yltmDvU=,mJTUGseW1EECrEh1cBKT4RZ6gG0=
-2,-77,EegeNy3R51au2kbzh2r1yltmDvU=,mJTUGseW1EECrEh1cBKT4RZ6gG0=
-3,-77,EegeNy3R51au2kbzh2r1yltmDvU=,mJTUGseW1EECrEh1cBKT4RZ6gG0=
-12,-80,EegeNy3R51au2kbzh2r1yltmDvU=,mJTUGseW1EECrEh1cBKT4RZ6gG0=
-2,-78,EegeNy3R51au2kbzh2r1yltmDvU=,mJTUGseW1EECrEh1cBKT4RZ6gG0=
-1,-81,EegeNy3R51au2kbzh2r1yltmDvU=,YllIKEsHRDbBZj/LDBvUKx3XL/k=
-2,-94,EegeNy3R51au2kbzh2r1yltmDvU=,YllIKEsHRDbBZj/LDBvUKx3XL/k=
-13,-96,EegeNy3R51au2kbzh2r1yltmDvU=,YllIKEsHRDbBZj/LDBvUKx3XL/k=
-1,-94,EegeNy3R51au2kbzh2r1yltmDvU=,YllIKEsHRDbBZj/LDBvUKx3XL/k=
-16,-93,EegeNy3R51au2kbzh2r1yltmDvU=,YllIKEsHRDbBZj/LDBvUKx3XL/k=
-3,-94,EegeNy3R51au2kbzh2r1yltmDvU=,YllIKEsHRDbBZj/LDBvUKx3XL/k=
-15,-93,EegeNy3R51au2kbzh2r1yltmDvU=,YllIKEsHRDbBZj/LDBvUKx3XL/k=
-2,-81,EegeNy3R51au2kbzh2r1yltmDvU=,YllIKEsHRDbBZj/LDBvUKx3XL/k=
-14,-93,EegeNy3R51au2kbzh2r1yltmDvU=,YllIKEsHRDbBZj/LDBvUKx3XL/k=
-3,-81,EegeNy3R51au2kbzh2r1yltmDvU=,YllIKEsHRDbBZj/LDBvUKx3XL/k=
-4,-81,EegeNy3R51au2kbzh2r1yltmDvU=,YllIKEsHRDbBZj/LDBvUKx3XL/k=
-13,-93,EegeNy3R51au2kbzh2r1yltmDvU=,YllIKEsHRDbBZj/LDBvUKx3XL/k=
-12,-96,EegeNy3R51au2kbzh2r1yltmDvU=,YllIKEsHRDbBZj/LDBvUKx3XL/k=
-16,-94,EegeNy3R51au2kbzh2r1yltmDvU=,YllIKEsHRDbBZj/LDBvUKx3XL/k=
-6,-81,EegeNy3R51au2kbzh2r1yltmDvU=,YllIKEsHRDbBZj/LDBvUKx3XL/k=
-12,-93,EegeNy3R51au2kbzh2r1yltmDvU=,YllIKEsHRDbBZj/LDBvUKx3XL/k=
-5,-81,EegeNy3R51au2kbzh2r1yltmDvU=,YllIKEsHRDbBZj/LDBvUKx3XL/k=
-7,-81,EegeNy3R51au2kbzh2r1yltmDvU=,YllIKEsHRDbBZj/LDBvUKx3XL/k=
-11,-93,EegeNy3R51au2kbzh2r1yltmDvU=,YllIKEsHRDbBZj/LDBvUKx3XL/k=
-8,-81,EegeNy3R51au2kbzh2r1yltmDvU=,YllIKEsHRDbBZj/LDBvUKx3XL/k=
-10,-93,EegeNy3R51au2kbzh2r1yltmDvU=,YllIKEsHRDbBZj/LDBvUKx3XL/k=
-9,-93,EegeNy3R51au2kbzh2r1yltmDvU=,YllIKEsHRDbBZj/LDBvUKx3XL/k=
-9,-81,EegeNy3R51au2kbzh2r1yltmDvU=,YllIKEsHRDbBZj/LDBvUKx3XL/k=
-8,-93,EegeNy3R51au2kbzh2r1yltmDvU=,YllIKEsHRDbBZj/LDBvUKx3XL/k=
-10,-81,EegeNy3R51au2kbzh2r1yltmDvU=,YllIKEsHRDbBZj/LDBvUKx3XL/k=
-7,-93,EegeNy3R51au2kbzh2r1yltmDvU=,YllIKEsHRDbBZj/LDBvUKx3XL/k=
-11,-81,EegeNy3R51au2kbzh2r1yltmDvU=,YllIKEsHRDbBZj/LDBvUKx3XL/k=
-6,-93,EegeNy3R51au2kbzh2r1yltmDvU=,YllIKEsHRDbBZj/LDBvUKx3XL/k=
-1,-95,EegeNy3R51au2kbzh2r1yltmDvU=,YllIKEsHRDbBZj/LDBvUKx3XL/k=
-5,-93,EegeNy3R51au2kbzh2r1yltmDvU=,YllIKEsHRDbBZj/LDBvUKx3XL/k=
-2,-95,EegeNy3R51au2kbzh2r1yltmDvU=,YllIKEsHRDbBZj/LDBvUKx3XL/k=
-4,-93,EegeNy3R51au2kbzh2r1yltmDvU=,YllIKEsHRDbBZj/LDBvUKx3XL/k=
-3,-95,EegeNy3R51au2kbzh2r1yltmDvU=,YllIKEsHRDbBZj/LDBvUKx3XL/k=
-3,-93,EegeNy3R51au2kbzh2r1yltmDvU=,YllIKEsHRDbBZj/LDBvUKx3XL/k=
-4,-95,EegeNy3R51au2kbzh2r1yltmDvU=,YllIKEsHRDbBZj/LDBvUKx3XL/k=
-5,-95,EegeNy3R51au2kbzh2r1yltmDvU=,YllIKEsHRDbBZj/LDBvUKx3XL/k=
-6,-95,EegeNy3R51au2kbzh2r1yltmDvU=,YllIKEsHRDbBZj/LDBvUKx3XL/k=
-12,-81,EegeNy3R51au2kbzh2r1yltmDvU=,YllIKEsHRDbBZj/LDBvUKx3XL/k=
-13,-81,EegeNy3R51au2kbzh2r1yltmDvU=,YllIKEsHRDbBZj/LDBvUKx3XL/k=
-7,-95,EegeNy3R51au2kbzh2r1yltmDvU=,YllIKEsHRDbBZj/LDBvUKx3XL/k=
-14,-81,EegeNy3R51au2kbzh2r1yltmDvU=,YllIKEsHRDbBZj/LDBvUKx3XL/k=
-15,-81,EegeNy3R51au2kbzh2r1yltmDvU=,YllIKEsHRDbBZj/LDBvUKx3XL/k=
-2,-93,EegeNy3R51au2kbzh2r1yltmDvU=,YllIKEsHRDbBZj/LDBvUKx3XL/k=
-15,-95,EegeNy3R51au2kbzh2r1yltmDvU=,YllIKEsHRDbBZj/LDBvUKx3XL/k=
-8,-95,EegeNy3R51au2kbzh2r1yltmDvU=,YllIKEsHRDbBZj/LDBvUKx3XL/k=
-1,-93,EegeNy3R51au2kbzh2r1yltmDvU=,YllIKEsHRDbBZj/LDBvUKx3XL/k=
-15,-94,EegeNy3R51au2kbzh2r1yltmDvU=,YllIKEsHRDbBZj/LDBvUKx3XL/k=
-10,-95,EegeNy3R51au2kbzh2r1yltmDvU=,YllIKEsHRDbBZj/LDBvUKx3XL/k=
-9,-95,EegeNy3R51au2kbzh2r1yltmDvU=,YllIKEsHRDbBZj/LDBvUKx3XL/k=
-16,-92,EegeNy3R51au2kbzh2r1yltmDvU=,YllIKEsHRDbBZj/LDBvUKx3XL/k=
-15,-92,EegeNy3R51au2kbzh2r1yltmDvU=,YllIKEsHRDbBZj/LDBvUKx3XL/k=
-14,-92,EegeNy3R51au2kbzh2r1yltmDvU=,YllIKEsHRDbBZj/LDBvUKx3XL/k=
-13,-92,EegeNy3R51au2kbzh2r1yltmDvU=,YllIKEsHRDbBZj/LDBvUKx3XL/k=
-14,-94,EegeNy3R51au2kbzh2r1yltmDvU=,YllIKEsHRDbBZj/LDBvUKx3XL/k=
-12,-95,EegeNy3R51au2kbzh2r1yltmDvU=,YllIKEsHRDbBZj/LDBvUKx3XL/k=
-16,-81,EegeNy3R51au2kbzh2r1yltmDvU=,YllIKEsHRDbBZj/LDBvUKx3XL/k=
-1,-82,EegeNy3R51au2kbzh2r1yltmDvU=,YllIKEsHRDbBZj/LDBvUKx3XL/k=
-13,-95,EegeNy3R51au2kbzh2r1yltmDvU=,YllIKEsHRDbBZj/LDBvUKx3XL/k=
-14,-95,EegeNy3R51au2kbzh2r1yltmDvU=,YllIKEsHRDbBZj/LDBvUKx3XL/k=
-2,-82,EegeNy3R51au2kbzh2r1yltmDvU=,YllIKEsHRDbBZj/LDBvUKx3XL/k=
-14,-96,EegeNy3R51au2kbzh2r1yltmDvU=,YllIKEsHRDbBZj/LDBvUKx3XL/k=
-4,-94,EegeNy3R51au2kbzh2r1yltmDvU=,YllIKEsHRDbBZj/LDBvUKx3XL/k=
-3,-82,EegeNy3R51au2kbzh2r1yltmDvU=,YllIKEsHRDbBZj/LDBvUKx3XL/k=
-4,-82,EegeNy3R51au2kbzh2r1yltmDvU=,YllIKEsHRDbBZj/LDBvUKx3XL/k=
-5,-82,EegeNy3R51au2kbzh2r1yltmDvU=,YllIKEsHRDbBZj/LDBvUKx3XL/k=
-6,-82,EegeNy3R51au2kbzh2r1yltmDvU=,YllIKEsHRDbBZj/LDBvUKx3XL/k=
-7,-82,EegeNy3R51au2kbzh2r1yltmDvU=,YllIKEsHRDbBZj/LDBvUKx3XL/k=
-8,-82,EegeNy3R51au2kbzh2r1yltmDvU=,YllIKEsHRDbBZj/LDBvUKx3XL/k=
-9,-82,EegeNy3R51au2kbzh2r1yltmDvU=,YllIKEsHRDbBZj/LDBvUKx3XL/k=
-10,-82,EegeNy3R51au2kbzh2r1yltmDvU=,YllIKEsHRDbBZj/LDBvUKx3XL/k=
-12,-82,EegeNy3R51au2kbzh2r1yltmDvU=,YllIKEsHRDbBZj/LDBvUKx3XL/k=
-13,-82,EegeNy3R51au2kbzh2r1yltmDvU=,YllIKEsHRDbBZj/LDBvUKx3XL/k=
-14,-82,EegeNy3R51au2kbzh2r1yltmDvU=,YllIKEsHRDbBZj/LDBvUKx3XL/k=
-15,-82,EegeNy3R51au2kbzh2r1yltmDvU=,YllIKEsHRDbBZj/LDBvUKx3XL/k=
-16,-82,EegeNy3R51au2kbzh2r1yltmDvU=,YllIKEsHRDbBZj/LDBvUKx3XL/k=
-1,-83,EegeNy3R51au2kbzh2r1yltmDvU=,YllIKEsHRDbBZj/LDBvUKx3XL/k=
-16,-95,EegeNy3R51au2kbzh2r1yltmDvU=,YllIKEsHRDbBZj/LDBvUKx3XL/k=
-11,-82,EegeNy3R51au2kbzh2r1yltmDvU=,YllIKEsHRDbBZj/LDBvUKx3XL/k=
-2,-83,EegeNy3R51au2kbzh2r1yltmDvU=,YllIKEsHRDbBZj/LDBvUKx3XL/k=
-1,-96,EegeNy3R51au2kbzh2r1yltmDvU=,YllIKEsHRDbBZj/LDBvUKx3XL/k=
-3,-83,EegeNy3R51au2kbzh2r1yltmDvU=,YllIKEsHRDbBZj/LDBvUKx3XL/k=
-5,-94,EegeNy3R51au2kbzh2r1yltmDvU=,YllIKEsHRDbBZj/LDBvUKx3XL/k=
-5,-83,EegeNy3R51au2kbzh2r1yltmDvU=,YllIKEsHRDbBZj/LDBvUKx3XL/k=
-4,-83,EegeNy3R51au2kbzh2r1yltmDvU=,YllIKEsHRDbBZj/LDBvUKx3XL/k=
-6,-83,EegeNy3R51au2kbzh2r1yltmDvU=,YllIKEsHRDbBZj/LDBvUKx3XL/k=
-7,-83,EegeNy3R51au2kbzh2r1yltmDvU=,YllIKEsHRDbBZj/LDBvUKx3XL/k=
-8,-83,EegeNy3R51au2kbzh2r1yltmDvU=,YllIKEsHRDbBZj/LDBvUKx3XL/k=
-9,-83,EegeNy3R51au2kbzh2r1yltmDvU=,YllIKEsHRDbBZj/LDBvUKx3XL/k=
-10,-83,EegeNy3R51au2kbzh2r1yltmDvU=,YllIKEsHRDbBZj/LDBvUKx3XL/k=
-11,-83,EegeNy3R51au2kbzh2r1yltmDvU=,YllIKEsHRDbBZj/LDBvUKx3XL/k=
-12,-83,EegeNy3R51au2kbzh2r1yltmDvU=,YllIKEsHRDbBZj/LDBvUKx3XL/k=
-14,-83,EegeNy3R51au2kbzh2r1yltmDvU=,YllIKEsHRDbBZj/LDBvUKx3XL/k=
-15,-83,EegeNy3R51au2kbzh2r1yltmDvU=,YllIKEsHRDbBZj/LDBvUKx3XL/k=
-13,-83,EegeNy3R51au2kbzh2r1yltmDvU=,YllIKEsHRDbBZj/LDBvUKx3XL/k=
-15,-96,EegeNy3R51au2kbzh2r1yltmDvU=,YllIKEsHRDbBZj/LDBvUKx3XL/k=
-16,-83,EegeNy3R51au2kbzh2r1yltmDvU=,YllIKEsHRDbBZj/LDBvUKx3XL/k=
-1,-84,EegeNy3R51au2kbzh2r1yltmDvU=,YllIKEsHRDbBZj/LDBvUKx3XL/k=
-11,-96,EegeNy3R51au2kbzh2r1yltmDvU=,YllIKEsHRDbBZj/LDBvUKx3XL/k=
-2,-84,EegeNy3R51au2kbzh2r1yltmDvU=,YllIKEsHRDbBZj/LDBvUKx3XL/k=
-12,-92,EegeNy3R51au2kbzh2r1yltmDvU=,YllIKEsHRDbBZj/LDBvUKx3XL/k=
-11,-92,EegeNy3R51au2kbzh2r1yltmDvU=,YllIKEsHRDbBZj/LDBvUKx3XL/k=
-10,-92,EegeNy3R51au2kbzh2r1yltmDvU=,YllIKEsHRDbBZj/LDBvUKx3XL/k=
-3,-84,EegeNy3R51au2kbzh2r1yltmDvU=,YllIKEsHRDbBZj/LDBvUKx3XL/k=
-4,-84,EegeNy3R51au2kbzh2r1yltmDvU=,YllIKEsHRDbBZj/LDBvUKx3XL/k=
-2,-96,EegeNy3R51au2kbzh2r1yltmDvU=,YllIKEsHRDbBZj/LDBvUKx3XL/k=
-6,-94,EegeNy3R51au2kbzh2r1yltmDvU=,YllIKEsHRDbBZj/LDBvUKx3XL/k=
-5,-84,EegeNy3R51au2kbzh2r1yltmDvU=,YllIKEsHRDbBZj/LDBvUKx3XL/k=
-6,-84,EegeNy3R51au2kbzh2r1yltmDvU=,YllIKEsHRDbBZj/LDBvUKx3XL/k=
-7,-84,EegeNy3R51au2kbzh2r1yltmDvU=,YllIKEsHRDbBZj/LDBvUKx3XL/k=
-8,-84,EegeNy3R51au2kbzh2r1yltmDvU=,YllIKEsHRDbBZj/LDBvUKx3XL/k=
-9,-84,EegeNy3R51au2kbzh2r1yltmDvU=,YllIKEsHRDbBZj/LDBvUKx3XL/k=
-10,-84,EegeNy3R51au2kbzh2r1yltmDvU=,YllIKEsHRDbBZj/LDBvUKx3XL/k=
-12,-84,EegeNy3R51au2kbzh2r1yltmDvU=,YllIKEsHRDbBZj/LDBvUKx3XL/k=
-11,-84,EegeNy3R51au2kbzh2r1yltmDvU=,YllIKEsHRDbBZj/LDBvUKx3XL/k=
-13,-84,EegeNy3R51au2kbzh2r1yltmDvU=,YllIKEsHRDbBZj/LDBvUKx3XL/k=
-14,-84,EegeNy3R51au2kbzh2r1yltmDvU=,YllIKEsHRDbBZj/LDBvUKx3XL/k=
-15,-84,EegeNy3R51au2kbzh2r1yltmDvU=,YllIKEsHRDbBZj/LDBvUKx3XL/k=
-16,-84,EegeNy3R51au2kbzh2r1yltmDvU=,YllIKEsHRDbBZj/LDBvUKx3XL/k=
-1,-85,EegeNy3R51au2kbzh2r1yltmDvU=,YllIKEsHRDbBZj/LDBvUKx3XL/k=
-2,-85,EegeNy3R51au2kbzh2r1yltmDvU=,YllIKEsHRDbBZj/LDBvUKx3XL/k=
-3,-85,EegeNy3R51au2kbzh2r1yltmDvU=,YllIKEsHRDbBZj/LDBvUKx3XL/k=
-4,-85,EegeNy3R51au2kbzh2r1yltmDvU=,YllIKEsHRDbBZj/LDBvUKx3XL/k=
-5,-85,EegeNy3R51au2kbzh2r1yltmDvU=,YllIKEsHRDbBZj/LDBvUKx3XL/k=
-3,-96,EegeNy3R51au2kbzh2r1yltmDvU=,YllIKEsHRDbBZj/LDBvUKx3XL/k=
-6,-85,EegeNy3R51au2kbzh2r1yltmDvU=,YllIKEsHRDbBZj/LDBvUKx3XL/k=
-9,-92,EegeNy3R51au2kbzh2r1yltmDvU=,YllIKEsHRDbBZj/LDBvUKx3XL/k=
-7,-94,EegeNy3R51au2kbzh2r1yltmDvU=,YllIKEsHRDbBZj/LDBvUKx3XL/k=
-8,-92,EegeNy3R51au2kbzh2r1yltmDvU=,YllIKEsHRDbBZj/LDBvUKx3XL/k=
-7,-92,EegeNy3R51au2kbzh2r1yltmDvU=,YllIKEsHRDbBZj/LDBvUKx3XL/k=
-6,-92,EegeNy3R51au2kbzh2r1yltmDvU=,YllIKEsHRDbBZj/LDBvUKx3XL/k=
-4,-92,EegeNy3R51au2kbzh2r1yltmDvU=,YllIKEsHRDbBZj/LDBvUKx3XL/k=
-5,-92,EegeNy3R51au2kbzh2r1yltmDvU=,YllIKEsHRDbBZj/LDBvUKx3XL/k=
-16,-96,EegeNy3R51au2kbzh2r1yltmDvU=,YllIKEsHRDbBZj/LDBvUKx3XL/k=
-7,-85,EegeNy3R51au2kbzh2r1yltmDvU=,YllIKEsHRDbBZj/LDBvUKx3XL/k=
-11,-95,EegeNy3R51au2kbzh2r1yltmDvU=,YllIKEsHRDbBZj/LDBvUKx3XL/k=
-8,-85,EegeNy3R51au2kbzh2r1yltmDvU=,YllIKEsHRDbBZj/LDBvUKx3XL/k=
-11,-85,EegeNy3R51au2kbzh2r1yltmDvU=,YllIKEsHRDbBZj/LDBvUKx3XL/k=
-10,-85,EegeNy3R51au2kbzh2r1yltmDvU=,YllIKEsHRDbBZj/LDBvUKx3XL/k=
-12,-85,EegeNy3R51au2kbzh2r1yltmDvU=,YllIKEsHRDbBZj/LDBvUKx3XL/k=
-14,-85,EegeNy3R51au2kbzh2r1yltmDvU=,YllIKEsHRDbBZj/LDBvUKx3XL/k=
-15,-85,EegeNy3R51au2kbzh2r1yltmDvU=,YllIKEsHRDbBZj/LDBvUKx3XL/k=
-16,-85,EegeNy3R51au2kbzh2r1yltmDvU=,YllIKEsHRDbBZj/LDBvUKx3XL/k=
-13,-85,EegeNy3R51au2kbzh2r1yltmDvU=,YllIKEsHRDbBZj/LDBvUKx3XL/k=
-1,-86,EegeNy3R51au2kbzh2r1yltmDvU=,YllIKEsHRDbBZj/LDBvUKx3XL/k=
-2,-86,EegeNy3R51au2kbzh2r1yltmDvU=,YllIKEsHRDbBZj/LDBvUKx3XL/k=
-4,-86,EegeNy3R51au2kbzh2r1yltmDvU=,YllIKEsHRDbBZj/LDBvUKx3XL/k=
-3,-86,EegeNy3R51au2kbzh2r1yltmDvU=,YllIKEsHRDbBZj/LDBvUKx3XL/k=
-6,-86,EegeNy3R51au2kbzh2r1yltmDvU=,YllIKEsHRDbBZj/LDBvUKx3XL/k=
-4,-96,EegeNy3R51au2kbzh2r1yltmDvU=,YllIKEsHRDbBZj/LDBvUKx3XL/k=
-5,-86,EegeNy3R51au2kbzh2r1yltmDvU=,YllIKEsHRDbBZj/LDBvUKx3XL/k=
-8,-94,EegeNy3R51au2kbzh2r1yltmDvU=,YllIKEsHRDbBZj/LDBvUKx3XL/k=
-3,-92,EegeNy3R51au2kbzh2r1yltmDvU=,YllIKEsHRDbBZj/LDBvUKx3XL/k=
-2,-92,EegeNy3R51au2kbzh2r1yltmDvU=,YllIKEsHRDbBZj/LDBvUKx3XL/k=
-10,-96,EegeNy3R51au2kbzh2r1yltmDvU=,YllIKEsHRDbBZj/LDBvUKx3XL/k=
-8,-86,EegeNy3R51au2kbzh2r1yltmDvU=,YllIKEsHRDbBZj/LDBvUKx3XL/k=
-1,-92,EegeNy3R51au2kbzh2r1yltmDvU=,YllIKEsHRDbBZj/LDBvUKx3XL/k=
-16,-91,EegeNy3R51au2kbzh2r1yltmDvU=,YllIKEsHRDbBZj/LDBvUKx3XL/k=
-9,-85,EegeNy3R51au2kbzh2r1yltmDvU=,YllIKEsHRDbBZj/LDBvUKx3XL/k=
-15,-91,EegeNy3R51au2kbzh2r1yltmDvU=,YllIKEsHRDbBZj/LDBvUKx3XL/k=
-13,-91,EegeNy3R51au2kbzh2r1yltmDvU=,YllIKEsHRDbBZj/LDBvUKx3XL/k=
-14,-91,EegeNy3R51au2kbzh2r1yltmDvU=,YllIKEsHRDbBZj/LDBvUKx3XL/k=
-12,-91,EegeNy3R51au2kbzh2r1yltmDvU=,YllIKEsHRDbBZj/LDBvUKx3XL/k=
-13,-94,EegeNy3R51au2kbzh2r1yltmDvU=,YllIKEsHRDbBZj/LDBvUKx3XL/k=
-7,-86,EegeNy3R51au2kbzh2r1yltmDvU=,YllIKEsHRDbBZj/LDBvUKx3XL/k=
-9,-96,EegeNy3R51au2kbzh2r1yltmDvU=,YllIKEsHRDbBZj/LDBvUKx3XL/k=
-11,-91,EegeNy3R51au2kbzh2r1yltmDvU=,YllIKEsHRDbBZj/LDBvUKx3XL/k=
-10,-91,EegeNy3R51au2kbzh2r1yltmDvU=,YllIKEsHRDbBZj/LDBvUKx3XL/k=
-11,-86,EegeNy3R51au2kbzh2r1yltmDvU=,YllIKEsHRDbBZj/LDBvUKx3XL/k=
-12,-86,EegeNy3R51au2kbzh2r1yltmDvU=,YllIKEsHRDbBZj/LDBvUKx3XL/k=
-13,-86,EegeNy3R51au2kbzh2r1yltmDvU=,YllIKEsHRDbBZj/LDBvUKx3XL/k=
-14,-86,EegeNy3R51au2kbzh2r1yltmDvU=,YllIKEsHRDbBZj/LDBvUKx3XL/k=
-15,-86,EegeNy3R51au2kbzh2r1yltmDvU=,YllIKEsHRDbBZj/LDBvUKx3XL/k=
-1,-87,EegeNy3R51au2kbzh2r1yltmDvU=,YllIKEsHRDbBZj/LDBvUKx3XL/k=
-16,-86,EegeNy3R51au2kbzh2r1yltmDvU=,YllIKEsHRDbBZj/LDBvUKx3XL/k=
-2,-87,EegeNy3R51au2kbzh2r1yltmDvU=,YllIKEsHRDbBZj/LDBvUKx3XL/k=
-4,-87,EegeNy3R51au2kbzh2r1yltmDvU=,YllIKEsHRDbBZj/LDBvUKx3XL/k=
-3,-87,EegeNy3R51au2kbzh2r1yltmDvU=,YllIKEsHRDbBZj/LDBvUKx3XL/k=
-5,-87,EegeNy3R51au2kbzh2r1yltmDvU=,YllIKEsHRDbBZj/LDBvUKx3XL/k=
-7,-87,EegeNy3R51au2kbzh2r1yltmDvU=,YllIKEsHRDbBZj/LDBvUKx3XL/k=
-6,-87,EegeNy3R51au2kbzh2r1yltmDvU=,YllIKEsHRDbBZj/LDBvUKx3XL/k=
-9,-94,EegeNy3R51au2kbzh2r1yltmDvU=,YllIKEsHRDbBZj/LDBvUKx3XL/k=
-5,-96,EegeNy3R51au2kbzh2r1yltmDvU=,YllIKEsHRDbBZj/LDBvUKx3XL/k=
-10,-86,EegeNy3R51au2kbzh2r1yltmDvU=,YllIKEsHRDbBZj/LDBvUKx3XL/k=
-11,-87,EegeNy3R51au2kbzh2r1yltmDvU=,YllIKEsHRDbBZj/LDBvUKx3XL/k=
-12,-87,EegeNy3R51au2kbzh2r1yltmDvU=,YllIKEsHRDbBZj/LDBvUKx3XL/k=
-9,-86,EegeNy3R51au2kbzh2r1yltmDvU=,YllIKEsHRDbBZj/LDBvUKx3XL/k=
-13,-87,EegeNy3R51au2kbzh2r1yltmDvU=,YllIKEsHRDbBZj/LDBvUKx3XL/k=
-14,-87,EegeNy3R51au2kbzh2r1yltmDvU=,YllIKEsHRDbBZj/LDBvUKx3XL/k=
-16,-87,EegeNy3R51au2kbzh2r1yltmDvU=,YllIKEsHRDbBZj/LDBvUKx3XL/k=
-1,-88,EegeNy3R51au2kbzh2r1yltmDvU=,YllIKEsHRDbBZj/LDBvUKx3XL/k=
-15,-87,EegeNy3R51au2kbzh2r1yltmDvU=,YllIKEsHRDbBZj/LDBvUKx3XL/k=
-2,-88,EegeNy3R51au2kbzh2r1yltmDvU=,YllIKEsHRDbBZj/LDBvUKx3XL/k=
-3,-88,EegeNy3R51au2kbzh2r1yltmDvU=,YllIKEsHRDbBZj/LDBvUKx3XL/k=
-4,-88,EegeNy3R51au2kbzh2r1yltmDvU=,YllIKEsHRDbBZj/LDBvUKx3XL/k=
-5,-88,EegeNy3R51au2kbzh2r1yltmDvU=,YllIKEsHRDbBZj/LDBvUKx3XL/k=
-8,-87,EegeNy3R51au2kbzh2r1yltmDvU=,YllIKEsHRDbBZj/LDBvUKx3XL/k=
-10,-87,EegeNy3R51au2kbzh2r1yltmDvU=,YllIKEsHRDbBZj/LDBvUKx3XL/k=
-6,-88,EegeNy3R51au2kbzh2r1yltmDvU=,YllIKEsHRDbBZj/LDBvUKx3XL/k=
-6,-96,EegeNy3R51au2kbzh2r1yltmDvU=,YllIKEsHRDbBZj/LDBvUKx3XL/k=
-10,-94,EegeNy3R51au2kbzh2r1yltmDvU=,YllIKEsHRDbBZj/LDBvUKx3XL/k=
-11,-88,EegeNy3R51au2kbzh2r1yltmDvU=,YllIKEsHRDbBZj/LDBvUKx3XL/k=
-10,-88,EegeNy3R51au2kbzh2r1yltmDvU=,YllIKEsHRDbBZj/LDBvUKx3XL/k=
-12,-88,EegeNy3R51au2kbzh2r1yltmDvU=,YllIKEsHRDbBZj/LDBvUKx3XL/k=
-13,-88,EegeNy3R51au2kbzh2r1yltmDvU=,YllIKEsHRDbBZj/LDBvUKx3XL/k=
-15,-88,EegeNy3R51au2kbzh2r1yltmDvU=,YllIKEsHRDbBZj/LDBvUKx3XL/k=
-14,-88,EegeNy3R51au2kbzh2r1yltmDvU=,YllIKEsHRDbBZj/LDBvUKx3XL/k=
-16,-88,EegeNy3R51au2kbzh2r1yltmDvU=,YllIKEsHRDbBZj/LDBvUKx3XL/k=
-1,-89,EegeNy3R51au2kbzh2r1yltmDvU=,YllIKEsHRDbBZj/LDBvUKx3XL/k=
-2,-89,EegeNy3R51au2kbzh2r1yltmDvU=,YllIKEsHRDbBZj/LDBvUKx3XL/k=
-3,-89,EegeNy3R51au2kbzh2r1yltmDvU=,YllIKEsHRDbBZj/LDBvUKx3XL/k=
-5,-89,EegeNy3R51au2kbzh2r1yltmDvU=,YllIKEsHRDbBZj/LDBvUKx3XL/k=
-9,-87,EegeNy3R51au2kbzh2r1yltmDvU=,YllIKEsHRDbBZj/LDBvUKx3XL/k=
-4,-89,EegeNy3R51au2kbzh2r1yltmDvU=,YllIKEsHRDbBZj/LDBvUKx3XL/k=
-6,-89,EegeNy3R51au2kbzh2r1yltmDvU=,YllIKEsHRDbBZj/LDBvUKx3XL/k=
-7,-96,EegeNy3R51au2kbzh2r1yltmDvU=,YllIKEsHRDbBZj/LDBvUKx3XL/k=
-10,-89,EegeNy3R51au2kbzh2r1yltmDvU=,YllIKEsHRDbBZj/LDBvUKx3XL/k=
-11,-94,EegeNy3R51au2kbzh2r1yltmDvU=,YllIKEsHRDbBZj/LDBvUKx3XL/k=
-11,-89,EegeNy3R51au2kbzh2r1yltmDvU=,YllIKEsHRDbBZj/LDBvUKx3XL/k=
-12,-89,EegeNy3R51au2kbzh2r1yltmDvU=,YllIKEsHRDbBZj/LDBvUKx3XL/k=
-13,-89,EegeNy3R51au2kbzh2r1yltmDvU=,YllIKEsHRDbBZj/LDBvUKx3XL/k=
-14,-89,EegeNy3R51au2kbzh2r1yltmDvU=,YllIKEsHRDbBZj/LDBvUKx3XL/k=
-16,-89,EegeNy3R51au2kbzh2r1yltmDvU=,YllIKEsHRDbBZj/LDBvUKx3XL/k=
-1,-90,EegeNy3R51au2kbzh2r1yltmDvU=,YllIKEsHRDbBZj/LDBvUKx3XL/k=
-15,-89,EegeNy3R51au2kbzh2r1yltmDvU=,YllIKEsHRDbBZj/LDBvUKx3XL/k=
-2,-90,EegeNy3R51au2kbzh2r1yltmDvU=,YllIKEsHRDbBZj/LDBvUKx3XL/k=
-3,-90,EegeNy3R51au2kbzh2r1yltmDvU=,YllIKEsHRDbBZj/LDBvUKx3XL/k=
-4,-90,EegeNy3R51au2kbzh2r1yltmDvU=,YllIKEsHRDbBZj/LDBvUKx3XL/k=
-5,-90,EegeNy3R51au2kbzh2r1yltmDvU=,YllIKEsHRDbBZj/LDBvUKx3XL/k=
-6,-90,EegeNy3R51au2kbzh2r1yltmDvU=,YllIKEsHRDbBZj/LDBvUKx3XL/k=
-8,-89,EegeNy3R51au2kbzh2r1yltmDvU=,YllIKEsHRDbBZj/LDBvUKx3XL/k=
-9,-89,EegeNy3R51au2kbzh2r1yltmDvU=,YllIKEsHRDbBZj/LDBvUKx3XL/k=
-10,-90,EegeNy3R51au2kbzh2r1yltmDvU=,YllIKEsHRDbBZj/LDBvUKx3XL/k=
-8,-96,EegeNy3R51au2kbzh2r1yltmDvU=,YllIKEsHRDbBZj/LDBvUKx3XL/k=
-12,-94,EegeNy3R51au2kbzh2r1yltmDvU=,YllIKEsHRDbBZj/LDBvUKx3XL/k=
-11,-90,EegeNy3R51au2kbzh2r1yltmDvU=,YllIKEsHRDbBZj/LDBvUKx3XL/k=
-12,-90,EegeNy3R51au2kbzh2r1yltmDvU=,YllIKEsHRDbBZj/LDBvUKx3XL/k=
-14,-90,EegeNy3R51au2kbzh2r1yltmDvU=,YllIKEsHRDbBZj/LDBvUKx3XL/k=
-15,-90,EegeNy3R51au2kbzh2r1yltmDvU=,YllIKEsHRDbBZj/LDBvUKx3XL/k=
-13,-90,EegeNy3R51au2kbzh2r1yltmDvU=,YllIKEsHRDbBZj/LDBvUKx3XL/k=
-16,-90,EegeNy3R51au2kbzh2r1yltmDvU=,YllIKEsHRDbBZj/LDBvUKx3XL/k=
-7,-90,EegeNy3R51au2kbzh2r1yltmDvU=,YllIKEsHRDbBZj/LDBvUKx3XL/k=
-3,-91,EegeNy3R51au2kbzh2r1yltmDvU=,YllIKEsHRDbBZj/LDBvUKx3XL/k=
-1,-91,EegeNy3R51au2kbzh2r1yltmDvU=,YllIKEsHRDbBZj/LDBvUKx3XL/k=
-4,-91,EegeNy3R51au2kbzh2r1yltmDvU=,YllIKEsHRDbBZj/LDBvUKx3XL/k=
-5,-91,EegeNy3R51au2kbzh2r1yltmDvU=,YllIKEsHRDbBZj/LDBvUKx3XL/k=
-6,-91,EegeNy3R51au2kbzh2r1yltmDvU=,YllIKEsHRDbBZj/LDBvUKx3XL/k=
-2,-91,EegeNy3R51au2kbzh2r1yltmDvU=,YllIKEsHRDbBZj/LDBvUKx3XL/k=
-8,-90,EegeNy3R51au2kbzh2r1yltmDvU=,YllIKEsHRDbBZj/LDBvUKx3XL/k=
-7,-88,EegeNy3R51au2kbzh2r1yltmDvU=,YllIKEsHRDbBZj/LDBvUKx3XL/k=
-9,-91,EegeNy3R51au2kbzh2r1yltmDvU=,YllIKEsHRDbBZj/LDBvUKx3XL/k=
-8,-91,EegeNy3R51au2kbzh2r1yltmDvU=,YllIKEsHRDbBZj/LDBvUKx3XL/k=
-9,-90,EegeNy3R51au2kbzh2r1yltmDvU=,YllIKEsHRDbBZj/LDBvUKx3XL/k=
-7,-89,EegeNy3R51au2kbzh2r1yltmDvU=,YllIKEsHRDbBZj/LDBvUKx3XL/k=
-7,-91,EegeNy3R51au2kbzh2r1yltmDvU=,YllIKEsHRDbBZj/LDBvUKx3XL/k=
-9,-88,EegeNy3R51au2kbzh2r1yltmDvU=,YllIKEsHRDbBZj/LDBvUKx3XL/k=
-8,-88,EegeNy3R51au2kbzh2r1yltmDvU=,YllIKEsHRDbBZj/LDBvUKx3XL/k=
