22,-109,yyNHz6yWakeszVMVWriDwjS8Mw8=,v/dgQVa/MxoElU0Tn9m7fSt6N3k=
21,-112,yyNHz6yWakeszVMVWriDwjS8Mw8=,v/dgQVa/MxoElU0Tn9m7fSt6N3k=
21,-110,yyNHz6yWakeszVMVWriDwjS8Mw8=,v/dgQVa/MxoElU0Tn9m7fSt6N3k=
22,-110,yyNHz6yWakeszVMVWriDwjS8Mw8=,v/dgQVa/MxoElU0Tn9m7fSt6N3k=
19,-112,yyNHz6yWakeszVMVWriDwjS8Mw8=,v/dgQVa/MxoElU0Tn9m7fSt6N3k=
20,-109,yyNHz6yWakeszVMVWriDwjS8Mw8=,v/dgQVa/MxoElU0Tn9m7fSt6N3k=
19,-109,yyNHz6yWakeszVMVWriDwjS8Mw8=,v/dgQVa/MxoElU0Tn9m7fSt6N3k=
20,-111,yyNHz6yWakeszVMVWriDwjS8Mw8=,v/dgQVa/MxoElU0Tn9m7fSt6N3k=
21,-109,yyNHz6yWakeszVMVWriDwjS8Mw8=,v/dgQVa/MxoElU0Tn9m7fSt6N3k=
21,-111,yyNHz6yWakeszVMVWriDwjS8Mw8=,v/dgQVa/MxoElU0Tn9m7fSt6N3k=
18,-109,yyNHz6yWakeszVMVWriDwjS8Mw8=,v/dgQVa/MxoElU0Tn9m7fSt6N3k=
23,-109,yyNHz6yWakeszVMVWriDwjS8Mw8=,v/dgQVa/MxoElU0Tn9m7fSt6N3k=
31,-97,yyNHz6yWakeszVMVWriDwjS8Mw8=,v/dgQVa/MxoElU0Tn9m7fSt6N3k=
30,-97,yyNHz6yWakeszVMVWriDwjS8Mw8=,v/dgQVa/MxoElU0Tn9m7fSt6N3k=
17,-112,yyNHz6yWakeszVMVWriDwjS8Mw8=,v/dgQVa/MxoElU0Tn9m7fSt6N3k=
29,-97,yyNHz6yWakeszVMVWriDwjS8Mw8=,v/dgQVa/MxoElU0Tn9m7fSt6N3k=
27,-97,yyNHz6yWakeszVMVWriDwjS8Mw8=,v/dgQVa/MxoElU0Tn9m7fSt6N3k=
28,-97,yyNHz6yWakeszVMVWriDwjS8Mw8=,v/dgQVa/MxoElU0Tn9m7fSt6N3k=
26,-97,yyNHz6yWakeszVMVWriDwjS8Mw8=,v/dgQVa/MxoElU0Tn9m7fSt6N3k=
24,-109,yyNHz6yWakeszVMVWriDwjS8Mw8=,v/dgQVa/MxoElU0Tn9m7fSt6N3k=
20,-110,yyNHz6yWakeszVMVWriDwjS8Mw8=,v/dgQVa/MxoElU0Tn9m7fSt6N3k=
25,-97,yyNHz6yWakeszVMVWriDwjS8Mw8=,v/dgQVa/MxoElU0Tn9m7fSt6N3k=
24,-97,yyNHz6yWakeszVMVWriDwjS8Mw8=,v/dgQVa/MxoElU0Tn9m7fSt6N3k=
22,-97,yyNHz6yWakeszVMVWriDwjS8Mw8=,v/dgQVa/MxoElU0Tn9m7fSt6N3k=
25,-109,yyNHz6yWakeszVMVWriDwjS8Mw8=,v/dgQVa/MxoElU0Tn9m7fSt6N3k=
23,-97,yyNHz6yWakeszVMVWriDwjS8Mw8=,v/dgQVa/MxoElU0Tn9m7fSt6N3k=
26,-109,yyNHz6yWakeszVMVWriDwjS8Mw8=,v/dgQVa/MxoElU0Tn9m7fSt6N3k=
17,-97,yyNHz6yWakeszVMVWriDwjS8Mw8=,v/dgQVa/MxoElU0Tn9m7fSt6N3k=
27,-109,yyNHz6yWakeszVMVWriDwjS8Mw8=,v/dgQVa/MxoElU0Tn9m7fSt6N3k=
18,-97,yyNHz6yWakeszVMVWriDwjS8Mw8=,v/dgQVa/MxoElU0Tn9m7fSt6N3k=
16,-97,yyNHz6yWakeszVMVWriDwjS8Mw8=,v/dgQVa/MxoElU0Tn9m7fSt6N3k=
28,-109,yyNHz6yWakeszVMVWriDwjS8Mw8=,v/dgQVa/MxoElU0Tn9m7fSt6N3k=
20,-112,yyNHz6yWakeszVMVWriDwjS8Mw8=,v/dgQVa/MxoElU0Tn9m7fSt6N3k=
17,-109,yyNHz6yWakeszVMVWriDwjS8Mw8=,v/dgQVa/MxoElU0Tn9m7fSt6N3k=
29,-109,yyNHz6yWakeszVMVWriDwjS8Mw8=,v/dgQVa/MxoElU0Tn9m7fSt6N3k=
31,-98,yyNHz6yWakeszVMVWriDwjS8Mw8=,v/dgQVa/MxoElU0Tn9m7fSt6N3k=
19,-110,yyNHz6yWakeszVMVWriDwjS8Mw8=,v/dgQVa/MxoElU0Tn9m7fSt6N3k=
29,-98,yyNHz6yWakeszVMVWriDwjS8Mw8=,v/dgQVa/MxoElU0Tn9m7fSt6N3k=
30,-98,yyNHz6yWakeszVMVWriDwjS8Mw8=,v/dgQVa/MxoElU0Tn9m7fSt6N3k=
16,-112,yyNHz6yWakeszVMVWriDwjS8Mw8=,v/dgQVa/MxoElU0Tn9m7fSt6N3k=
28,-98,yyNHz6yWakeszVMVWriDwjS8Mw8=,v/dgQVa/MxoElU0Tn9m7fSt6N3k=
27,-98,yyNHz6yWakeszVMVWriDwjS8Mw8=,v/dgQVa/MxoElU0Tn9m7fSt6N3k=
26,-98,yyNHz6yWakeszVMVWriDwjS8Mw8=,v/dgQVa/MxoElU0Tn9m7fSt6N3k=
25,-98,yyNHz6yWakeszVMVWriDwjS8Mw8=,v/dgQVa/MxoElU0Tn9m7fSt6N3k=
30,-109,yyNHz6yWakeszVMVWriDwjS8Mw8=,v/dgQVa/MxoElU0Tn9m7fSt6N3k=
24,-98,yyNHz6yWakeszVMVWriDwjS8Mw8=,v/dgQVa/MxoElU0Tn9m7fSt6N3k=
31,-109,yyNHz6yWakeszVMVWriDwjS8Mw8=,v/dgQVa/MxoElU0Tn9m7fSt6N3k=
23,-98,yyNHz6yWakeszVMVWriDwjS8Mw8=,v/dgQVa/MxoElU0Tn9m7fSt6N3k=
22,-98,yyNHz6yWakeszVMVWriDwjS8Mw8=,v/dgQVa/MxoElU0Tn9m7fSt6N3k=
22,-111,yyNHz6yWakeszVMVWriDwjS8Mw8=,v/dgQVa/MxoElU0Tn9m7fSt6N3k=
23,-110,yyNHz6yWakeszVMVWriDwjS8Mw8=,v/dgQVa/MxoElU0Tn9m7fSt6N3k=
22,-112,yyNHz6yWakeszVMVWriDwjS8Mw8=,v/dgQVa/MxoElU0Tn9m7fSt6N3k=
16,-108,yyNHz6yWakeszVMVWriDwjS8Mw8=,v/dgQVa/MxoElU0Tn9m7fSt6N3k=
17,-108,yyNHz6yWakeszVMVWriDwjS8Mw8=,v/dgQVa/MxoElU0Tn9m7fSt6N3k=
18,-108,yyNHz6yWakeszVMVWriDwjS8Mw8=,v/dgQVa/MxoElU0Tn9m7fSt6N3k=
19,-108,yyNHz6yWakeszVMVWriDwjS8Mw8=,v/dgQVa/MxoElU0Tn9m7fSt6N3k=
20,-108,yyNHz6yWakeszVMVWriDwjS8Mw8=,v/dgQVa/MxoElU0Tn9m7fSt6N3k=
21,-108,yyNHz6yWakeszVMVWriDwjS8Mw8=,v/dgQVa/MxoElU0Tn9m7fSt6N3k=
19,-98,yyNHz6yWakeszVMVWriDwjS8Mw8=,v/dgQVa/MxoElU0Tn9m7fSt6N3k=
22,-108,yyNHz6yWakeszVMVWriDwjS8Mw8=,v/dgQVa/MxoElU0Tn9m7fSt6N3k=
23,-108,yyNHz6yWakeszVMVWriDwjS8Mw8=,v/dgQVa/MxoElU0Tn9m7fSt6N3k=
18,-98,yyNHz6yWakeszVMVWriDwjS8Mw8=,v/dgQVa/MxoElU0Tn9m7fSt6N3k=
24,-108,yyNHz6yWakeszVMVWriDwjS8Mw8=,v/dgQVa/MxoElU0Tn9m7fSt6N3k=
17,-98,yyNHz6yWakeszVMVWriDwjS8Mw8=,v/dgQVa/MxoElU0Tn9m7fSt6N3k=
25,-108,yyNHz6yWakeszVMVWriDwjS8Mw8=,v/dgQVa/MxoElU0Tn9m7fSt6N3k=
19,-111,yyNHz6yWakeszVMVWriDwjS8Mw8=,v/dgQVa/MxoElU0Tn9m7fSt6N3k=
26,-108,yyNHz6yWakeszVMVWriDwjS8Mw8=,v/dgQVa/MxoElU0Tn9m7fSt6N3k=
18,-110,yyNHz6yWakeszVMVWriDwjS8Mw8=,v/dgQVa/MxoElU0Tn9m7fSt6N3k=
27,-108,yyNHz6yWakeszVMVWriDwjS8Mw8=,v/dgQVa/MxoElU0Tn9m7fSt6N3k=
16,-98,yyNHz6yWakeszVMVWriDwjS8Mw8=,v/dgQVa/MxoElU0Tn9m7fSt6N3k=
28,-108,yyNHz6yWakeszVMVWriDwjS8Mw8=,v/dgQVa/MxoElU0Tn9m7fSt6N3k=
31,-99,yyNHz6yWakeszVMVWriDwjS8Mw8=,v/dgQVa/MxoElU0Tn9m7fSt6N3k=
29,-108,yyNHz6yWakeszVMVWriDwjS8Mw8=,v/dgQVa/MxoElU0Tn9m7fSt6N3k=
30,-99,yyNHz6yWakeszVMVWriDwjS8Mw8=,v/dgQVa/MxoElU0Tn9m7fSt6N3k=
30,-108,yyNHz6yWakeszVMVWriDwjS8Mw8=,v/dgQVa/MxoElU0Tn9m7fSt6N3k=
29,-99,yyNHz6yWakeszVMVWriDwjS8Mw8=,v/dgQVa/MxoElU0Tn9m7fSt6N3k=
31,-108,yyNHz6yWakeszVMVWriDwjS8Mw8=,v/dgQVa/MxoElU0Tn9m7fSt6N3k=
28,-99,yyNHz6yWakeszVMVWriDwjS8Mw8=,v/dgQVa/MxoElU0Tn9m7fSt6N3k=
27,-99,yyNHz6yWakeszVMVWriDwjS8Mw8=,v/dgQVa/MxoElU0Tn9m7fSt6N3k=
23,-111,yyNHz6yWakeszVMVWriDwjS8Mw8=,v/dgQVa/MxoElU0Tn9m7fSt6N3k=
25,-99,yyNHz6yWakeszVMVWriDwjS8Mw8=,v/dgQVa/MxoElU0Tn9m7fSt6N3k=
23,-112,yyNHz6yWakeszVMVWriDwjS8Mw8=,v/dgQVa/MxoElU0Tn9m7fSt6N3k=
24,-99,yyNHz6yWakeszVMVWriDwjS8Mw8=,v/dgQVa/MxoElU0Tn9m7fSt6N3k=
26,-99,yyNHz6yWakeszVMVWriDwjS8Mw8=,v/dgQVa/MxoElU0Tn9m7fSt6N3k=
16,-107,yyNHz6yWakeszVMVWriDwjS8Mw8=,v/dgQVa/MxoElU0Tn9m7fSt6N3k=
23,-99,yyNHz6yWakeszVMVWriDwjS8Mw8=,v/dgQVa/MxoElU0Tn9m7fSt6N3k=
21,-99,yyNHz6yWakeszVMVWriDwjS8Mw8=,v/dgQVa/MxoElU0Tn9m7fSt6N3k=
22,-99,yyNHz6yWakeszVMVWriDwjS8Mw8=,v/dgQVa/MxoElU0Tn9m7fSt6N3k=
24,-110,yyNHz6yWakeszVMVWriDwjS8Mw8=,v/dgQVa/MxoElU0Tn9m7fSt6N3k=
17,-107,yyNHz6yWakeszVMVWriDwjS8Mw8=,v/dgQVa/MxoElU0Tn9m7fSt6N3k=
19,-99,yyNHz6yWakeszVMVWriDwjS8Mw8=,v/dgQVa/MxoElU0Tn9m7fSt6N3k=
18,-107,yyNHz6yWakeszVMVWriDwjS8Mw8=,v/dgQVa/MxoElU0Tn9m7fSt6N3k=
18,-99,yyNHz6yWakeszVMVWriDwjS8Mw8=,v/dgQVa/MxoElU0Tn9m7fSt6N3k=
19,-107,yyNHz6yWakeszVMVWriDwjS8Mw8=,v/dgQVa/MxoElU0Tn9m7fSt6N3k=
17,-99,yyNHz6yWakeszVMVWriDwjS8Mw8=,v/dgQVa/MxoElU0Tn9m7fSt6N3k=
20,-107,yyNHz6yWakeszVMVWriDwjS8Mw8=,v/dgQVa/MxoElU0Tn9m7fSt6N3k=
18,-111,yyNHz6yWakeszVMVWriDwjS8Mw8=,v/dgQVa/MxoElU0Tn9m7fSt6N3k=
21,-107,yyNHz6yWakeszVMVWriDwjS8Mw8=,v/dgQVa/MxoElU0Tn9m7fSt6N3k=
17,-110,yyNHz6yWakeszVMVWriDwjS8Mw8=,v/dgQVa/MxoElU0Tn9m7fSt6N3k=
22,-107,yyNHz6yWakeszVMVWriDwjS8Mw8=,v/dgQVa/MxoElU0Tn9m7fSt6N3k=
16,-99,yyNHz6yWakeszVMVWriDwjS8Mw8=,v/dgQVa/MxoElU0Tn9m7fSt6N3k=
23,-107,yyNHz6yWakeszVMVWriDwjS8Mw8=,v/dgQVa/MxoElU0Tn9m7fSt6N3k=
31,-100,yyNHz6yWakeszVMVWriDwjS8Mw8=,v/dgQVa/MxoElU0Tn9m7fSt6N3k=
24,-107,yyNHz6yWakeszVMVWriDwjS8Mw8=,v/dgQVa/MxoElU0Tn9m7fSt6N3k=
30,-100,yyNHz6yWakeszVMVWriDwjS8Mw8=,v/dgQVa/MxoElU0Tn9m7fSt6N3k=
25,-107,yyNHz6yWakeszVMVWriDwjS8Mw8=,v/dgQVa/MxoElU0Tn9m7fSt6N3k=
29,-100,yyNHz6yWakeszVMVWriDwjS8Mw8=,v/dgQVa/MxoElU0Tn9m7fSt6N3k=
26,-107,yyNHz6yWakeszVMVWriDwjS8Mw8=,v/dgQVa/MxoElU0Tn9m7fSt6N3k=
28,-100,yyNHz6yWakeszVMVWriDwjS8Mw8=,v/dgQVa/MxoElU0Tn9m7fSt6N3k=
27,-107,yyNHz6yWakeszVMVWriDwjS8Mw8=,v/dgQVa/MxoElU0Tn9m7fSt6N3k=
27,-100,yyNHz6yWakeszVMVWriDwjS8Mw8=,v/dgQVa/MxoElU0Tn9m7fSt6N3k=
26,-100,yyNHz6yWakeszVMVWriDwjS8Mw8=,v/dgQVa/MxoElU0Tn9m7fSt6N3k=
25,-100,yyNHz6yWakeszVMVWriDwjS8Mw8=,v/dgQVa/MxoElU0Tn9m7fSt6N3k=
28,-107,yyNHz6yWakeszVMVWriDwjS8Mw8=,v/dgQVa/MxoElU0Tn9m7fSt6N3k=
29,-107,yyNHz6yWakeszVMVWriDwjS8Mw8=,v/dgQVa/MxoElU0Tn9m7fSt6N3k=
24,-100,yyNHz6yWakeszVMVWriDwjS8Mw8=,v/dgQVa/MxoElU0Tn9m7fSt6N3k=
30,-107,yyNHz6yWakeszVMVWriDwjS8Mw8=,v/dgQVa/MxoElU0Tn9m7fSt6N3k=
23,-100,yyNHz6yWakeszVMVWriDwjS8Mw8=,v/dgQVa/MxoElU0Tn9m7fSt6N3k=
31,-107,yyNHz6yWakeszVMVWriDwjS8Mw8=,v/dgQVa/MxoElU0Tn9m7fSt6N3k=
22,-100,yyNHz6yWakeszVMVWriDwjS8Mw8=,v/dgQVa/MxoElU0Tn9m7fSt6N3k=
21,-100,yyNHz6yWakeszVMVWriDwjS8Mw8=,v/dgQVa/MxoElU0Tn9m7fSt6N3k=
24,-111,yyNHz6yWakeszVMVWriDwjS8Mw8=,v/dgQVa/MxoElU0Tn9m7fSt6N3k=
20,-100,yyNHz6yWakeszVMVWriDwjS8Mw8=,v/dgQVa/MxoElU0Tn9m7fSt6N3k=
24,-112,yyNHz6yWakeszVMVWriDwjS8Mw8=,v/dgQVa/MxoElU0Tn9m7fSt6N3k=
19,-100,yyNHz6yWakeszVMVWriDwjS8Mw8=,v/dgQVa/MxoElU0Tn9m7fSt6N3k=
16,-106,yyNHz6yWakeszVMVWriDwjS8Mw8=,v/dgQVa/MxoElU0Tn9m7fSt6N3k=
25,-110,yyNHz6yWakeszVMVWriDwjS8Mw8=,v/dgQVa/MxoElU0Tn9m7fSt6N3k=
18,-100,yyNHz6yWakeszVMVWriDwjS8Mw8=,v/dgQVa/MxoElU0Tn9m7fSt6N3k=
17,-106,yyNHz6yWakeszVMVWriDwjS8Mw8=,v/dgQVa/MxoElU0Tn9m7fSt6N3k=
17,-100,yyNHz6yWakeszVMVWriDwjS8Mw8=,v/dgQVa/MxoElU0Tn9m7fSt6N3k=
18,-106,yyNHz6yWakeszVMVWriDwjS8Mw8=,v/dgQVa/MxoElU0Tn9m7fSt6N3k=
16,-100,yyNHz6yWakeszVMVWriDwjS8Mw8=,v/dgQVa/MxoElU0Tn9m7fSt6N3k=
17,-111,yyNHz6yWakeszVMVWriDwjS8Mw8=,v/dgQVa/MxoElU0Tn9m7fSt6N3k=
19,-106,yyNHz6yWakeszVMVWriDwjS8Mw8=,v/dgQVa/MxoElU0Tn9m7fSt6N3k=
16,-111,yyNHz6yWakeszVMVWriDwjS8Mw8=,v/dgQVa/MxoElU0Tn9m7fSt6N3k=
20,-106,yyNHz6yWakeszVMVWriDwjS8Mw8=,v/dgQVa/MxoElU0Tn9m7fSt6N3k=
21,-106,yyNHz6yWakeszVMVWriDwjS8Mw8=,v/dgQVa/MxoElU0Tn9m7fSt6N3k=
18,-112,yyNHz6yWakeszVMVWriDwjS8Mw8=,v/dgQVa/MxoElU0Tn9m7fSt6N3k=
16,-109,yyNHz6yWakeszVMVWriDwjS8Mw8=,v/dgQVa/MxoElU0Tn9m7fSt6N3k=
22,-106,yyNHz6yWakeszVMVWriDwjS8Mw8=,v/dgQVa/MxoElU0Tn9m7fSt6N3k=
31,-110,yyNHz6yWakeszVMVWriDwjS8Mw8=,v/dgQVa/MxoElU0Tn9m7fSt6N3k=
23,-106,yyNHz6yWakeszVMVWriDwjS8Mw8=,v/dgQVa/MxoElU0Tn9m7fSt6N3k=
31,-112,yyNHz6yWakeszVMVWriDwjS8Mw8=,v/dgQVa/MxoElU0Tn9m7fSt6N3k=
24,-106,yyNHz6yWakeszVMVWriDwjS8Mw8=,v/dgQVa/MxoElU0Tn9m7fSt6N3k=
16,-110,yyNHz6yWakeszVMVWriDwjS8Mw8=,v/dgQVa/MxoElU0Tn9m7fSt6N3k=
25,-106,yyNHz6yWakeszVMVWriDwjS8Mw8=,v/dgQVa/MxoElU0Tn9m7fSt6N3k=
30,-112,yyNHz6yWakeszVMVWriDwjS8Mw8=,v/dgQVa/MxoElU0Tn9m7fSt6N3k=
26,-106,yyNHz6yWakeszVMVWriDwjS8Mw8=,v/dgQVa/MxoElU0Tn9m7fSt6N3k=
31,-111,yyNHz6yWakeszVMVWriDwjS8Mw8=,v/dgQVa/MxoElU0Tn9m7fSt6N3k=
27,-106,yyNHz6yWakeszVMVWriDwjS8Mw8=,v/dgQVa/MxoElU0Tn9m7fSt6N3k=
30,-111,yyNHz6yWakeszVMVWriDwjS8Mw8=,v/dgQVa/MxoElU0Tn9m7fSt6N3k=
31,-101,yyNHz6yWakeszVMVWriDwjS8Mw8=,v/dgQVa/MxoElU0Tn9m7fSt6N3k=
28,-106,yyNHz6yWakeszVMVWriDwjS8Mw8=,v/dgQVa/MxoElU0Tn9m7fSt6N3k=
30,-101,yyNHz6yWakeszVMVWriDwjS8Mw8=,v/dgQVa/MxoElU0Tn9m7fSt6N3k=
29,-106,yyNHz6yWakeszVMVWriDwjS8Mw8=,v/dgQVa/MxoElU0Tn9m7fSt6N3k=
29,-101,yyNHz6yWakeszVMVWriDwjS8Mw8=,v/dgQVa/MxoElU0Tn9m7fSt6N3k=
30,-106,yyNHz6yWakeszVMVWriDwjS8Mw8=,v/dgQVa/MxoElU0Tn9m7fSt6N3k=
28,-101,yyNHz6yWakeszVMVWriDwjS8Mw8=,v/dgQVa/MxoElU0Tn9m7fSt6N3k=
31,-106,yyNHz6yWakeszVMVWriDwjS8Mw8=,v/dgQVa/MxoElU0Tn9m7fSt6N3k=
27,-101,yyNHz6yWakeszVMVWriDwjS8Mw8=,v/dgQVa/MxoElU0Tn9m7fSt6N3k=
25,-111,yyNHz6yWakeszVMVWriDwjS8Mw8=,v/dgQVa/MxoElU0Tn9m7fSt6N3k=
26,-101,yyNHz6yWakeszVMVWriDwjS8Mw8=,v/dgQVa/MxoElU0Tn9m7fSt6N3k=
25,-101,yyNHz6yWakeszVMVWriDwjS8Mw8=,v/dgQVa/MxoElU0Tn9m7fSt6N3k=
16,-105,yyNHz6yWakeszVMVWriDwjS8Mw8=,v/dgQVa/MxoElU0Tn9m7fSt6N3k=
24,-101,yyNHz6yWakeszVMVWriDwjS8Mw8=,v/dgQVa/MxoElU0Tn9m7fSt6N3k=
26,-110,yyNHz6yWakeszVMVWriDwjS8Mw8=,v/dgQVa/MxoElU0Tn9m7fSt6N3k=
23,-101,yyNHz6yWakeszVMVWriDwjS8Mw8=,v/dgQVa/MxoElU0Tn9m7fSt6N3k=
25,-112,yyNHz6yWakeszVMVWriDwjS8Mw8=,v/dgQVa/MxoElU0Tn9m7fSt6N3k=
22,-101,yyNHz6yWakeszVMVWriDwjS8Mw8=,v/dgQVa/MxoElU0Tn9m7fSt6N3k=
17,-105,yyNHz6yWakeszVMVWriDwjS8Mw8=,v/dgQVa/MxoElU0Tn9m7fSt6N3k=
21,-101,yyNHz6yWakeszVMVWriDwjS8Mw8=,v/dgQVa/MxoElU0Tn9m7fSt6N3k=
18,-105,yyNHz6yWakeszVMVWriDwjS8Mw8=,v/dgQVa/MxoElU0Tn9m7fSt6N3k=
20,-101,yyNHz6yWakeszVMVWriDwjS8Mw8=,v/dgQVa/MxoElU0Tn9m7fSt6N3k=
19,-105,yyNHz6yWakeszVMVWriDwjS8Mw8=,v/dgQVa/MxoElU0Tn9m7fSt6N3k=
18,-101,yyNHz6yWakeszVMVWriDwjS8Mw8=,v/dgQVa/MxoElU0Tn9m7fSt6N3k=
19,-101,yyNHz6yWakeszVMVWriDwjS8Mw8=,v/dgQVa/MxoElU0Tn9m7fSt6N3k=
20,-105,yyNHz6yWakeszVMVWriDwjS8Mw8=,v/dgQVa/MxoElU0Tn9m7fSt6N3k=
17,-101,yyNHz6yWakeszVMVWriDwjS8Mw8=,v/dgQVa/MxoElU0Tn9m7fSt6N3k=
21,-105,yyNHz6yWakeszVMVWriDwjS8Mw8=,v/dgQVa/MxoElU0Tn9m7fSt6N3k=
30,-110,yyNHz6yWakeszVMVWriDwjS8Mw8=,v/dgQVa/MxoElU0Tn9m7fSt6N3k=
22,-105,yyNHz6yWakeszVMVWriDwjS8Mw8=,v/dgQVa/MxoElU0Tn9m7fSt6N3k=
16,-101,yyNHz6yWakeszVMVWriDwjS8Mw8=,v/dgQVa/MxoElU0Tn9m7fSt6N3k=
23,-105,yyNHz6yWakeszVMVWriDwjS8Mw8=,v/dgQVa/MxoElU0Tn9m7fSt6N3k=
29,-112,yyNHz6yWakeszVMVWriDwjS8Mw8=,v/dgQVa/MxoElU0Tn9m7fSt6N3k=
24,-105,yyNHz6yWakeszVMVWriDwjS8Mw8=,v/dgQVa/MxoElU0Tn9m7fSt6N3k=
31,-102,yyNHz6yWakeszVMVWriDwjS8Mw8=,v/dgQVa/MxoElU0Tn9m7fSt6N3k=
25,-105,yyNHz6yWakeszVMVWriDwjS8Mw8=,v/dgQVa/MxoElU0Tn9m7fSt6N3k=
29,-111,yyNHz6yWakeszVMVWriDwjS8Mw8=,v/dgQVa/MxoElU0Tn9m7fSt6N3k=
26,-105,yyNHz6yWakeszVMVWriDwjS8Mw8=,v/dgQVa/MxoElU0Tn9m7fSt6N3k=
30,-102,yyNHz6yWakeszVMVWriDwjS8Mw8=,v/dgQVa/MxoElU0Tn9m7fSt6N3k=
29,-102,yyNHz6yWakeszVMVWriDwjS8Mw8=,v/dgQVa/MxoElU0Tn9m7fSt6N3k=
27,-105,yyNHz6yWakeszVMVWriDwjS8Mw8=,v/dgQVa/MxoElU0Tn9m7fSt6N3k=
28,-105,yyNHz6yWakeszVMVWriDwjS8Mw8=,v/dgQVa/MxoElU0Tn9m7fSt6N3k=
28,-102,yyNHz6yWakeszVMVWriDwjS8Mw8=,v/dgQVa/MxoElU0Tn9m7fSt6N3k=
27,-102,yyNHz6yWakeszVMVWriDwjS8Mw8=,v/dgQVa/MxoElU0Tn9m7fSt6N3k=
29,-105,yyNHz6yWakeszVMVWriDwjS8Mw8=,v/dgQVa/MxoElU0Tn9m7fSt6N3k=
26,-102,yyNHz6yWakeszVMVWriDwjS8Mw8=,v/dgQVa/MxoElU0Tn9m7fSt6N3k=
30,-105,yyNHz6yWakeszVMVWriDwjS8Mw8=,v/dgQVa/MxoElU0Tn9m7fSt6N3k=
25,-102,yyNHz6yWakeszVMVWriDwjS8Mw8=,v/dgQVa/MxoElU0Tn9m7fSt6N3k=
31,-105,yyNHz6yWakeszVMVWriDwjS8Mw8=,v/dgQVa/MxoElU0Tn9m7fSt6N3k=
24,-102,yyNHz6yWakeszVMVWriDwjS8Mw8=,v/dgQVa/MxoElU0Tn9m7fSt6N3k=
26,-111,yyNHz6yWakeszVMVWriDwjS8Mw8=,v/dgQVa/MxoElU0Tn9m7fSt6N3k=
23,-102,yyNHz6yWakeszVMVWriDwjS8Mw8=,v/dgQVa/MxoElU0Tn9m7fSt6N3k=
22,-102,yyNHz6yWakeszVMVWriDwjS8Mw8=,v/dgQVa/MxoElU0Tn9m7fSt6N3k=
16,-104,yyNHz6yWakeszVMVWriDwjS8Mw8=,v/dgQVa/MxoElU0Tn9m7fSt6N3k=
27,-110,yyNHz6yWakeszVMVWriDwjS8Mw8=,v/dgQVa/MxoElU0Tn9m7fSt6N3k=
21,-102,yyNHz6yWakeszVMVWriDwjS8Mw8=,v/dgQVa/MxoElU0Tn9m7fSt6N3k=
20,-102,yyNHz6yWakeszVMVWriDwjS8Mw8=,v/dgQVa/MxoElU0Tn9m7fSt6N3k=
26,-112,yyNHz6yWakeszVMVWriDwjS8Mw8=,v/dgQVa/MxoElU0Tn9m7fSt6N3k=
19,-102,yyNHz6yWakeszVMVWriDwjS8Mw8=,v/dgQVa/MxoElU0Tn9m7fSt6N3k=
17,-104,yyNHz6yWakeszVMVWriDwjS8Mw8=,v/dgQVa/MxoElU0Tn9m7fSt6N3k=
18,-102,yyNHz6yWakeszVMVWriDwjS8Mw8=,v/dgQVa/MxoElU0Tn9m7fSt6N3k=
18,-104,yyNHz6yWakeszVMVWriDwjS8Mw8=,v/dgQVa/MxoElU0Tn9m7fSt6N3k=
17,-102,yyNHz6yWakeszVMVWriDwjS8Mw8=,v/dgQVa/MxoElU0Tn9m7fSt6N3k=
19,-104,yyNHz6yWakeszVMVWriDwjS8Mw8=,v/dgQVa/MxoElU0Tn9m7fSt6N3k=
28,-112,yyNHz6yWakeszVMVWriDwjS8Mw8=,v/dgQVa/MxoElU0Tn9m7fSt6N3k=
20,-104,yyNHz6yWakeszVMVWriDwjS8Mw8=,v/dgQVa/MxoElU0Tn9m7fSt6N3k=
29,-110,yyNHz6yWakeszVMVWriDwjS8Mw8=,v/dgQVa/MxoElU0Tn9m7fSt6N3k=
16,-102,yyNHz6yWakeszVMVWriDwjS8Mw8=,v/dgQVa/MxoElU0Tn9m7fSt6N3k=
21,-104,yyNHz6yWakeszVMVWriDwjS8Mw8=,v/dgQVa/MxoElU0Tn9m7fSt6N3k=
28,-111,yyNHz6yWakeszVMVWriDwjS8Mw8=,v/dgQVa/MxoElU0Tn9m7fSt6N3k=
22,-104,yyNHz6yWakeszVMVWriDwjS8Mw8=,v/dgQVa/MxoElU0Tn9m7fSt6N3k=
31,-103,yyNHz6yWakeszVMVWriDwjS8Mw8=,v/dgQVa/MxoElU0Tn9m7fSt6N3k=
23,-104,yyNHz6yWakeszVMVWriDwjS8Mw8=,v/dgQVa/MxoElU0Tn9m7fSt6N3k=
30,-103,yyNHz6yWakeszVMVWriDwjS8Mw8=,v/dgQVa/MxoElU0Tn9m7fSt6N3k=
24,-104,yyNHz6yWakeszVMVWriDwjS8Mw8=,v/dgQVa/MxoElU0Tn9m7fSt6N3k=
29,-103,yyNHz6yWakeszVMVWriDwjS8Mw8=,v/dgQVa/MxoElU0Tn9m7fSt6N3k=
25,-104,yyNHz6yWakeszVMVWriDwjS8Mw8=,v/dgQVa/MxoElU0Tn9m7fSt6N3k=
28,-103,yyNHz6yWakeszVMVWriDwjS8Mw8=,v/dgQVa/MxoElU0Tn9m7fSt6N3k=
26,-104,yyNHz6yWakeszVMVWriDwjS8Mw8=,v/dgQVa/MxoElU0Tn9m7fSt6N3k=
27,-103,yyNHz6yWakeszVMVWriDwjS8Mw8=,v/dgQVa/MxoElU0Tn9m7fSt6N3k=
26,-103,yyNHz6yWakeszVMVWriDwjS8Mw8=,v/dgQVa/MxoElU0Tn9m7fSt6N3k=
27,-104,yyNHz6yWakeszVMVWriDwjS8Mw8=,v/dgQVa/MxoElU0Tn9m7fSt6N3k=
25,-103,yyNHz6yWakeszVMVWriDwjS8Mw8=,v/dgQVa/MxoElU0Tn9m7fSt6N3k=
28,-104,yyNHz6yWakeszVMVWriDwjS8Mw8=,v/dgQVa/MxoElU0Tn9m7fSt6N3k=
24,-103,yyNHz6yWakeszVMVWriDwjS8Mw8=,v/dgQVa/MxoElU0Tn9m7fSt6N3k=
29,-104,yyNHz6yWakeszVMVWriDwjS8Mw8=,v/dgQVa/MxoElU0Tn9m7fSt6N3k=
23,-103,yyNHz6yWakeszVMVWriDwjS8Mw8=,v/dgQVa/MxoElU0Tn9m7fSt6N3k=
30,-104,yyNHz6yWakeszVMVWriDwjS8Mw8=,v/dgQVa/MxoElU0Tn9m7fSt6N3k=
22,-103,yyNHz6yWakeszVMVWriDwjS8Mw8=,v/dgQVa/MxoElU0Tn9m7fSt6N3k=
31,-104,yyNHz6yWakeszVMVWriDwjS8Mw8=,v/dgQVa/MxoElU0Tn9m7fSt6N3k=
21,-103,yyNHz6yWakeszVMVWriDwjS8Mw8=,v/dgQVa/MxoElU0Tn9m7fSt6N3k=
20,-103,yyNHz6yWakeszVMVWriDwjS8Mw8=,v/dgQVa/MxoElU0Tn9m7fSt6N3k=
27,-111,yyNHz6yWakeszVMVWriDwjS8Mw8=,v/dgQVa/MxoElU0Tn9m7fSt6N3k=
19,-103,yyNHz6yWakeszVMVWriDwjS8Mw8=,v/dgQVa/MxoElU0Tn9m7fSt6N3k=
16,-103,yyNHz6yWakeszVMVWriDwjS8Mw8=,v/dgQVa/MxoElU0Tn9m7fSt6N3k=
18,-103,yyNHz6yWakeszVMVWriDwjS8Mw8=,v/dgQVa/MxoElU0Tn9m7fSt6N3k=
28,-110,yyNHz6yWakeszVMVWriDwjS8Mw8=,v/dgQVa/MxoElU0Tn9m7fSt6N3k=
17,-103,yyNHz6yWakeszVMVWriDwjS8Mw8=,v/dgQVa/MxoElU0Tn9m7fSt6N3k=
27,-112,yyNHz6yWakeszVMVWriDwjS8Mw8=,v/dgQVa/MxoElU0Tn9m7fSt6N3k=
19,-97,yyNHz6yWakeszVMVWriDwjS8Mw8=,v/dgQVa/MxoElU0Tn9m7fSt6N3k=
20,-99,yyNHz6yWakeszVMVWriDwjS8Mw8=,v/dgQVa/MxoElU0Tn9m7fSt6N3k=
20,-97,yyNHz6yWakeszVMVWriDwjS8Mw8=,v/dgQVa/MxoElU0Tn9m7fSt6N3k=
20,-98,yyNHz6yWakeszVMVWriDwjS8Mw8=,v/dgQVa/MxoElU0Tn9m7fSt6N3k=
21,-98,yyNHz6yWakeszVMVWriDwjS8Mw8=,v/dgQVa/MxoElU0Tn9m7fSt6N3k=
21,-97,yyNHz6yWakeszVMVWriDwjS8Mw8=,v/dgQVa/MxoElU0Tn9m7fSt6N3k=
5,-128,70+BjZcc523Z2QZ31iUkzDTMC3k=,jj2CJMsGmwdVtYNpZgzV1IXyFFQ=
6,-125,70+BjZcc523Z2QZ31iUkzDTMC3k=,jj2CJMsGmwdVtYNpZgzV1IXyFFQ=
7,-125,70+BjZcc523Z2QZ31iUkzDTMC3k=,jj2CJMsGmwdVtYNpZgzV1IXyFFQ=
6,-126,70+BjZcc523Z2QZ31iUkzDTMC3k=,jj2CJMsGmwdVtYNpZgzV1IXyFFQ=
5,-126,70+BjZcc523Z2QZ31iUkzDTMC3k=,jj2CJMsGmwdVtYNpZgzV1IXyFFQ=
8,-125,70+BjZcc523Z2QZ31iUkzDTMC3k=,jj2CJMsGmwdVtYNpZgzV1IXyFFQ=
9,-125,70+BjZcc523Z2QZ31iUkzDTMC3k=,jj2CJMsGmwdVtYNpZgzV1IXyFFQ=
3,-128,70+BjZcc523Z2QZ31iUkzDTMC3k=,jj2CJMsGmwdVtYNpZgzV1IXyFFQ=
10,-125,70+BjZcc523Z2QZ31iUkzDTMC3k=,jj2CJMsGmwdVtYNpZgzV1IXyFFQ=
11,-125,70+BjZcc523Z2QZ31iUkzDTMC3k=,jj2CJMsGmwdVtYNpZgzV1IXyFFQ=
4,-125,70+BjZcc523Z2QZ31iUkzDTMC3k=,jj2CJMsGmwdVtYNpZgzV1IXyFFQ=
12,-125,70+BjZcc523Z2QZ31iUkzDTMC3k=,jj2CJMsGmwdVtYNpZgzV1IXyFFQ=
13,-125,70+BjZcc523Z2QZ31iUkzDTMC3k=,jj2CJMsGmwdVtYNpZgzV1IXyFFQ=
3,-125,70+BjZcc523Z2QZ31iUkzDTMC3k=,jj2CJMsGmwdVtYNpZgzV1IXyFFQ=
5,-127,70+BjZcc523Z2QZ31iUkzDTMC3k=,jj2CJMsGmwdVtYNpZgzV1IXyFFQ=
4,-127,70+BjZcc523Z2QZ31iUkzDTMC3k=,jj2CJMsGmwdVtYNpZgzV1IXyFFQ=
2,-125,70+BjZcc523Z2QZ31iUkzDTMC3k=,jj2CJMsGmwdVtYNpZgzV1IXyFFQ=
4,-126,70+BjZcc523Z2QZ31iUkzDTMC3k=,jj2CJMsGmwdVtYNpZgzV1IXyFFQ=
5,-125,70+BjZcc523Z2QZ31iUkzDTMC3k=,jj2CJMsGmwdVtYNpZgzV1IXyFFQ=
14,-113,70+BjZcc523Z2QZ31iUkzDTMC3k=,jj2CJMsGmwdVtYNpZgzV1IXyFFQ=
13,-113,70+BjZcc523Z2QZ31iUkzDTMC3k=,jj2CJMsGmwdVtYNpZgzV1IXyFFQ=
12,-113,70+BjZcc523Z2QZ31iUkzDTMC3k=,jj2CJMsGmwdVtYNpZgzV1IXyFFQ=
11,-113,70+BjZcc523Z2QZ31iUkzDTMC3k=,jj2CJMsGmwdVtYNpZgzV1IXyFFQ=
10,-113,70+BjZcc523Z2QZ31iUkzDTMC3k=,jj2CJMsGmwdVtYNpZgzV1IXyFFQ=
15,-113,70+BjZcc523Z2QZ31iUkzDTMC3k=,jj2CJMsGmwdVtYNpZgzV1IXyFFQ=
9,-113,70+BjZcc523Z2QZ31iUkzDTMC3k=,jj2CJMsGmwdVtYNpZgzV1IXyFFQ=
8,-113,70+BjZcc523Z2QZ31iUkzDTMC3k=,jj2CJMsGmwdVtYNpZgzV1IXyFFQ=
7,-113,70+BjZcc523Z2QZ31iUkzDTMC3k=,jj2CJMsGmwdVtYNpZgzV1IXyFFQ=
6,-113,70+BjZcc523Z2QZ31iUkzDTMC3k=,jj2CJMsGmwdVtYNpZgzV1IXyFFQ=
5,-113,70+BjZcc523Z2QZ31iUkzDTMC3k=,jj2CJMsGmwdVtYNpZgzV1IXyFFQ=
4,-113,70+BjZcc523Z2QZ31iUkzDTMC3k=,jj2CJMsGmwdVtYNpZgzV1IXyFFQ=
2,-113,70+BjZcc523Z2QZ31iUkzDTMC3k=,jj2CJMsGmwdVtYNpZgzV1IXyFFQ=
1,-113,70+BjZcc523Z2QZ31iUkzDTMC3k=,jj2CJMsGmwdVtYNpZgzV1IXyFFQ=
3,-113,70+BjZcc523Z2QZ31iUkzDTMC3k=,jj2CJMsGmwdVtYNpZgzV1IXyFFQ=
4,-128,70+BjZcc523Z2QZ31iUkzDTMC3k=,jj2CJMsGmwdVtYNpZgzV1IXyFFQ=
0,-113,70+BjZcc523Z2QZ31iUkzDTMC3k=,jj2CJMsGmwdVtYNpZgzV1IXyFFQ=
3,-126,70+BjZcc523Z2QZ31iUkzDTMC3k=,jj2CJMsGmwdVtYNpZgzV1IXyFFQ=
15,-114,70+BjZcc523Z2QZ31iUkzDTMC3k=,jj2CJMsGmwdVtYNpZgzV1IXyFFQ=
1,-125,70+BjZcc523Z2QZ31iUkzDTMC3k=,jj2CJMsGmwdVtYNpZgzV1IXyFFQ=
14,-114,70+BjZcc523Z2QZ31iUkzDTMC3k=,jj2CJMsGmwdVtYNpZgzV1IXyFFQ=
13,-114,70+BjZcc523Z2QZ31iUkzDTMC3k=,jj2CJMsGmwdVtYNpZgzV1IXyFFQ=
12,-114,70+BjZcc523Z2QZ31iUkzDTMC3k=,jj2CJMsGmwdVtYNpZgzV1IXyFFQ=
11,-114,70+BjZcc523Z2QZ31iUkzDTMC3k=,jj2CJMsGmwdVtYNpZgzV1IXyFFQ=
10,-114,70+BjZcc523Z2QZ31iUkzDTMC3k=,jj2CJMsGmwdVtYNpZgzV1IXyFFQ=
7,-114,70+BjZcc523Z2QZ31iUkzDTMC3k=,jj2CJMsGmwdVtYNpZgzV1IXyFFQ=
8,-114,70+BjZcc523Z2QZ31iUkzDTMC3k=,jj2CJMsGmwdVtYNpZgzV1IXyFFQ=
9,-114,70+BjZcc523Z2QZ31iUkzDTMC3k=,jj2CJMsGmwdVtYNpZgzV1IXyFFQ=
6,-114,70+BjZcc523Z2QZ31iUkzDTMC3k=,jj2CJMsGmwdVtYNpZgzV1IXyFFQ=
3,-114,70+BjZcc523Z2QZ31iUkzDTMC3k=,jj2CJMsGmwdVtYNpZgzV1IXyFFQ=
4,-114,70+BjZcc523Z2QZ31iUkzDTMC3k=,jj2CJMsGmwdVtYNpZgzV1IXyFFQ=
2,-114,70+BjZcc523Z2QZ31iUkzDTMC3k=,jj2CJMsGmwdVtYNpZgzV1IXyFFQ=
5,-114,70+BjZcc523Z2QZ31iUkzDTMC3k=,jj2CJMsGmwdVtYNpZgzV1IXyFFQ=
1,-114,70+BjZcc523Z2QZ31iUkzDTMC3k=,jj2CJMsGmwdVtYNpZgzV1IXyFFQ=
15,-115,70+BjZcc523Z2QZ31iUkzDTMC3k=,jj2CJMsGmwdVtYNpZgzV1IXyFFQ=
0,-114,70+BjZcc523Z2QZ31iUkzDTMC3k=,jj2CJMsGmwdVtYNpZgzV1IXyFFQ=
3,-127,70+BjZcc523Z2QZ31iUkzDTMC3k=,jj2CJMsGmwdVtYNpZgzV1IXyFFQ=
2,-126,70+BjZcc523Z2QZ31iUkzDTMC3k=,jj2CJMsGmwdVtYNpZgzV1IXyFFQ=
14,-115,70+BjZcc523Z2QZ31iUkzDTMC3k=,jj2CJMsGmwdVtYNpZgzV1IXyFFQ=
12,-115,70+BjZcc523Z2QZ31iUkzDTMC3k=,jj2CJMsGmwdVtYNpZgzV1IXyFFQ=
11,-115,70+BjZcc523Z2QZ31iUkzDTMC3k=,jj2CJMsGmwdVtYNpZgzV1IXyFFQ=
13,-115,70+BjZcc523Z2QZ31iUkzDTMC3k=,jj2CJMsGmwdVtYNpZgzV1IXyFFQ=
10,-115,70+BjZcc523Z2QZ31iUkzDTMC3k=,jj2CJMsGmwdVtYNpZgzV1IXyFFQ=
6,-115,70+BjZcc523Z2QZ31iUkzDTMC3k=,jj2CJMsGmwdVtYNpZgzV1IXyFFQ=
7,-115,70+BjZcc523Z2QZ31iUkzDTMC3k=,jj2CJMsGmwdVtYNpZgzV1IXyFFQ=
8,-115,70+BjZcc523Z2QZ31iUkzDTMC3k=,jj2CJMsGmwdVtYNpZgzV1IXyFFQ=
9,-115,70+BjZcc523Z2QZ31iUkzDTMC3k=,jj2CJMsGmwdVtYNpZgzV1IXyFFQ=
4,-115,70+BjZcc523Z2QZ31iUkzDTMC3k=,jj2CJMsGmwdVtYNpZgzV1IXyFFQ=
5,-115,70+BjZcc523Z2QZ31iUkzDTMC3k=,jj2CJMsGmwdVtYNpZgzV1IXyFFQ=
3,-115,70+BjZcc523Z2QZ31iUkzDTMC3k=,jj2CJMsGmwdVtYNpZgzV1IXyFFQ=
2,-115,70+BjZcc523Z2QZ31iUkzDTMC3k=,jj2CJMsGmwdVtYNpZgzV1IXyFFQ=
1,-115,70+BjZcc523Z2QZ31iUkzDTMC3k=,jj2CJMsGmwdVtYNpZgzV1IXyFFQ=
15,-116,70+BjZcc523Z2QZ31iUkzDTMC3k=,jj2CJMsGmwdVtYNpZgzV1IXyFFQ=
0,-115,70+BjZcc523Z2QZ31iUkzDTMC3k=,jj2CJMsGmwdVtYNpZgzV1IXyFFQ=
2,-127,70+BjZcc523Z2QZ31iUkzDTMC3k=,jj2CJMsGmwdVtYNpZgzV1IXyFFQ=
1,-126,70+BjZcc523Z2QZ31iUkzDTMC3k=,jj2CJMsGmwdVtYNpZgzV1IXyFFQ=
14,-116,70+BjZcc523Z2QZ31iUkzDTMC3k=,jj2CJMsGmwdVtYNpZgzV1IXyFFQ=
12,-116,70+BjZcc523Z2QZ31iUkzDTMC3k=,jj2CJMsGmwdVtYNpZgzV1IXyFFQ=
9,-116,70+BjZcc523Z2QZ31iUkzDTMC3k=,jj2CJMsGmwdVtYNpZgzV1IXyFFQ=
11,-116,70+BjZcc523Z2QZ31iUkzDTMC3k=,jj2CJMsGmwdVtYNpZgzV1IXyFFQ=
8,-116,70+BjZcc523Z2QZ31iUkzDTMC3k=,jj2CJMsGmwdVtYNpZgzV1IXyFFQ=
10,-116,70+BjZcc523Z2QZ31iUkzDTMC3k=,jj2CJMsGmwdVtYNpZgzV1IXyFFQ=
13,-116,70+BjZcc523Z2QZ31iUkzDTMC3k=,jj2CJMsGmwdVtYNpZgzV1IXyFFQ=
7,-116,70+BjZcc523Z2QZ31iUkzDTMC3k=,jj2CJMsGmwdVtYNpZgzV1IXyFFQ=
6,-116,70+BjZcc523Z2QZ31iUkzDTMC3k=,jj2CJMsGmwdVtYNpZgzV1IXyFFQ=
5,-116,70+BjZcc523Z2QZ31iUkzDTMC3k=,jj2CJMsGmwdVtYNpZgzV1IXyFFQ=
4,-116,70+BjZcc523Z2QZ31iUkzDTMC3k=,jj2CJMsGmwdVtYNpZgzV1IXyFFQ=
3,-116,70+BjZcc523Z2QZ31iUkzDTMC3k=,jj2CJMsGmwdVtYNpZgzV1IXyFFQ=
2,-116,70+BjZcc523Z2QZ31iUkzDTMC3k=,jj2CJMsGmwdVtYNpZgzV1IXyFFQ=
0,-116,70+BjZcc523Z2QZ31iUkzDTMC3k=,jj2CJMsGmwdVtYNpZgzV1IXyFFQ=
1,-116,70+BjZcc523Z2QZ31iUkzDTMC3k=,jj2CJMsGmwdVtYNpZgzV1IXyFFQ=
0,-125,70+BjZcc523Z2QZ31iUkzDTMC3k=,jj2CJMsGmwdVtYNpZgzV1IXyFFQ=
15,-128,70+BjZcc523Z2QZ31iUkzDTMC3k=,jj2CJMsGmwdVtYNpZgzV1IXyFFQ=
0,-126,70+BjZcc523Z2QZ31iUkzDTMC3k=,jj2CJMsGmwdVtYNpZgzV1IXyFFQ=
2,-128,70+BjZcc523Z2QZ31iUkzDTMC3k=,jj2CJMsGmwdVtYNpZgzV1IXyFFQ=
14,-128,70+BjZcc523Z2QZ31iUkzDTMC3k=,jj2CJMsGmwdVtYNpZgzV1IXyFFQ=
15,-126,70+BjZcc523Z2QZ31iUkzDTMC3k=,jj2CJMsGmwdVtYNpZgzV1IXyFFQ=
15,-117,70+BjZcc523Z2QZ31iUkzDTMC3k=,jj2CJMsGmwdVtYNpZgzV1IXyFFQ=
15,-127,70+BjZcc523Z2QZ31iUkzDTMC3k=,jj2CJMsGmwdVtYNpZgzV1IXyFFQ=
14,-127,70+BjZcc523Z2QZ31iUkzDTMC3k=,jj2CJMsGmwdVtYNpZgzV1IXyFFQ=
14,-117,70+BjZcc523Z2QZ31iUkzDTMC3k=,jj2CJMsGmwdVtYNpZgzV1IXyFFQ=
13,-117,70+BjZcc523Z2QZ31iUkzDTMC3k=,jj2CJMsGmwdVtYNpZgzV1IXyFFQ=
12,-117,70+BjZcc523Z2QZ31iUkzDTMC3k=,jj2CJMsGmwdVtYNpZgzV1IXyFFQ=
11,-117,70+BjZcc523Z2QZ31iUkzDTMC3k=,jj2CJMsGmwdVtYNpZgzV1IXyFFQ=
10,-117,70+BjZcc523Z2QZ31iUkzDTMC3k=,jj2CJMsGmwdVtYNpZgzV1IXyFFQ=
8,-117,70+BjZcc523Z2QZ31iUkzDTMC3k=,jj2CJMsGmwdVtYNpZgzV1IXyFFQ=
7,-117,70+BjZcc523Z2QZ31iUkzDTMC3k=,jj2CJMsGmwdVtYNpZgzV1IXyFFQ=
6,-117,70+BjZcc523Z2QZ31iUkzDTMC3k=,jj2CJMsGmwdVtYNpZgzV1IXyFFQ=
4,-117,70+BjZcc523Z2QZ31iUkzDTMC3k=,jj2CJMsGmwdVtYNpZgzV1IXyFFQ=
5,-117,70+BjZcc523Z2QZ31iUkzDTMC3k=,jj2CJMsGmwdVtYNpZgzV1IXyFFQ=
3,-117,70+BjZcc523Z2QZ31iUkzDTMC3k=,jj2CJMsGmwdVtYNpZgzV1IXyFFQ=
9,-117,70+BjZcc523Z2QZ31iUkzDTMC3k=,jj2CJMsGmwdVtYNpZgzV1IXyFFQ=
2,-117,70+BjZcc523Z2QZ31iUkzDTMC3k=,jj2CJMsGmwdVtYNpZgzV1IXyFFQ=
0,-117,70+BjZcc523Z2QZ31iUkzDTMC3k=,jj2CJMsGmwdVtYNpZgzV1IXyFFQ=
13,-128,70+BjZcc523Z2QZ31iUkzDTMC3k=,jj2CJMsGmwdVtYNpZgzV1IXyFFQ=
14,-126,70+BjZcc523Z2QZ31iUkzDTMC3k=,jj2CJMsGmwdVtYNpZgzV1IXyFFQ=
13,-127,70+BjZcc523Z2QZ31iUkzDTMC3k=,jj2CJMsGmwdVtYNpZgzV1IXyFFQ=
14,-118,70+BjZcc523Z2QZ31iUkzDTMC3k=,jj2CJMsGmwdVtYNpZgzV1IXyFFQ=
13,-118,70+BjZcc523Z2QZ31iUkzDTMC3k=,jj2CJMsGmwdVtYNpZgzV1IXyFFQ=
12,-118,70+BjZcc523Z2QZ31iUkzDTMC3k=,jj2CJMsGmwdVtYNpZgzV1IXyFFQ=
11,-118,70+BjZcc523Z2QZ31iUkzDTMC3k=,jj2CJMsGmwdVtYNpZgzV1IXyFFQ=
10,-118,70+BjZcc523Z2QZ31iUkzDTMC3k=,jj2CJMsGmwdVtYNpZgzV1IXyFFQ=
9,-118,70+BjZcc523Z2QZ31iUkzDTMC3k=,jj2CJMsGmwdVtYNpZgzV1IXyFFQ=
8,-118,70+BjZcc523Z2QZ31iUkzDTMC3k=,jj2CJMsGmwdVtYNpZgzV1IXyFFQ=
7,-118,70+BjZcc523Z2QZ31iUkzDTMC3k=,jj2CJMsGmwdVtYNpZgzV1IXyFFQ=
6,-118,70+BjZcc523Z2QZ31iUkzDTMC3k=,jj2CJMsGmwdVtYNpZgzV1IXyFFQ=
5,-118,70+BjZcc523Z2QZ31iUkzDTMC3k=,jj2CJMsGmwdVtYNpZgzV1IXyFFQ=
4,-118,70+BjZcc523Z2QZ31iUkzDTMC3k=,jj2CJMsGmwdVtYNpZgzV1IXyFFQ=
3,-118,70+BjZcc523Z2QZ31iUkzDTMC3k=,jj2CJMsGmwdVtYNpZgzV1IXyFFQ=
15,-118,70+BjZcc523Z2QZ31iUkzDTMC3k=,jj2CJMsGmwdVtYNpZgzV1IXyFFQ=
2,-118,70+BjZcc523Z2QZ31iUkzDTMC3k=,jj2CJMsGmwdVtYNpZgzV1IXyFFQ=
13,-126,70+BjZcc523Z2QZ31iUkzDTMC3k=,jj2CJMsGmwdVtYNpZgzV1IXyFFQ=
0,-118,70+BjZcc523Z2QZ31iUkzDTMC3k=,jj2CJMsGmwdVtYNpZgzV1IXyFFQ=
12,-128,70+BjZcc523Z2QZ31iUkzDTMC3k=,jj2CJMsGmwdVtYNpZgzV1IXyFFQ=
15,-119,70+BjZcc523Z2QZ31iUkzDTMC3k=,jj2CJMsGmwdVtYNpZgzV1IXyFFQ=
12,-127,70+BjZcc523Z2QZ31iUkzDTMC3k=,jj2CJMsGmwdVtYNpZgzV1IXyFFQ=
14,-119,70+BjZcc523Z2QZ31iUkzDTMC3k=,jj2CJMsGmwdVtYNpZgzV1IXyFFQ=
13,-119,70+BjZcc523Z2QZ31iUkzDTMC3k=,jj2CJMsGmwdVtYNpZgzV1IXyFFQ=
12,-119,70+BjZcc523Z2QZ31iUkzDTMC3k=,jj2CJMsGmwdVtYNpZgzV1IXyFFQ=
11,-119,70+BjZcc523Z2QZ31iUkzDTMC3k=,jj2CJMsGmwdVtYNpZgzV1IXyFFQ=
10,-119,70+BjZcc523Z2QZ31iUkzDTMC3k=,jj2CJMsGmwdVtYNpZgzV1IXyFFQ=
9,-119,70+BjZcc523Z2QZ31iUkzDTMC3k=,jj2CJMsGmwdVtYNpZgzV1IXyFFQ=
7,-119,70+BjZcc523Z2QZ31iUkzDTMC3k=,jj2CJMsGmwdVtYNpZgzV1IXyFFQ=
8,-119,70+BjZcc523Z2QZ31iUkzDTMC3k=,jj2CJMsGmwdVtYNpZgzV1IXyFFQ=
6,-119,70+BjZcc523Z2QZ31iUkzDTMC3k=,jj2CJMsGmwdVtYNpZgzV1IXyFFQ=
5,-119,70+BjZcc523Z2QZ31iUkzDTMC3k=,jj2CJMsGmwdVtYNpZgzV1IXyFFQ=
4,-119,70+BjZcc523Z2QZ31iUkzDTMC3k=,jj2CJMsGmwdVtYNpZgzV1IXyFFQ=
3,-119,70+BjZcc523Z2QZ31iUkzDTMC3k=,jj2CJMsGmwdVtYNpZgzV1IXyFFQ=
2,-119,70+BjZcc523Z2QZ31iUkzDTMC3k=,jj2CJMsGmwdVtYNpZgzV1IXyFFQ=
1,-119,70+BjZcc523Z2QZ31iUkzDTMC3k=,jj2CJMsGmwdVtYNpZgzV1IXyFFQ=
12,-126,70+BjZcc523Z2QZ31iUkzDTMC3k=,jj2CJMsGmwdVtYNpZgzV1IXyFFQ=
0,-119,70+BjZcc523Z2QZ31iUkzDTMC3k=,jj2CJMsGmwdVtYNpZgzV1IXyFFQ=
11,-128,70+BjZcc523Z2QZ31iUkzDTMC3k=,jj2CJMsGmwdVtYNpZgzV1IXyFFQ=
15,-120,70+BjZcc523Z2QZ31iUkzDTMC3k=,jj2CJMsGmwdVtYNpZgzV1IXyFFQ=
11,-127,70+BjZcc523Z2QZ31iUkzDTMC3k=,jj2CJMsGmwdVtYNpZgzV1IXyFFQ=
14,-120,70+BjZcc523Z2QZ31iUkzDTMC3k=,jj2CJMsGmwdVtYNpZgzV1IXyFFQ=
13,-120,70+BjZcc523Z2QZ31iUkzDTMC3k=,jj2CJMsGmwdVtYNpZgzV1IXyFFQ=
12,-120,70+BjZcc523Z2QZ31iUkzDTMC3k=,jj2CJMsGmwdVtYNpZgzV1IXyFFQ=
11,-120,70+BjZcc523Z2QZ31iUkzDTMC3k=,jj2CJMsGmwdVtYNpZgzV1IXyFFQ=
10,-120,70+BjZcc523Z2QZ31iUkzDTMC3k=,jj2CJMsGmwdVtYNpZgzV1IXyFFQ=
9,-120,70+BjZcc523Z2QZ31iUkzDTMC3k=,jj2CJMsGmwdVtYNpZgzV1IXyFFQ=
8,-120,70+BjZcc523Z2QZ31iUkzDTMC3k=,jj2CJMsGmwdVtYNpZgzV1IXyFFQ=
7,-120,70+BjZcc523Z2QZ31iUkzDTMC3k=,jj2CJMsGmwdVtYNpZgzV1IXyFFQ=
6,-120,70+BjZcc523Z2QZ31iUkzDTMC3k=,jj2CJMsGmwdVtYNpZgzV1IXyFFQ=
5,-120,70+BjZcc523Z2QZ31iUkzDTMC3k=,jj2CJMsGmwdVtYNpZgzV1IXyFFQ=
4,-120,70+BjZcc523Z2QZ31iUkzDTMC3k=,jj2CJMsGmwdVtYNpZgzV1IXyFFQ=
3,-120,70+BjZcc523Z2QZ31iUkzDTMC3k=,jj2CJMsGmwdVtYNpZgzV1IXyFFQ=
2,-120,70+BjZcc523Z2QZ31iUkzDTMC3k=,jj2CJMsGmwdVtYNpZgzV1IXyFFQ=
1,-120,70+BjZcc523Z2QZ31iUkzDTMC3k=,jj2CJMsGmwdVtYNpZgzV1IXyFFQ=
11,-126,70+BjZcc523Z2QZ31iUkzDTMC3k=,jj2CJMsGmwdVtYNpZgzV1IXyFFQ=
0,-120,70+BjZcc523Z2QZ31iUkzDTMC3k=,jj2CJMsGmwdVtYNpZgzV1IXyFFQ=
10,-128,70+BjZcc523Z2QZ31iUkzDTMC3k=,jj2CJMsGmwdVtYNpZgzV1IXyFFQ=
15,-121,70+BjZcc523Z2QZ31iUkzDTMC3k=,jj2CJMsGmwdVtYNpZgzV1IXyFFQ=
10,-127,70+BjZcc523Z2QZ31iUkzDTMC3k=,jj2CJMsGmwdVtYNpZgzV1IXyFFQ=
14,-121,70+BjZcc523Z2QZ31iUkzDTMC3k=,jj2CJMsGmwdVtYNpZgzV1IXyFFQ=
13,-121,70+BjZcc523Z2QZ31iUkzDTMC3k=,jj2CJMsGmwdVtYNpZgzV1IXyFFQ=
12,-121,70+BjZcc523Z2QZ31iUkzDTMC3k=,jj2CJMsGmwdVtYNpZgzV1IXyFFQ=
11,-121,70+BjZcc523Z2QZ31iUkzDTMC3k=,jj2CJMsGmwdVtYNpZgzV1IXyFFQ=
10,-121,70+BjZcc523Z2QZ31iUkzDTMC3k=,jj2CJMsGmwdVtYNpZgzV1IXyFFQ=
9,-121,70+BjZcc523Z2QZ31iUkzDTMC3k=,jj2CJMsGmwdVtYNpZgzV1IXyFFQ=
8,-121,70+BjZcc523Z2QZ31iUkzDTMC3k=,jj2CJMsGmwdVtYNpZgzV1IXyFFQ=
7,-121,70+BjZcc523Z2QZ31iUkzDTMC3k=,jj2CJMsGmwdVtYNpZgzV1IXyFFQ=
6,-121,70+BjZcc523Z2QZ31iUkzDTMC3k=,jj2CJMsGmwdVtYNpZgzV1IXyFFQ=
5,-121,70+BjZcc523Z2QZ31iUkzDTMC3k=,jj2CJMsGmwdVtYNpZgzV1IXyFFQ=
4,-121,70+BjZcc523Z2QZ31iUkzDTMC3k=,jj2CJMsGmwdVtYNpZgzV1IXyFFQ=
3,-121,70+BjZcc523Z2QZ31iUkzDTMC3k=,jj2CJMsGmwdVtYNpZgzV1IXyFFQ=
2,-121,70+BjZcc523Z2QZ31iUkzDTMC3k=,jj2CJMsGmwdVtYNpZgzV1IXyFFQ=
1,-121,70+BjZcc523Z2QZ31iUkzDTMC3k=,jj2CJMsGmwdVtYNpZgzV1IXyFFQ=
10,-126,70+BjZcc523Z2QZ31iUkzDTMC3k=,jj2CJMsGmwdVtYNpZgzV1IXyFFQ=
0,-121,70+BjZcc523Z2QZ31iUkzDTMC3k=,jj2CJMsGmwdVtYNpZgzV1IXyFFQ=
9,-128,70+BjZcc523Z2QZ31iUkzDTMC3k=,jj2CJMsGmwdVtYNpZgzV1IXyFFQ=
15,-122,70+BjZcc523Z2QZ31iUkzDTMC3k=,jj2CJMsGmwdVtYNpZgzV1IXyFFQ=
14,-122,70+BjZcc523Z2QZ31iUkzDTMC3k=,jj2CJMsGmwdVtYNpZgzV1IXyFFQ=
9,-127,70+BjZcc523Z2QZ31iUkzDTMC3k=,jj2CJMsGmwdVtYNpZgzV1IXyFFQ=
13,-122,70+BjZcc523Z2QZ31iUkzDTMC3k=,jj2CJMsGmwdVtYNpZgzV1IXyFFQ=
12,-122,70+BjZcc523Z2QZ31iUkzDTMC3k=,jj2CJMsGmwdVtYNpZgzV1IXyFFQ=
11,-122,70+BjZcc523Z2QZ31iUkzDTMC3k=,jj2CJMsGmwdVtYNpZgzV1IXyFFQ=
10,-122,70+BjZcc523Z2QZ31iUkzDTMC3k=,jj2CJMsGmwdVtYNpZgzV1IXyFFQ=
9,-122,70+BjZcc523Z2QZ31iUkzDTMC3k=,jj2CJMsGmwdVtYNpZgzV1IXyFFQ=
7,-122,70+BjZcc523Z2QZ31iUkzDTMC3k=,jj2CJMsGmwdVtYNpZgzV1IXyFFQ=
8,-122,70+BjZcc523Z2QZ31iUkzDTMC3k=,jj2CJMsGmwdVtYNpZgzV1IXyFFQ=
6,-122,70+BjZcc523Z2QZ31iUkzDTMC3k=,jj2CJMsGmwdVtYNpZgzV1IXyFFQ=
5,-122,70+BjZcc523Z2QZ31iUkzDTMC3k=,jj2CJMsGmwdVtYNpZgzV1IXyFFQ=
4,-122,70+BjZcc523Z2QZ31iUkzDTMC3k=,jj2CJMsGmwdVtYNpZgzV1IXyFFQ=
3,-122,70+BjZcc523Z2QZ31iUkzDTMC3k=,jj2CJMsGmwdVtYNpZgzV1IXyFFQ=
2,-122,70+BjZcc523Z2QZ31iUkzDTMC3k=,jj2CJMsGmwdVtYNpZgzV1IXyFFQ=
0,-122,70+BjZcc523Z2QZ31iUkzDTMC3k=,jj2CJMsGmwdVtYNpZgzV1IXyFFQ=
1,-122,70+BjZcc523Z2QZ31iUkzDTMC3k=,jj2CJMsGmwdVtYNpZgzV1IXyFFQ=
8,-128,70+BjZcc523Z2QZ31iUkzDTMC3k=,jj2CJMsGmwdVtYNpZgzV1IXyFFQ=
9,-126,70+BjZcc523Z2QZ31iUkzDTMC3k=,jj2CJMsGmwdVtYNpZgzV1IXyFFQ=
15,-123,70+BjZcc523Z2QZ31iUkzDTMC3k=,jj2CJMsGmwdVtYNpZgzV1IXyFFQ=
8,-127,70+BjZcc523Z2QZ31iUkzDTMC3k=,jj2CJMsGmwdVtYNpZgzV1IXyFFQ=
14,-123,70+BjZcc523Z2QZ31iUkzDTMC3k=,jj2CJMsGmwdVtYNpZgzV1IXyFFQ=
13,-123,70+BjZcc523Z2QZ31iUkzDTMC3k=,jj2CJMsGmwdVtYNpZgzV1IXyFFQ=
12,-123,70+BjZcc523Z2QZ31iUkzDTMC3k=,jj2CJMsGmwdVtYNpZgzV1IXyFFQ=
10,-123,70+BjZcc523Z2QZ31iUkzDTMC3k=,jj2CJMsGmwdVtYNpZgzV1IXyFFQ=
11,-123,70+BjZcc523Z2QZ31iUkzDTMC3k=,jj2CJMsGmwdVtYNpZgzV1IXyFFQ=
9,-123,70+BjZcc523Z2QZ31iUkzDTMC3k=,jj2CJMsGmwdVtYNpZgzV1IXyFFQ=
8,-123,70+BjZcc523Z2QZ31iUkzDTMC3k=,jj2CJMsGmwdVtYNpZgzV1IXyFFQ=
7,-123,70+BjZcc523Z2QZ31iUkzDTMC3k=,jj2CJMsGmwdVtYNpZgzV1IXyFFQ=
6,-123,70+BjZcc523Z2QZ31iUkzDTMC3k=,jj2CJMsGmwdVtYNpZgzV1IXyFFQ=
5,-123,70+BjZcc523Z2QZ31iUkzDTMC3k=,jj2CJMsGmwdVtYNpZgzV1IXyFFQ=
3,-123,70+BjZcc523Z2QZ31iUkzDTMC3k=,jj2CJMsGmwdVtYNpZgzV1IXyFFQ=
4,-123,70+BjZcc523Z2QZ31iUkzDTMC3k=,jj2CJMsGmwdVtYNpZgzV1IXyFFQ=
1,-123,70+BjZcc523Z2QZ31iUkzDTMC3k=,jj2CJMsGmwdVtYNpZgzV1IXyFFQ=
2,-123,70+BjZcc523Z2QZ31iUkzDTMC3k=,jj2CJMsGmwdVtYNpZgzV1IXyFFQ=
0,-123,70+BjZcc523Z2QZ31iUkzDTMC3k=,jj2CJMsGmwdVtYNpZgzV1IXyFFQ=
7,-128,70+BjZcc523Z2QZ31iUkzDTMC3k=,jj2CJMsGmwdVtYNpZgzV1IXyFFQ=
8,-126,70+BjZcc523Z2QZ31iUkzDTMC3k=,jj2CJMsGmwdVtYNpZgzV1IXyFFQ=
7,-127,70+BjZcc523Z2QZ31iUkzDTMC3k=,jj2CJMsGmwdVtYNpZgzV1IXyFFQ=
15,-124,70+BjZcc523Z2QZ31iUkzDTMC3k=,jj2CJMsGmwdVtYNpZgzV1IXyFFQ=
13,-124,70+BjZcc523Z2QZ31iUkzDTMC3k=,jj2CJMsGmwdVtYNpZgzV1IXyFFQ=
14,-124,70+BjZcc523Z2QZ31iUkzDTMC3k=,jj2CJMsGmwdVtYNpZgzV1IXyFFQ=
12,-124,70+BjZcc523Z2QZ31iUkzDTMC3k=,jj2CJMsGmwdVtYNpZgzV1IXyFFQ=
11,-124,70+BjZcc523Z2QZ31iUkzDTMC3k=,jj2CJMsGmwdVtYNpZgzV1IXyFFQ=
10,-124,70+BjZcc523Z2QZ31iUkzDTMC3k=,jj2CJMsGmwdVtYNpZgzV1IXyFFQ=
9,-124,70+BjZcc523Z2QZ31iUkzDTMC3k=,jj2CJMsGmwdVtYNpZgzV1IXyFFQ=
8,-124,70+BjZcc523Z2QZ31iUkzDTMC3k=,jj2CJMsGmwdVtYNpZgzV1IXyFFQ=
7,-124,70+BjZcc523Z2QZ31iUkzDTMC3k=,jj2CJMsGmwdVtYNpZgzV1IXyFFQ=
6,-124,70+BjZcc523Z2QZ31iUkzDTMC3k=,jj2CJMsGmwdVtYNpZgzV1IXyFFQ=
5,-124,70+BjZcc523Z2QZ31iUkzDTMC3k=,jj2CJMsGmwdVtYNpZgzV1IXyFFQ=
4,-124,70+BjZcc523Z2QZ31iUkzDTMC3k=,jj2CJMsGmwdVtYNpZgzV1IXyFFQ=
3,-124,70+BjZcc523Z2QZ31iUkzDTMC3k=,jj2CJMsGmwdVtYNpZgzV1IXyFFQ=
2,-124,70+BjZcc523Z2QZ31iUkzDTMC3k=,jj2CJMsGmwdVtYNpZgzV1IXyFFQ=
1,-124,70+BjZcc523Z2QZ31iUkzDTMC3k=,jj2CJMsGmwdVtYNpZgzV1IXyFFQ=
6,-128,70+BjZcc523Z2QZ31iUkzDTMC3k=,jj2CJMsGmwdVtYNpZgzV1IXyFFQ=
7,-126,70+BjZcc523Z2QZ31iUkzDTMC3k=,jj2CJMsGmwdVtYNpZgzV1IXyFFQ=
0,-124,70+BjZcc523Z2QZ31iUkzDTMC3k=,jj2CJMsGmwdVtYNpZgzV1IXyFFQ=
15,-125,70+BjZcc523Z2QZ31iUkzDTMC3k=,jj2CJMsGmwdVtYNpZgzV1IXyFFQ=
6,-127,70+BjZcc523Z2QZ31iUkzDTMC3k=,jj2CJMsGmwdVtYNpZgzV1IXyFFQ=
14,-125,70+BjZcc523Z2QZ31iUkzDTMC3k=,jj2CJMsGmwdVtYNpZgzV1IXyFFQ=
1,-117,70+BjZcc523Z2QZ31iUkzDTMC3k=,jj2CJMsGmwdVtYNpZgzV1IXyFFQ=
1,-118,70+BjZcc523Z2QZ31iUkzDTMC3k=,jj2CJMsGmwdVtYNpZgzV1IXyFFQ=
1,-127,70+BjZcc523Z2QZ31iUkzDTMC3k=,jj2CJMsGmwdVtYNpZgzV1IXyFFQ=
1,-128,70+BjZcc523Z2QZ31iUkzDTMC3k=,jj2CJMsGmwdVtYNpZgzV1IXyFFQ=
0,-128,70+BjZcc523Z2QZ31iUkzDTMC3k=,jj2CJMsGmwdVtYNpZgzV1IXyFFQ=
0,-127,70+BjZcc523Z2QZ31iUkzDTMC3k=,jj2CJMsGmwdVtYNpZgzV1IXyFFQ=
5,-112,70+BjZcc523Z2QZ31iUkzDTMC3k=,niq1zZywDaCLL9Vm/WrR7xPsCHc=
6,-109,70+BjZcc523Z2QZ31iUkzDTMC3k=,niq1zZywDaCLL9Vm/WrR7xPsCHc=
7,-109,+c9bCbF9o9yi4waQPZtRk4k7Yzs=,niq1zZywDaCLL9Vm/WrR7xPsCHc=
5,-110,+c9bCbF9o9yi4waQPZtRk4k7Yzs=,niq1zZywDaCLL9Vm/WrR7xPsCHc=
6,-110,+c9bCbF9o9yi4waQPZtRk4k7Yzs=,niq1zZywDaCLL9Vm/WrR7xPsCHc=
8,-109,+c9bCbF9o9yi4waQPZtRk4k7Yzs=,niq1zZywDaCLL9Vm/WrR7xPsCHc=
3,-112,+c9bCbF9o9yi4waQPZtRk4k7Yzs=,niq1zZywDaCLL9Vm/WrR7xPsCHc=
9,-109,+c9bCbF9o9yi4waQPZtRk4k7Yzs=,niq1zZywDaCLL9Vm/WrR7xPsCHc=
10,-109,+c9bCbF9o9yi4waQPZtRk4k7Yzs=,niq1zZywDaCLL9Vm/WrR7xPsCHc=
4,-109,+c9bCbF9o9yi4waQPZtRk4k7Yzs=,niq1zZywDaCLL9Vm/WrR7xPsCHc=
11,-109,+c9bCbF9o9yi4waQPZtRk4k7Yzs=,niq1zZywDaCLL9Vm/WrR7xPsCHc=
5,-109,+c9bCbF9o9yi4waQPZtRk4k7Yzs=,niq1zZywDaCLL9Vm/WrR7xPsCHc=
3,-109,+c9bCbF9o9yi4waQPZtRk4k7Yzs=,niq1zZywDaCLL9Vm/WrR7xPsCHc=
12,-109,+c9bCbF9o9yi4waQPZtRk4k7Yzs=,niq1zZywDaCLL9Vm/WrR7xPsCHc=
5,-111,+c9bCbF9o9yi4waQPZtRk4k7Yzs=,niq1zZywDaCLL9Vm/WrR7xPsCHc=
13,-109,+c9bCbF9o9yi4waQPZtRk4k7Yzs=,niq1zZywDaCLL9Vm/WrR7xPsCHc=
1,-112,+c9bCbF9o9yi4waQPZtRk4k7Yzs=,niq1zZywDaCLL9Vm/WrR7xPsCHc=
2,-109,+c9bCbF9o9yi4waQPZtRk4k7Yzs=,niq1zZywDaCLL9Vm/WrR7xPsCHc=
4,-111,+c9bCbF9o9yi4waQPZtRk4k7Yzs=,niq1zZywDaCLL9Vm/WrR7xPsCHc=
0,-112,+c9bCbF9o9yi4waQPZtRk4k7Yzs=,niq1zZywDaCLL9Vm/WrR7xPsCHc=
15,-97,+c9bCbF9o9yi4waQPZtRk4k7Yzs=,niq1zZywDaCLL9Vm/WrR7xPsCHc=
4,-110,+c9bCbF9o9yi4waQPZtRk4k7Yzs=,niq1zZywDaCLL9Vm/WrR7xPsCHc=
14,-109,+c9bCbF9o9yi4waQPZtRk4k7Yzs=,niq1zZywDaCLL9Vm/WrR7xPsCHc=
14,-97,+c9bCbF9o9yi4waQPZtRk4k7Yzs=,niq1zZywDaCLL9Vm/WrR7xPsCHc=
13,-97,+c9bCbF9o9yi4waQPZtRk4k7Yzs=,niq1zZywDaCLL9Vm/WrR7xPsCHc=
11,-97,+c9bCbF9o9yi4waQPZtRk4k7Yzs=,niq1zZywDaCLL9Vm/WrR7xPsCHc=
15,-109,+c9bCbF9o9yi4waQPZtRk4k7Yzs=,niq1zZywDaCLL9Vm/WrR7xPsCHc=
10,-97,+c9bCbF9o9yi4waQPZtRk4k7Yzs=,niq1zZywDaCLL9Vm/WrR7xPsCHc=
9,-97,+c9bCbF9o9yi4waQPZtRk4k7Yzs=,niq1zZywDaCLL9Vm/WrR7xPsCHc=
8,-97,+c9bCbF9o9yi4waQPZtRk4k7Yzs=,niq1zZywDaCLL9Vm/WrR7xPsCHc=
6,-111,+c9bCbF9o9yi4waQPZtRk4k7Yzs=,niq1zZywDaCLL9Vm/WrR7xPsCHc=
7,-97,+c9bCbF9o9yi4waQPZtRk4k7Yzs=,niq1zZywDaCLL9Vm/WrR7xPsCHc=
6,-97,+c9bCbF9o9yi4waQPZtRk4k7Yzs=,niq1zZywDaCLL9Vm/WrR7xPsCHc=
5,-97,+c9bCbF9o9yi4waQPZtRk4k7Yzs=,niq1zZywDaCLL9Vm/WrR7xPsCHc=
6,-112,+c9bCbF9o9yi4waQPZtRk4k7Yzs=,niq1zZywDaCLL9Vm/WrR7xPsCHc=
12,-97,+c9bCbF9o9yi4waQPZtRk4k7Yzs=,niq1zZywDaCLL9Vm/WrR7xPsCHc=
3,-97,+c9bCbF9o9yi4waQPZtRk4k7Yzs=,niq1zZywDaCLL9Vm/WrR7xPsCHc=
2,-97,+c9bCbF9o9yi4waQPZtRk4k7Yzs=,niq1zZywDaCLL9Vm/WrR7xPsCHc=
4,-97,+c9bCbF9o9yi4waQPZtRk4k7Yzs=,niq1zZywDaCLL9Vm/WrR7xPsCHc=
0,-108,+c9bCbF9o9yi4waQPZtRk4k7Yzs=,niq1zZywDaCLL9Vm/WrR7xPsCHc=
1,-97,+c9bCbF9o9yi4waQPZtRk4k7Yzs=,niq1zZywDaCLL9Vm/WrR7xPsCHc=
4,-112,+c9bCbF9o9yi4waQPZtRk4k7Yzs=,niq1zZywDaCLL9Vm/WrR7xPsCHc=
1,-109,+c9bCbF9o9yi4waQPZtRk4k7Yzs=,niq1zZywDaCLL9Vm/WrR7xPsCHc=
7,-110,+c9bCbF9o9yi4waQPZtRk4k7Yzs=,niq1zZywDaCLL9Vm/WrR7xPsCHc=
15,-98,+c9bCbF9o9yi4waQPZtRk4k7Yzs=,niq1zZywDaCLL9Vm/WrR7xPsCHc=
0,-97,+c9bCbF9o9yi4waQPZtRk4k7Yzs=,niq1zZywDaCLL9Vm/WrR7xPsCHc=
3,-110,+c9bCbF9o9yi4waQPZtRk4k7Yzs=,niq1zZywDaCLL9Vm/WrR7xPsCHc=
14,-98,+c9bCbF9o9yi4waQPZtRk4k7Yzs=,niq1zZywDaCLL9Vm/WrR7xPsCHc=
1,-108,+c9bCbF9o9yi4waQPZtRk4k7Yzs=,niq1zZywDaCLL9Vm/WrR7xPsCHc=
2,-108,+c9bCbF9o9yi4waQPZtRk4k7Yzs=,niq1zZywDaCLL9Vm/WrR7xPsCHc=
3,-108,+c9bCbF9o9yi4waQPZtRk4k7Yzs=,niq1zZywDaCLL9Vm/WrR7xPsCHc=
4,-108,+c9bCbF9o9yi4waQPZtRk4k7Yzs=,niq1zZywDaCLL9Vm/WrR7xPsCHc=
5,-108,+c9bCbF9o9yi4waQPZtRk4k7Yzs=,niq1zZywDaCLL9Vm/WrR7xPsCHc=
6,-108,+c9bCbF9o9yi4waQPZtRk4k7Yzs=,niq1zZywDaCLL9Vm/WrR7xPsCHc=
7,-108,+c9bCbF9o9yi4waQPZtRk4k7Yzs=,niq1zZywDaCLL9Vm/WrR7xPsCHc=
8,-108,+c9bCbF9o9yi4waQPZtRk4k7Yzs=,niq1zZywDaCLL9Vm/WrR7xPsCHc=
9,-108,+c9bCbF9o9yi4waQPZtRk4k7Yzs=,niq1zZywDaCLL9Vm/WrR7xPsCHc=
10,-108,+c9bCbF9o9yi4waQPZtRk4k7Yzs=,niq1zZywDaCLL9Vm/WrR7xPsCHc=
11,-108,+c9bCbF9o9yi4waQPZtRk4k7Yzs=,niq1zZywDaCLL9Vm/WrR7xPsCHc=
12,-108,+c9bCbF9o9yi4waQPZtRk4k7Yzs=,niq1zZywDaCLL9Vm/WrR7xPsCHc=
14,-108,+c9bCbF9o9yi4waQPZtRk4k7Yzs=,niq1zZywDaCLL9Vm/WrR7xPsCHc=
15,-108,+c9bCbF9o9yi4waQPZtRk4k7Yzs=,niq1zZywDaCLL9Vm/WrR7xPsCHc=
13,-108,+c9bCbF9o9yi4waQPZtRk4k7Yzs=,niq1zZywDaCLL9Vm/WrR7xPsCHc=
7,-111,+c9bCbF9o9yi4waQPZtRk4k7Yzs=,niq1zZywDaCLL9Vm/WrR7xPsCHc=
0,-107,+c9bCbF9o9yi4waQPZtRk4k7Yzs=,niq1zZywDaCLL9Vm/WrR7xPsCHc=
9,-98,+c9bCbF9o9yi4waQPZtRk4k7Yzs=,niq1zZywDaCLL9Vm/WrR7xPsCHc=
8,-110,+c9bCbF9o9yi4waQPZtRk4k7Yzs=,niq1zZywDaCLL9Vm/WrR7xPsCHc=
8,-98,+c9bCbF9o9yi4waQPZtRk4k7Yzs=,niq1zZywDaCLL9Vm/WrR7xPsCHc=
6,-98,+c9bCbF9o9yi4waQPZtRk4k7Yzs=,niq1zZywDaCLL9Vm/WrR7xPsCHc=
7,-112,+c9bCbF9o9yi4waQPZtRk4k7Yzs=,niq1zZywDaCLL9Vm/WrR7xPsCHc=
7,-98,+c9bCbF9o9yi4waQPZtRk4k7Yzs=,niq1zZywDaCLL9Vm/WrR7xPsCHc=
5,-98,+c9bCbF9o9yi4waQPZtRk4k7Yzs=,niq1zZywDaCLL9Vm/WrR7xPsCHc=
1,-107,+c9bCbF9o9yi4waQPZtRk4k7Yzs=,niq1zZywDaCLL9Vm/WrR7xPsCHc=
3,-98,+c9bCbF9o9yi4waQPZtRk4k7Yzs=,niq1zZywDaCLL9Vm/WrR7xPsCHc=
2,-107,+c9bCbF9o9yi4waQPZtRk4k7Yzs=,niq1zZywDaCLL9Vm/WrR7xPsCHc=
4,-98,+c9bCbF9o9yi4waQPZtRk4k7Yzs=,niq1zZywDaCLL9Vm/WrR7xPsCHc=
3,-107,+c9bCbF9o9yi4waQPZtRk4k7Yzs=,niq1zZywDaCLL9Vm/WrR7xPsCHc=
1,-98,+c9bCbF9o9yi4waQPZtRk4k7Yzs=,niq1zZywDaCLL9Vm/WrR7xPsCHc=
2,-98,+c9bCbF9o9yi4waQPZtRk4k7Yzs=,niq1zZywDaCLL9Vm/WrR7xPsCHc=
4,-107,+c9bCbF9o9yi4waQPZtRk4k7Yzs=,niq1zZywDaCLL9Vm/WrR7xPsCHc=
0,-98,+c9bCbF9o9yi4waQPZtRk4k7Yzs=,niq1zZywDaCLL9Vm/WrR7xPsCHc=
14,-99,+c9bCbF9o9yi4waQPZtRk4k7Yzs=,niq1zZywDaCLL9Vm/WrR7xPsCHc=
3,-111,+c9bCbF9o9yi4waQPZtRk4k7Yzs=,niq1zZywDaCLL9Vm/WrR7xPsCHc=
5,-107,+c9bCbF9o9yi4waQPZtRk4k7Yzs=,niq1zZywDaCLL9Vm/WrR7xPsCHc=
2,-110,+c9bCbF9o9yi4waQPZtRk4k7Yzs=,niq1zZywDaCLL9Vm/WrR7xPsCHc=
15,-99,+c9bCbF9o9yi4waQPZtRk4k7Yzs=,niq1zZywDaCLL9Vm/WrR7xPsCHc=
6,-107,+c9bCbF9o9yi4waQPZtRk4k7Yzs=,niq1zZywDaCLL9Vm/WrR7xPsCHc=
7,-107,+c9bCbF9o9yi4waQPZtRk4k7Yzs=,niq1zZywDaCLL9Vm/WrR7xPsCHc=
8,-107,+c9bCbF9o9yi4waQPZtRk4k7Yzs=,niq1zZywDaCLL9Vm/WrR7xPsCHc=
10,-107,+c9bCbF9o9yi4waQPZtRk4k7Yzs=,niq1zZywDaCLL9Vm/WrR7xPsCHc=
9,-107,+c9bCbF9o9yi4waQPZtRk4k7Yzs=,niq1zZywDaCLL9Vm/WrR7xPsCHc=
11,-107,+c9bCbF9o9yi4waQPZtRk4k7Yzs=,niq1zZywDaCLL9Vm/WrR7xPsCHc=
12,-107,+c9bCbF9o9yi4waQPZtRk4k7Yzs=,niq1zZywDaCLL9Vm/WrR7xPsCHc=
13,-107,+c9bCbF9o9yi4waQPZtRk4k7Yzs=,niq1zZywDaCLL9Vm/WrR7xPsCHc=
14,-107,+c9bCbF9o9yi4waQPZtRk4k7Yzs=,niq1zZywDaCLL9Vm/WrR7xPsCHc=
15,-107,+c9bCbF9o9yi4waQPZtRk4k7Yzs=,niq1zZywDaCLL9Vm/WrR7xPsCHc=
8,-111,+c9bCbF9o9yi4waQPZtRk4k7Yzs=,niq1zZywDaCLL9Vm/WrR7xPsCHc=
0,-106,+c9bCbF9o9yi4waQPZtRk4k7Yzs=,niq1zZywDaCLL9Vm/WrR7xPsCHc=
9,-110,+c9bCbF9o9yi4waQPZtRk4k7Yzs=,niq1zZywDaCLL9Vm/WrR7xPsCHc=
1,-106,+c9bCbF9o9yi4waQPZtRk4k7Yzs=,niq1zZywDaCLL9Vm/WrR7xPsCHc=
2,-106,+c9bCbF9o9yi4waQPZtRk4k7Yzs=,niq1zZywDaCLL9Vm/WrR7xPsCHc=
8,-112,+c9bCbF9o9yi4waQPZtRk4k7Yzs=,niq1zZywDaCLL9Vm/WrR7xPsCHc=
3,-106,+c9bCbF9o9yi4waQPZtRk4k7Yzs=,niq1zZywDaCLL9Vm/WrR7xPsCHc=
5,-106,+c9bCbF9o9yi4waQPZtRk4k7Yzs=,niq1zZywDaCLL9Vm/WrR7xPsCHc=
4,-106,+c9bCbF9o9yi4waQPZtRk4k7Yzs=,niq1zZywDaCLL9Vm/WrR7xPsCHc=
6,-106,+c9bCbF9o9yi4waQPZtRk4k7Yzs=,niq1zZywDaCLL9Vm/WrR7xPsCHc=
7,-106,+c9bCbF9o9yi4waQPZtRk4k7Yzs=,niq1zZywDaCLL9Vm/WrR7xPsCHc=
9,-106,+c9bCbF9o9yi4waQPZtRk4k7Yzs=,niq1zZywDaCLL9Vm/WrR7xPsCHc=
8,-106,+c9bCbF9o9yi4waQPZtRk4k7Yzs=,niq1zZywDaCLL9Vm/WrR7xPsCHc=
11,-106,+c9bCbF9o9yi4waQPZtRk4k7Yzs=,niq1zZywDaCLL9Vm/WrR7xPsCHc=
12,-106,+c9bCbF9o9yi4waQPZtRk4k7Yzs=,niq1zZywDaCLL9Vm/WrR7xPsCHc=
10,-106,+c9bCbF9o9yi4waQPZtRk4k7Yzs=,niq1zZywDaCLL9Vm/WrR7xPsCHc=
13,-106,+c9bCbF9o9yi4waQPZtRk4k7Yzs=,niq1zZywDaCLL9Vm/WrR7xPsCHc=
14,-106,+c9bCbF9o9yi4waQPZtRk4k7Yzs=,niq1zZywDaCLL9Vm/WrR7xPsCHc=
15,-106,+c9bCbF9o9yi4waQPZtRk4k7Yzs=,niq1zZywDaCLL9Vm/WrR7xPsCHc=
9,-111,+c9bCbF9o9yi4waQPZtRk4k7Yzs=,niq1zZywDaCLL9Vm/WrR7xPsCHc=
10,-110,+c9bCbF9o9yi4waQPZtRk4k7Yzs=,niq1zZywDaCLL9Vm/WrR7xPsCHc=
9,-112,+c9bCbF9o9yi4waQPZtRk4k7Yzs=,niq1zZywDaCLL9Vm/WrR7xPsCHc=
0,-105,+c9bCbF9o9yi4waQPZtRk4k7Yzs=,niq1zZywDaCLL9Vm/WrR7xPsCHc=
1,-105,+c9bCbF9o9yi4waQPZtRk4k7Yzs=,niq1zZywDaCLL9Vm/WrR7xPsCHc=
2,-105,+c9bCbF9o9yi4waQPZtRk4k7Yzs=,niq1zZywDaCLL9Vm/WrR7xPsCHc=
3,-105,+c9bCbF9o9yi4waQPZtRk4k7Yzs=,niq1zZywDaCLL9Vm/WrR7xPsCHc=
4,-105,+c9bCbF9o9yi4waQPZtRk4k7Yzs=,niq1zZywDaCLL9Vm/WrR7xPsCHc=
5,-105,+c9bCbF9o9yi4waQPZtRk4k7Yzs=,niq1zZywDaCLL9Vm/WrR7xPsCHc=
6,-105,+c9bCbF9o9yi4waQPZtRk4k7Yzs=,niq1zZywDaCLL9Vm/WrR7xPsCHc=
7,-105,+c9bCbF9o9yi4waQPZtRk4k7Yzs=,niq1zZywDaCLL9Vm/WrR7xPsCHc=
8,-105,+c9bCbF9o9yi4waQPZtRk4k7Yzs=,niq1zZywDaCLL9Vm/WrR7xPsCHc=
9,-105,+c9bCbF9o9yi4waQPZtRk4k7Yzs=,niq1zZywDaCLL9Vm/WrR7xPsCHc=
11,-105,+c9bCbF9o9yi4waQPZtRk4k7Yzs=,niq1zZywDaCLL9Vm/WrR7xPsCHc=
12,-105,+c9bCbF9o9yi4waQPZtRk4k7Yzs=,niq1zZywDaCLL9Vm/WrR7xPsCHc=
13,-105,+c9bCbF9o9yi4waQPZtRk4k7Yzs=,niq1zZywDaCLL9Vm/WrR7xPsCHc=
14,-105,+c9bCbF9o9yi4waQPZtRk4k7Yzs=,niq1zZywDaCLL9Vm/WrR7xPsCHc=
10,-105,+c9bCbF9o9yi4waQPZtRk4k7Yzs=,niq1zZywDaCLL9Vm/WrR7xPsCHc=
15,-105,+c9bCbF9o9yi4waQPZtRk4k7Yzs=,niq1zZywDaCLL9Vm/WrR7xPsCHc=
10,-111,+c9bCbF9o9yi4waQPZtRk4k7Yzs=,niq1zZywDaCLL9Vm/WrR7xPsCHc=
11,-110,+c9bCbF9o9yi4waQPZtRk4k7Yzs=,niq1zZywDaCLL9Vm/WrR7xPsCHc=
10,-112,+c9bCbF9o9yi4waQPZtRk4k7Yzs=,niq1zZywDaCLL9Vm/WrR7xPsCHc=
0,-104,+c9bCbF9o9yi4waQPZtRk4k7Yzs=,niq1zZywDaCLL9Vm/WrR7xPsCHc=
1,-104,+c9bCbF9o9yi4waQPZtRk4k7Yzs=,niq1zZywDaCLL9Vm/WrR7xPsCHc=
8,-99,+c9bCbF9o9yi4waQPZtRk4k7Yzs=,niq1zZywDaCLL9Vm/WrR7xPsCHc=
7,-99,+c9bCbF9o9yi4waQPZtRk4k7Yzs=,niq1zZywDaCLL9Vm/WrR7xPsCHc=
6,-99,+c9bCbF9o9yi4waQPZtRk4k7Yzs=,niq1zZywDaCLL9Vm/WrR7xPsCHc=
5,-99,+c9bCbF9o9yi4waQPZtRk4k7Yzs=,niq1zZywDaCLL9Vm/WrR7xPsCHc=
4,-99,+c9bCbF9o9yi4waQPZtRk4k7Yzs=,niq1zZywDaCLL9Vm/WrR7xPsCHc=
3,-99,+c9bCbF9o9yi4waQPZtRk4k7Yzs=,niq1zZywDaCLL9Vm/WrR7xPsCHc=
2,-99,+c9bCbF9o9yi4waQPZtRk4k7Yzs=,niq1zZywDaCLL9Vm/WrR7xPsCHc=
1,-99,+c9bCbF9o9yi4waQPZtRk4k7Yzs=,niq1zZywDaCLL9Vm/WrR7xPsCHc=
2,-111,+c9bCbF9o9yi4waQPZtRk4k7Yzs=,niq1zZywDaCLL9Vm/WrR7xPsCHc=
1,-110,+c9bCbF9o9yi4waQPZtRk4k7Yzs=,niq1zZywDaCLL9Vm/WrR7xPsCHc=
0,-99,+c9bCbF9o9yi4waQPZtRk4k7Yzs=,niq1zZywDaCLL9Vm/WrR7xPsCHc=
15,-100,+c9bCbF9o9yi4waQPZtRk4k7Yzs=,niq1zZywDaCLL9Vm/WrR7xPsCHc=
14,-100,+c9bCbF9o9yi4waQPZtRk4k7Yzs=,niq1zZywDaCLL9Vm/WrR7xPsCHc=
9,-99,+c9bCbF9o9yi4waQPZtRk4k7Yzs=,niq1zZywDaCLL9Vm/WrR7xPsCHc=
10,-100,+c9bCbF9o9yi4waQPZtRk4k7Yzs=,niq1zZywDaCLL9Vm/WrR7xPsCHc=
13,-100,+c9bCbF9o9yi4waQPZtRk4k7Yzs=,niq1zZywDaCLL9Vm/WrR7xPsCHc=
7,-100,+c9bCbF9o9yi4waQPZtRk4k7Yzs=,niq1zZywDaCLL9Vm/WrR7xPsCHc=
5,-100,+c9bCbF9o9yi4waQPZtRk4k7Yzs=,niq1zZywDaCLL9Vm/WrR7xPsCHc=
6,-100,+c9bCbF9o9yi4waQPZtRk4k7Yzs=,niq1zZywDaCLL9Vm/WrR7xPsCHc=
10,-98,+c9bCbF9o9yi4waQPZtRk4k7Yzs=,niq1zZywDaCLL9Vm/WrR7xPsCHc=
4,-100,+c9bCbF9o9yi4waQPZtRk4k7Yzs=,niq1zZywDaCLL9Vm/WrR7xPsCHc=
3,-100,+c9bCbF9o9yi4waQPZtRk4k7Yzs=,niq1zZywDaCLL9Vm/WrR7xPsCHc=
2,-100,+c9bCbF9o9yi4waQPZtRk4k7Yzs=,niq1zZywDaCLL9Vm/WrR7xPsCHc=
1,-100,+c9bCbF9o9yi4waQPZtRk4k7Yzs=,niq1zZywDaCLL9Vm/WrR7xPsCHc=
0,-100,+c9bCbF9o9yi4waQPZtRk4k7Yzs=,niq1zZywDaCLL9Vm/WrR7xPsCHc=
1,-111,+c9bCbF9o9yi4waQPZtRk4k7Yzs=,niq1zZywDaCLL9Vm/WrR7xPsCHc=
0,-111,+c9bCbF9o9yi4waQPZtRk4k7Yzs=,niq1zZywDaCLL9Vm/WrR7xPsCHc=
15,-112,+c9bCbF9o9yi4waQPZtRk4k7Yzs=,niq1zZywDaCLL9Vm/WrR7xPsCHc=
2,-112,+c9bCbF9o9yi4waQPZtRk4k7Yzs=,niq1zZywDaCLL9Vm/WrR7xPsCHc=
14,-112,+c9bCbF9o9yi4waQPZtRk4k7Yzs=,niq1zZywDaCLL9Vm/WrR7xPsCHc=
0,-109,+c9bCbF9o9yi4waQPZtRk4k7Yzs=,niq1zZywDaCLL9Vm/WrR7xPsCHc=
15,-110,+c9bCbF9o9yi4waQPZtRk4k7Yzs=,niq1zZywDaCLL9Vm/WrR7xPsCHc=
0,-110,+c9bCbF9o9yi4waQPZtRk4k7Yzs=,niq1zZywDaCLL9Vm/WrR7xPsCHc=
15,-111,+c9bCbF9o9yi4waQPZtRk4k7Yzs=,niq1zZywDaCLL9Vm/WrR7xPsCHc=
14,-111,+c9bCbF9o9yi4waQPZtRk4k7Yzs=,niq1zZywDaCLL9Vm/WrR7xPsCHc=
15,-101,+c9bCbF9o9yi4waQPZtRk4k7Yzs=,niq1zZywDaCLL9Vm/WrR7xPsCHc=
14,-101,+c9bCbF9o9yi4waQPZtRk4k7Yzs=,niq1zZywDaCLL9Vm/WrR7xPsCHc=
13,-101,+c9bCbF9o9yi4waQPZtRk4k7Yzs=,niq1zZywDaCLL9Vm/WrR7xPsCHc=
8,-100,+c9bCbF9o9yi4waQPZtRk4k7Yzs=,niq1zZywDaCLL9Vm/WrR7xPsCHc=
9,-100,+c9bCbF9o9yi4waQPZtRk4k7Yzs=,niq1zZywDaCLL9Vm/WrR7xPsCHc=
10,-101,+c9bCbF9o9yi4waQPZtRk4k7Yzs=,niq1zZywDaCLL9Vm/WrR7xPsCHc=
9,-101,+c9bCbF9o9yi4waQPZtRk4k7Yzs=,niq1zZywDaCLL9Vm/WrR7xPsCHc=
8,-101,+c9bCbF9o9yi4waQPZtRk4k7Yzs=,niq1zZywDaCLL9Vm/WrR7xPsCHc=
7,-101,+c9bCbF9o9yi4waQPZtRk4k7Yzs=,niq1zZywDaCLL9Vm/WrR7xPsCHc=
6,-101,+c9bCbF9o9yi4waQPZtRk4k7Yzs=,niq1zZywDaCLL9Vm/WrR7xPsCHc=
5,-101,+c9bCbF9o9yi4waQPZtRk4k7Yzs=,niq1zZywDaCLL9Vm/WrR7xPsCHc=
4,-101,+c9bCbF9o9yi4waQPZtRk4k7Yzs=,niq1zZywDaCLL9Vm/WrR7xPsCHc=
3,-101,+c9bCbF9o9yi4waQPZtRk4k7Yzs=,niq1zZywDaCLL9Vm/WrR7xPsCHc=
2,-101,+c9bCbF9o9yi4waQPZtRk4k7Yzs=,niq1zZywDaCLL9Vm/WrR7xPsCHc=
1,-101,+c9bCbF9o9yi4waQPZtRk4k7Yzs=,niq1zZywDaCLL9Vm/WrR7xPsCHc=
13,-112,+c9bCbF9o9yi4waQPZtRk4k7Yzs=,niq1zZywDaCLL9Vm/WrR7xPsCHc=
14,-110,+c9bCbF9o9yi4waQPZtRk4k7Yzs=,niq1zZywDaCLL9Vm/WrR7xPsCHc=
0,-101,+c9bCbF9o9yi4waQPZtRk4k7Yzs=,niq1zZywDaCLL9Vm/WrR7xPsCHc=
15,-102,+c9bCbF9o9yi4waQPZtRk4k7Yzs=,niq1zZywDaCLL9Vm/WrR7xPsCHc=
14,-102,+c9bCbF9o9yi4waQPZtRk4k7Yzs=,niq1zZywDaCLL9Vm/WrR7xPsCHc=
13,-111,+c9bCbF9o9yi4waQPZtRk4k7Yzs=,niq1zZywDaCLL9Vm/WrR7xPsCHc=
13,-102,+c9bCbF9o9yi4waQPZtRk4k7Yzs=,niq1zZywDaCLL9Vm/WrR7xPsCHc=
12,-102,+c9bCbF9o9yi4waQPZtRk4k7Yzs=,niq1zZywDaCLL9Vm/WrR7xPsCHc=
11,-102,+c9bCbF9o9yi4waQPZtRk4k7Yzs=,niq1zZywDaCLL9Vm/WrR7xPsCHc=
10,-102,+c9bCbF9o9yi4waQPZtRk4k7Yzs=,niq1zZywDaCLL9Vm/WrR7xPsCHc=
9,-102,+c9bCbF9o9yi4waQPZtRk4k7Yzs=,niq1zZywDaCLL9Vm/WrR7xPsCHc=
8,-102,+c9bCbF9o9yi4waQPZtRk4k7Yzs=,niq1zZywDaCLL9Vm/WrR7xPsCHc=
7,-102,+c9bCbF9o9yi4waQPZtRk4k7Yzs=,niq1zZywDaCLL9Vm/WrR7xPsCHc=
6,-102,+c9bCbF9o9yi4waQPZtRk4k7Yzs=,niq1zZywDaCLL9Vm/WrR7xPsCHc=
5,-102,+c9bCbF9o9yi4waQPZtRk4k7Yzs=,niq1zZywDaCLL9Vm/WrR7xPsCHc=
4,-102,+c9bCbF9o9yi4waQPZtRk4k7Yzs=,niq1zZywDaCLL9Vm/WrR7xPsCHc=
3,-102,+c9bCbF9o9yi4waQPZtRk4k7Yzs=,niq1zZywDaCLL9Vm/WrR7xPsCHc=
2,-102,+c9bCbF9o9yi4waQPZtRk4k7Yzs=,niq1zZywDaCLL9Vm/WrR7xPsCHc=
1,-102,+c9bCbF9o9yi4waQPZtRk4k7Yzs=,niq1zZywDaCLL9Vm/WrR7xPsCHc=
0,-102,+c9bCbF9o9yi4waQPZtRk4k7Yzs=,niq1zZywDaCLL9Vm/WrR7xPsCHc=
12,-112,+c9bCbF9o9yi4waQPZtRk4k7Yzs=,niq1zZywDaCLL9Vm/WrR7xPsCHc=
13,-110,+c9bCbF9o9yi4waQPZtRk4k7Yzs=,niq1zZywDaCLL9Vm/WrR7xPsCHc=
12,-111,+c9bCbF9o9yi4waQPZtRk4k7Yzs=,niq1zZywDaCLL9Vm/WrR7xPsCHc=
15,-103,+c9bCbF9o9yi4waQPZtRk4k7Yzs=,niq1zZywDaCLL9Vm/WrR7xPsCHc=
14,-103,+c9bCbF9o9yi4waQPZtRk4k7Yzs=,niq1zZywDaCLL9Vm/WrR7xPsCHc=
13,-103,+c9bCbF9o9yi4waQPZtRk4k7Yzs=,niq1zZywDaCLL9Vm/WrR7xPsCHc=
12,-103,+c9bCbF9o9yi4waQPZtRk4k7Yzs=,niq1zZywDaCLL9Vm/WrR7xPsCHc=
11,-103,+c9bCbF9o9yi4waQPZtRk4k7Yzs=,niq1zZywDaCLL9Vm/WrR7xPsCHc=
10,-103,+c9bCbF9o9yi4waQPZtRk4k7Yzs=,niq1zZywDaCLL9Vm/WrR7xPsCHc=
9,-103,+c9bCbF9o9yi4waQPZtRk4k7Yzs=,niq1zZywDaCLL9Vm/WrR7xPsCHc=
7,-103,+c9bCbF9o9yi4waQPZtRk4k7Yzs=,niq1zZywDaCLL9Vm/WrR7xPsCHc=
5,-103,+c9bCbF9o9yi4waQPZtRk4k7Yzs=,niq1zZywDaCLL9Vm/WrR7xPsCHc=
4,-103,+c9bCbF9o9yi4waQPZtRk4k7Yzs=,niq1zZywDaCLL9Vm/WrR7xPsCHc=
8,-103,+c9bCbF9o9yi4waQPZtRk4k7Yzs=,niq1zZywDaCLL9Vm/WrR7xPsCHc=
3,-103,+c9bCbF9o9yi4waQPZtRk4k7Yzs=,niq1zZywDaCLL9Vm/WrR7xPsCHc=
6,-103,+c9bCbF9o9yi4waQPZtRk4k7Yzs=,niq1zZywDaCLL9Vm/WrR7xPsCHc=
2,-103,+c9bCbF9o9yi4waQPZtRk4k7Yzs=,niq1zZywDaCLL9Vm/WrR7xPsCHc=
1,-103,+c9bCbF9o9yi4waQPZtRk4k7Yzs=,niq1zZywDaCLL9Vm/WrR7xPsCHc=
11,-112,+c9bCbF9o9yi4waQPZtRk4k7Yzs=,niq1zZywDaCLL9Vm/WrR7xPsCHc=
12,-110,+c9bCbF9o9yi4waQPZtRk4k7Yzs=,niq1zZywDaCLL9Vm/WrR7xPsCHc=
11,-111,+c9bCbF9o9yi4waQPZtRk4k7Yzs=,niq1zZywDaCLL9Vm/WrR7xPsCHc=
0,-103,+c9bCbF9o9yi4waQPZtRk4k7Yzs=,niq1zZywDaCLL9Vm/WrR7xPsCHc=
14,-104,+c9bCbF9o9yi4waQPZtRk4k7Yzs=,niq1zZywDaCLL9Vm/WrR7xPsCHc=
15,-104,+c9bCbF9o9yi4waQPZtRk4k7Yzs=,niq1zZywDaCLL9Vm/WrR7xPsCHc=
13,-104,+c9bCbF9o9yi4waQPZtRk4k7Yzs=,niq1zZywDaCLL9Vm/WrR7xPsCHc=
12,-104,+c9bCbF9o9yi4waQPZtRk4k7Yzs=,niq1zZywDaCLL9Vm/WrR7xPsCHc=
11,-104,+c9bCbF9o9yi4waQPZtRk4k7Yzs=,niq1zZywDaCLL9Vm/WrR7xPsCHc=
10,-104,+c9bCbF9o9yi4waQPZtRk4k7Yzs=,niq1zZywDaCLL9Vm/WrR7xPsCHc=
8,-104,+c9bCbF9o9yi4waQPZtRk4k7Yzs=,niq1zZywDaCLL9Vm/WrR7xPsCHc=
9,-104,+c9bCbF9o9yi4waQPZtRk4k7Yzs=,niq1zZywDaCLL9Vm/WrR7xPsCHc=
7,-104,+c9bCbF9o9yi4waQPZtRk4k7Yzs=,niq1zZywDaCLL9Vm/WrR7xPsCHc=
6,-104,+c9bCbF9o9yi4waQPZtRk4k7Yzs=,niq1zZywDaCLL9Vm/WrR7xPsCHc=
5,-104,+c9bCbF9o9yi4waQPZtRk4k7Yzs=,niq1zZywDaCLL9Vm/WrR7xPsCHc=
4,-104,+c9bCbF9o9yi4waQPZtRk4k7Yzs=,niq1zZywDaCLL9Vm/WrR7xPsCHc=
11,-101,+c9bCbF9o9yi4waQPZtRk4k7Yzs=,niq1zZywDaCLL9Vm/WrR7xPsCHc=
3,-104,+c9bCbF9o9yi4waQPZtRk4k7Yzs=,niq1zZywDaCLL9Vm/WrR7xPsCHc=
10,-99,+c9bCbF9o9yi4waQPZtRk4k7Yzs=,niq1zZywDaCLL9Vm/WrR7xPsCHc=
12,-101,+c9bCbF9o9yi4waQPZtRk4k7Yzs=,niq1zZywDaCLL9Vm/WrR7xPsCHc=
13,-98,+c9bCbF9o9yi4waQPZtRk4k7Yzs=,niq1zZywDaCLL9Vm/WrR7xPsCHc=
2,-104,+c9bCbF9o9yi4waQPZtRk4k7Yzs=,niq1zZywDaCLL9Vm/WrR7xPsCHc=
12,-100,+c9bCbF9o9yi4waQPZtRk4k7Yzs=,niq1zZywDaCLL9Vm/WrR7xPsCHc=
11,-100,+c9bCbF9o9yi4waQPZtRk4k7Yzs=,niq1zZywDaCLL9Vm/WrR7xPsCHc=
11,-99,+c9bCbF9o9yi4waQPZtRk4k7Yzs=,niq1zZywDaCLL9Vm/WrR7xPsCHc=
12,-99,+c9bCbF9o9yi4waQPZtRk4k7Yzs=,niq1zZywDaCLL9Vm/WrR7xPsCHc=
11,-98,+c9bCbF9o9yi4waQPZtRk4k7Yzs=,niq1zZywDaCLL9Vm/WrR7xPsCHc=
13,-99,+c9bCbF9o9yi4waQPZtRk4k7Yzs=,niq1zZywDaCLL9Vm/WrR7xPsCHc=
12,-98,+c9bCbF9o9yi4waQPZtRk4k7Yzs=,niq1zZywDaCLL9Vm/WrR7xPsCHc=
